timestamp,Active_Power,Global_Horizontal_Radiation,Diffuse_Horizontal_Radiation
2018/2/1 0:00,0,3.790204922,2.291295449
2018/2/1 0:15,0,2.537441174,1.068191528
2018/2/1 0:30,0,1.855532368,0.547764937
2018/2/1 0:45,0,1.963547707,0.600701034
2018/2/1 1:00,0,2.0354019,0.606559555
2018/2/1 1:15,0,2.115517537,0.643084665
2018/2/1 1:30,0,2.137030681,0.674917459
2018/2/1 1:45,0,2.202921311,0.766579787
2018/2/1 2:00,0,2.007014076,0.582737048
2018/2/1 2:15,0,3.379578908,1.950563192
2018/2/1 2:30,0,3.22735707,1.696236809
2018/2/1 2:45,0,3.875400146,2.295919895
2018/2/1 3:00,0,3.46626393,1.989640474
2018/2/1 3:15,0,2.541941881,1.040980041
2018/2/1 3:30,0,2.175471783,0.738245587
2018/2/1 3:45,0,2.096419294,0.61694928
2018/2/1 4:00,0,2.108497143,0.643211464
2018/2/1 4:15,0,2.129247546,0.646466851
2018/2/1 4:30,0,1.923268596,0.553303321
2018/2/1 4:45,0,1.987653176,0.582298418
2018/2/1 5:00,0,2.955516736,1.456019183
2018/2/1 5:15,0,3.975693782,2.390161117
2018/2/1 5:30,0,3.207643827,1.651961307
2018/2/1 5:45,0,2.480112632,0.913771292
2018/2/1 6:00,0,3.21158878,1.666730126
2018/2/1 6:15,0.000744444,6.183925629,4.549130201
2018/2/1 6:30,0.04944444,19.20011743,16.45613543
2018/2/1 6:45,0.143744454,41.82987722,36.04047902
2018/2/1 7:00,0.230022242,55.62610499,40.51940028
2018/2/1 7:15,0.50708888,89.22885895,56.69366455
2018/2/1 7:30,0.779366573,192.667867,61.51650111
2018/2/1 7:45,1.091388841,268.1966095,64.57184219
2018/2/1 8:00,1.449188908,335.277242,70.61768087
2018/2/1 8:15,1.797877828,395.6314189,78.42347463
2018/2/1 8:30,2.164410988,460.2569885,82.72400665
2018/2/1 8:45,2.500344595,520.2598572,91.49683889
2018/2/1 9:00,2.816922108,581.559082,94.97120921
2018/2/1 9:15,3.098100027,636.3438517,100.2081172
2018/2/1 9:30,3.375211,696.2752889,107.5279973
2018/2/1 9:45,3.551455577,753.5354207,283.1859741
2018/2/1 10:00,3.677822193,739.3516846,169.9860535
2018/2/1 10:15,3.99552242,846.3881226,128.5097783
2018/2/1 10:30,4.187633196,900.2397054,136.0452983
2018/2/1 10:45,4.338311195,942.9562785,137.6969604
2018/2/1 11:00,4.422233423,980.0016072,133.815923
2018/2/1 11:15,4.510778268,1015.954488,135.7355906
2018/2/1 11:30,4.577621937,1047.834188,149.6442515
2018/2/1 11:45,4.621888797,1060.93986,162.506251
2018/2/1 12:00,4.679977894,1083.30839,176.5942892
2018/2/1 12:15,4.924088637,1125.471964,197.1716716
2018/2/1 12:30,3.913822174,908.4225057,359.7437744
2018/2/1 12:45,3.479555607,802.0520832,338.6914063
2018/2/1 13:00,3.578822374,763.774414,348.3129476
2018/2/1 13:15,4.982889175,1213.12207,291.3618978
2018/2/1 13:30,4.787600199,1155.772705,282.2076569
2018/2/1 13:45,4.699955145,1134.972087,234.1480001
2018/2/1 14:00,4.856244723,1119.600993,229.4293213
2018/2/1 14:15,2.547222296,540.3157857,369.9710694
2018/2/1 14:30,2.66182212,643.7800903,388.1442566
2018/2/1 14:45,1.325488806,267.8341624,247.556254
2018/2/1 15:00,1.858777841,324.6754964,282.4448547
2018/2/1 15:15,1.419866761,286.9836629,251.4542593
2018/2/1 15:30,2.320600033,408.6672719,324.8525798
2018/2/1 15:45,2.320688923,478.5529785,357.1903992
2018/2/1 16:00,2.528066794,522.4294535,322.17394
2018/2/1 16:15,2.690933386,598.2552897,301.2615967
2018/2/1 16:30,2.224866708,518.6853129,291.9819641
2018/2/1 16:45,2.187933246,469.9355367,229.3451233
2018/2/1 17:00,0.88277775,186.191213,162.1215871
2018/2/1 17:15,0.658755581,132.6814779,120.8828176
2018/2/1 17:30,0.63755554,128.5833486,114.0547435
2018/2/1 17:45,0.81979996,173.6608124,163.2384389
2018/2/1 18:00,0.555822233,129.2515996,114.8156281
2018/2/1 18:15,0.43455555,100.8867722,95.60023752
2018/2/1 18:30,0.199355558,51.91370646,48.61801656
2018/2/1 18:45,0.096422229,27.98383077,25.93664169
2018/2/1 19:00,0.015444442,10.14172204,8.605828603
2018/2/1 19:15,-0.000444444,4.014832894,2.601034681
2018/2/1 19:30,0,3.941656272,2.520890911
2018/2/1 19:45,0,5.226081053,3.594617446
2018/2/1 20:00,0,3.987361749,2.598610639
2018/2/1 20:15,0,2.240800103,0.899260064
2018/2/1 20:30,0,2.430035392,1.014163116
2018/2/1 20:45,0,9.897132397,8.178816794
2018/2/1 21:00,0,2.78266708,1.311622778
2018/2/1 21:15,0,2.138529698,0.749516606
2018/2/1 21:30,0,2.801509778,1.395229697
2018/2/1 21:45,0,2.161631902,0.694974602
2018/2/1 22:00,0,1.80972,0.544219852
2018/2/1 22:15,0,1.694381753,0.54588596
2018/2/1 22:30,0,1.595767021,0.547654768
2018/2/1 22:45,0,1.89989539,0.606458267
2018/2/1 23:00,0,2.617667198,1.114620944
2018/2/1 23:15,0,2.62019976,1.201558689
2018/2/1 23:30,0,2.87557888,1.413386067
2018/2/1 23:45,0,2.809362094,1.351894657
2018/2/2 0:00,0,2.311860164,0.79844741
2018/2/2 0:15,0,2.026555697,0.615531723
2018/2/2 0:30,0,1.684928417,0.555535754
2018/2/2 0:45,0,1.46661822,0.560573478
2018/2/2 1:00,0,6.513133049,4.913840851
2018/2/2 1:15,0,3.863229275,2.31192259
2018/2/2 1:30,0,2.484901667,0.935085177
2018/2/2 1:45,0,2.100302696,0.626016954
2018/2/2 2:00,0,1.991985162,0.589029968
2018/2/2 2:15,0,2.225996891,0.704659263
2018/2/2 2:30,0,2.112014771,0.669482668
2018/2/2 2:45,0,2.270134171,0.79424272
2018/2/2 3:00,0,2.494447947,1.015955031
2018/2/2 3:15,0,2.41481479,0.933036546
2018/2/2 3:30,0,2.015322725,0.598611375
2018/2/2 3:45,0,3.06680425,1.557519754
2018/2/2 4:00,0,2.923090537,1.420956294
2018/2/2 4:15,0,2.192125956,0.706127286
2018/2/2 4:30,0,2.053651571,0.626862407
2018/2/2 4:45,0,2.966020028,1.524131537
2018/2/2 5:00,0,2.528293133,1.001452128
2018/2/2 5:15,0,2.257284244,0.777490834
2018/2/2 5:30,0,2.125756184,0.621122599
2018/2/2 5:45,0,2.60755523,1.056655447
2018/2/2 6:00,0,3.201225678,1.705109119
2018/2/2 6:15,0,7.851641815,5.944465478
2018/2/2 6:30,0.068444441,23.32278124,20.77150663
2018/2/2 6:45,0.163288894,44.05751038,40.04663976
2018/2/2 7:00,0.299844474,64.63642756,58.49811172
2018/2/2 7:15,0.383088867,82.07892355,75.43325043
2018/2/2 7:30,0.414266616,87.20336151,76.15075175
2018/2/2 7:45,0.572222193,128.6459045,81.73104858
2018/2/2 8:00,0.766555528,150.5988922,67.04289881
2018/2/2 8:15,1.9002889,420.9602051,56.88359833
2018/2/2 8:30,2.203711112,477.7303975,53.82967631
2018/2/2 8:45,2.513133367,531.6571655,55.16504797
2018/2/2 9:00,2.819000006,585.6448975,56.68605423
2018/2/2 9:15,3.112977743,645.4612223,64.04280853
2018/2/2 9:30,3.37148873,701.2365112,69.01079305
2018/2/2 9:45,3.614488999,756.1960449,74.933815
2018/2/2 10:00,3.819911003,807.4225261,81.83930206
2018/2/2 10:15,4.016911109,856.5903931,91.43093618
2018/2/2 10:30,4.187089126,904.5624797,97.22898356
2018/2/2 10:45,4.321466764,944.5533244,99.7194392
2018/2/2 11:00,4.432377816,982.8868205,105.4726079
2018/2/2 11:15,4.538555781,1014.318624,107.0474243
2018/2/2 11:30,4.595377922,1041.933797,110.297582
2018/2/2 11:45,4.652622223,1060.993001,113.5826518
2018/2/2 12:00,4.732710997,1072.809855,106.7128372
2018/2/2 12:15,4.717755158,1078.663167,97.67207336
2018/2/2 12:30,4.754000028,1089.970907,97.75581361
2018/2/2 12:45,4.743488789,1086.059041,92.5886027
2018/2/2 13:00,4.7249554,1089.598226,92.90670522
2018/2/2 13:15,4.747933547,1089.733887,107.3461507
2018/2/2 13:30,4.95755593,1111.738607,138.9469731
2018/2/2 13:45,4.474044243,1123.540731,173.9684601
2018/2/2 14:00,4.734422366,1095.533895,162.7536977
2018/2/2 14:15,4.80280002,1052.07664,181.1744995
2018/2/2 14:30,2.874266863,736.4944254,315.0065714
2018/2/2 14:45,2.985266526,545.7402039,267.9463704
2018/2/2 15:00,4.117755572,747.9155273,266.0264893
2018/2/2 15:15,3.932666779,849.8688152,226.5824534
2018/2/2 15:30,1.721955657,444.9671173,261.3558095
2018/2/2 15:45,2.233155648,388.0039164,182.2456564
2018/2/2 16:00,3.930955649,791.8131714,233.2098338
2018/2/2 16:15,1.6901112,406.8732605,219.7636922
2018/2/2 16:30,1.94762218,396.0632324,141.4145864
2018/2/2 16:45,1.846511125,323.6071167,120.8076884
2018/2/2 17:00,1.509288828,331.2074483,101.4794184
2018/2/2 17:15,1.618911107,315.7121684,134.4157003
2018/2/2 17:30,1.954444488,419.4934794,183.3642782
2018/2/2 17:45,0.860955536,224.4380697,148.9987208
2018/2/2 18:00,0.230266661,69.80595906,65.49815496
2018/2/2 18:15,0.105022205,36.61541112,34.74807739
2018/2/2 18:30,0.012422219,14.48845768,12.76347605
2018/2/2 18:45,0,25.85930125,23.62423515
2018/2/2 19:00,0,12.16726557,10.40402778
2018/2/2 19:15,0,3.571724097,2.060240149
2018/2/2 19:30,0,2.353599151,0.912808299
2018/2/2 19:45,0,2.083975792,0.663178722
2018/2/2 20:00,0,2.088897268,0.699407359
2018/2/2 20:15,0,1.78098468,0.558030645
2018/2/2 20:30,0,1.783499678,0.621157825
2018/2/2 20:45,0,2.099970818,0.70539401
2018/2/2 21:00,0,2.452850659,0.987600307
2018/2/2 21:15,0,2.405849775,0.936365445
2018/2/2 21:30,0,2.062942505,0.737189611
2018/2/2 21:45,0,2.441586256,1.055780232
2018/2/2 22:00,0,2.343571663,0.879623353
2018/2/2 22:15,0,2.103484829,0.690597673
2018/2/2 22:30,0,2.253237804,0.766663671
2018/2/2 22:45,0,2.517752409,1.048594833
2018/2/2 23:00,0,2.389659087,0.877710998
2018/2/2 23:15,0,2.703564962,1.193425059
2018/2/2 23:30,0,2.341301997,0.831848125
2018/2/2 23:45,0,2.183907271,0.768545429
2018/2/3 0:00,0,2.576877435,1.095387618
2018/2/3 0:15,0,2.255050977,0.843029777
2018/2/3 0:30,0,2.581745624,1.086653948
2018/2/3 0:45,0,2.799066385,1.319969654
2018/2/3 1:00,0,2.528444528,1.009166738
2018/2/3 1:15,0,2.34776775,0.862823665
2018/2/3 1:30,0,2.266459385,0.782557507
2018/2/3 1:45,0,2.187122424,0.737877548
2018/2/3 2:00,0,2.284724235,0.843184114
2018/2/3 2:15,0,2.318782488,0.842850387
2018/2/3 2:30,0,2.144222657,0.694588423
2018/2/3 2:45,0,2.56825304,1.053707321
2018/2/3 3:00,0,2.489386797,1.002172132
2018/2/3 3:15,0,2.408707857,0.899038017
2018/2/3 3:30,0,2.095417738,0.660390377
2018/2/3 3:45,0,2.263196309,0.794070045
2018/2/3 4:00,0,2.619864623,1.143488526
2018/2/3 4:15,0,3.011551857,1.476666649
2018/2/3 4:30,0,3.192168633,1.732082069
2018/2/3 4:45,0,3.038934787,1.464135349
2018/2/3 5:00,0,2.099052072,0.648841461
2018/2/3 5:15,0,2.348779917,0.813461701
2018/2/3 5:30,0,2.480262756,0.996185819
2018/2/3 5:45,0,2.678774675,1.160790761
2018/2/3 6:00,0,2.301523209,0.841251532
2018/2/3 6:15,0,5.433466275,3.784010728
2018/2/3 6:30,0.061288884,23.87804095,19.51430607
2018/2/3 6:45,0.136644468,38.55657069,30.23536746
2018/2/3 7:00,0.23611113,51.33160019,40.43997447
2018/2/3 7:15,0.456733346,56.85262553,46.47543589
2018/2/3 7:30,0.935688913,198.0020955,71.12233861
2018/2/3 7:45,1.140511076,262.6077728,150.1741384
2018/2/3 8:00,0.879777729,180.7580566,168.6233266
2018/2/3 8:15,0.744799872,159.2772369,148.9513652
2018/2/3 8:30,0.944777787,188.8214925,161.6851857
2018/2/3 8:45,1.55664432,312.6183268,248.6211395
2018/2/3 9:00,2.007377704,405.3362122,286.9675089
2018/2/3 9:15,3.159177701,631.5934245,191.4665375
2018/2/3 9:30,3.638155619,804.041158,190.6223195
2018/2/3 9:45,3.157866558,665.516449,189.8712921
2018/2/3 10:00,3.872311354,816.2026571,170.9113821
2018/2/3 10:15,3.722666899,741.1727499,123.879893
2018/2/3 10:30,4.320222219,914.7809855,116.2477646
2018/2/3 10:45,4.448466778,965.4144083,126.4716034
2018/2/3 11:00,4.395888964,974.8850098,153.8011271
2018/2/3 11:15,4.034644604,802.6407064,201.6856283
2018/2/3 11:30,4.857422511,1070.187663,138.5376155
2018/2/3 11:45,4.575510979,1021.943563,219.2903036
2018/2/3 12:00,2.709533374,541.6916707,332.1106161
2018/2/3 12:15,4.953066508,989.8000082,275.0533244
2018/2/3 12:30,4.505089124,964.6697998,294.5983785
2018/2/3 12:45,3.353666544,700.9147949,339.5433756
2018/2/3 13:00,4.375755628,900.0538127,220.3806203
2018/2/3 13:15,4.894244512,1073.400635,116.0346171
2018/2/3 13:30,4.822933197,1077.521403,113.7298483
2018/2/3 13:45,4.745310942,1064.512166,124.7173131
2018/2/3 14:00,4.773555597,1068.506551,146.7106882
2018/2/3 14:15,4.779288769,1074.956868,185.171346
2018/2/3 14:30,4.515799999,1005.824727,177.4563344
2018/2/3 14:45,4.303355535,959.2888794,122.748848
2018/2/3 15:00,4.177110831,916.975769,120.2551193
2018/2/3 15:15,3.594244639,814.3222453,147.7031148
2018/2/3 15:30,3.608377933,784.6259969,128.2162984
2018/2/3 15:45,3.093422175,612.148173,172.8151754
2018/2/3 16:00,2.952822367,595.0889689,210.8810425
2018/2/3 16:15,2.918266773,622.3608704,214.9599254
2018/2/3 16:30,2.94599994,602.9125977,156.5276082
2018/2/3 16:45,2.54204456,596.3762207,152.8535817
2018/2/3 17:00,1.216244499,271.5914815,174.9631551
2018/2/3 17:15,1.659600039,385.9457754,143.5511373
2018/2/3 17:30,1.607844512,369.2353618,84.12560527
2018/2/3 17:45,1.201955517,305.3462626,68.92642466
2018/2/3 18:00,0.834822238,238.8117218,56.94474793
2018/2/3 18:15,0.505600006,180.7328084,50.02427292
2018/2/3 18:30,0.259644454,121.9233042,42.96504847
2018/2/3 18:45,0.11671111,41.33640162,34.74059677
2018/2/3 19:00,0.056977774,24.04089101,21.29864756
2018/2/3 19:15,0.005511111,11.47517268,9.984788577
2018/2/3 19:30,0,4.399907192,2.979097366
2018/2/3 19:45,0,2.752502759,1.420332432
2018/2/3 20:00,0,2.298874457,0.97079738
2018/2/3 20:15,0,2.536005338,1.119172871
2018/2/3 20:30,0,2.397910833,1.028130432
2018/2/3 20:45,0,2.38996625,1.058118502
2018/2/3 21:00,0,2.476297935,1.098352194
2018/2/3 21:15,0,2.749597072,1.4751815
2018/2/3 21:30,0,2.630248388,1.232918024
2018/2/3 21:45,0,2.725874662,1.351742943
2018/2/3 22:00,0,1.940056642,0.663132827
2018/2/3 22:15,0,2.040287335,0.732851823
2018/2/3 22:30,0,2.667949518,1.281083862
2018/2/3 22:45,0,2.504317443,1.155774017
2018/2/3 23:00,0,1.594645977,0.662556847
2018/2/3 23:15,0,1.569194953,0.62818718
2018/2/3 23:30,0,1.860726555,0.666949908
2018/2/3 23:45,0,2.860484123,1.558338285
2018/2/4 0:00,0,2.318365892,0.950090547
2018/2/4 0:15,0,2.665196578,1.291656613
2018/2/4 0:30,0,2.351862987,0.962641418
2018/2/4 0:45,0,2.57688268,1.204119921
2018/2/4 1:00,0,2.442056735,1.046843727
2018/2/4 1:15,0,2.416530291,1.0577811
2018/2/4 1:30,0,2.858122985,1.500209768
2018/2/4 1:45,0,2.571226676,1.163984418
2018/2/4 2:00,0,2.854396264,1.494100293
2018/2/4 2:15,0,2.955314398,1.566874941
2018/2/4 2:30,0,3.149155935,1.725267887
2018/2/4 2:45,0,2.473095894,1.051561793
2018/2/4 3:00,0,2.415303151,1.025509457
2018/2/4 3:15,0,2.559010903,1.114586671
2018/2/4 3:30,0,2.928323825,1.494691809
2018/2/4 3:45,0,3.70822072,2.256628513
2018/2/4 4:00,0,3.570262035,2.074894587
2018/2/4 4:15,0,3.685867866,2.148336649
2018/2/4 4:30,0,3.331597408,1.861286719
2018/2/4 4:45,0,2.762889385,1.310650667
2018/2/4 5:00,0,2.821006219,1.323246519
2018/2/4 5:15,0,2.956063747,1.498226365
2018/2/4 5:30,0,2.907687743,1.429630836
2018/2/4 5:45,0,3.026303927,1.541576266
2018/2/4 6:00,0,2.96294117,1.431915323
2018/2/4 6:15,0.001066667,6.491558393,4.901231051
2018/2/4 6:30,0.040866659,15.30886205,12.03009129
2018/2/4 6:45,0.080155552,24.56658999,17.15523307
2018/2/4 7:00,0.155555566,43.9032491,20.19150225
2018/2/4 7:15,0.384377758,38.14596049,25.26956494
2018/2/4 7:30,0.747822205,157.5123177,24.47574361
2018/2/4 7:45,1.112999916,287.6321615,33.16584968
2018/2/4 8:00,1.492977778,360.5364583,42.78576788
2018/2/4 8:15,1.877800027,426.0848389,48.388134
2018/2/4 8:30,2.23471125,483.5013326,51.09478887
2018/2/4 8:45,2.575755437,541.8135579,54.40782547
2018/2/4 9:00,2.900866667,599.7827962,59.39889653
2018/2/4 9:15,3.195199887,654.8362834,63.31456502
2018/2/4 9:30,3.451133251,709.2297363,68.52824911
2018/2/4 9:45,3.686711073,760.2589518,74.70602417
2018/2/4 10:00,3.90071098,811.198405,82.69485728
2018/2/4 10:15,4.112844308,862.7108154,87.38036092
2018/2/4 10:30,4.289999962,907.8664144,83.12305705
2018/2/4 10:45,4.446733316,951.8259888,90.42497762
2018/2/4 11:00,4.58082215,981.5900676,91.62904104
2018/2/4 11:15,4.725088755,1024.742554,97.86829122
2018/2/4 11:30,4.761200269,1052.086548,115.4048589
2018/2/4 11:45,4.962222258,1117.217367,143.7178904
2018/2/4 12:00,4.930044333,1091.640849,174.5654145
2018/2/4 12:15,4.894289017,1062.956889,166.8365529
2018/2/4 12:30,4.977600098,1109.342326,90.51676178
2018/2/4 12:45,5.008000056,1104.070801,81.97475179
2018/2/4 13:00,4.967044671,1106.008097,78.27447764
2018/2/4 13:15,4.944933732,1100.551758,74.62811025
2018/2/4 13:30,4.904088656,1093.231689,75.95495351
2018/2/4 13:45,4.864599705,1080.070272,75.13227844
2018/2/4 14:00,4.793089072,1061.992635,79.01654053
2018/2/4 14:15,4.711266676,1039.887248,85.19041443
2018/2/4 14:30,4.605266889,1022.710347,96.91721342
2018/2/4 14:45,4.472288926,997.5376383,102.2574692
2018/2/4 15:00,4.354133129,969.7552287,104.1393662
2018/2/4 15:15,4.226200104,934.977417,104.3002701
2018/2/4 15:30,3.969288906,865.170044,76.94089254
2018/2/4 15:45,3.762244463,814.1714885,68.52497355
2018/2/4 16:00,3.541155577,750.2791748,65.62910207
2018/2/4 16:15,3.296377818,692.8315633,62.29665629
2018/2/4 16:30,3.010333379,638.553304,59.46995926
2018/2/4 16:45,2.698066791,585.6315715,58.3824908
2018/2/4 17:00,2.367266655,522.4649964,55.51809692
2018/2/4 17:15,2.01708893,462.5690308,55.87514623
2018/2/4 17:30,1.645311117,400.0036519,51.75813929
2018/2/4 17:45,1.262955507,336.3823344,48.72053146
2018/2/4 18:00,0.880377809,268.8521271,44.8516655
2018/2/4 18:15,0.53126665,204.0766957,40.93091583
2018/2/4 18:30,0.261244446,135.064532,37.58003743
2018/2/4 18:45,0.101622219,35.98769188,30.52726237
2018/2/4 19:00,0.049888883,21.10811742,18.50899092
2018/2/4 19:15,0.009022221,11.22060585,9.689355055
2018/2/4 19:30,-0.000111111,5.011695862,3.611174822
2018/2/4 19:45,0,3.265182654,1.849706769
2018/2/4 20:00,0,2.663452625,1.29759717
2018/2/4 20:15,0,3.263515313,1.804199855
2018/2/4 20:30,0,3.255919536,1.836546978
2018/2/4 20:45,0,2.375308911,0.966391385
2018/2/4 21:00,0,2.621945222,1.242143353
2018/2/4 21:15,0,3.011551539,1.590175947
2018/2/4 21:30,0,3.015441736,1.65749236
2018/2/4 21:45,0,3.133948723,1.690356692
2018/2/4 22:00,0,3.105931044,1.699465394
2018/2/4 22:15,0,3.5540634,2.162015716
2018/2/4 22:30,0,4.163449128,2.726659139
2018/2/4 22:45,0,2.114950935,0.986964007
2018/2/4 23:00,0,1.309474667,0.570560038
2018/2/4 23:15,0,2.198121707,0.937004368
2018/2/4 23:30,0,5.42928044,3.799031893
2018/2/4 23:45,0,4.669840813,3.078857501
2018/2/5 0:00,0,3.920883655,2.361841202
2018/2/5 0:15,0,2.748599927,1.243962566
2018/2/5 0:30,0,2.598462979,1.110563079
2018/2/5 0:45,0,2.891449769,1.445360223
2018/2/5 1:00,0,2.897984823,1.396014373
2018/2/5 1:15,0,2.401248614,0.915637573
2018/2/5 1:30,0,2.922270616,1.453023354
2018/2/5 1:45,0,3.082221031,1.535160939
2018/2/5 2:00,0,3.115065654,1.584263921
2018/2/5 2:15,0,2.714918216,1.155338566
2018/2/5 2:30,0,3.013368448,1.498500387
2018/2/5 2:45,0,2.520337661,0.996129076
2018/2/5 3:00,0,1.935544729,0.534308453
2018/2/5 3:15,0,2.705302795,1.19648246
2018/2/5 3:30,0,2.904858748,1.38950777
2018/2/5 3:45,0,2.632144292,1.132530868
2018/2/5 4:00,0,2.308642546,0.82909747
2018/2/5 4:15,0,2.649173975,1.114851574
2018/2/5 4:30,0,2.744631608,1.261155168
2018/2/5 4:45,0,2.197869937,0.734983355
2018/2/5 5:00,0,2.859556516,1.304218014
2018/2/5 5:15,0,2.805843433,1.241130789
2018/2/5 5:30,0,2.421656688,0.912712296
2018/2/5 5:45,0,2.639291366,1.128091613
2018/2/5 6:00,0,3.243895531,1.638576428
2018/2/5 6:15,0.000466667,7.472790876,5.798703194
2018/2/5 6:30,0.044377771,18.69384193,14.67978318
2018/2/5 6:45,0.090022216,32.18711472,20.60060692
2018/2/5 7:00,0.171111122,62.85234579,22.85029348
2018/2/5 7:15,0.412800024,51.46709442,27.45185407
2018/2/5 7:30,0.797044416,173.5388908,25.95411682
2018/2/5 7:45,1.177733342,308.6049296,31.32766787
2018/2/5 8:00,1.56946667,385.8700053,39.01812108
2018/2/5 8:15,1.951555491,455.2188619,44.07592265
2018/2/5 8:30,2.311422348,520.2347921,51.19507345
2018/2/5 8:45,2.669866482,585.6690877,55.33595021
2018/2/5 9:00,2.997199853,646.5017904,58.13274129
2018/2/5 9:15,3.307222128,706.3733724,60.55247752
2018/2/5 9:30,3.589755535,764.8245239,63.52941768
2018/2/5 9:45,3.827866793,817.2332967,67.72314707
2018/2/5 10:00,4.04631114,868.565389,75.76455434
2018/2/5 10:15,4.257422129,918.7093302,79.84347534
2018/2/5 10:30,4.424577872,961.0315755,82.02444967
2018/2/5 10:45,4.53931125,1000.383565,86.71318054
2018/2/5 11:00,4.698177655,1040.444987,94.2664388
2018/2/5 11:15,4.792355696,1078.047078,95.81750997
2018/2/5 11:30,4.87028869,1106.584635,96.540418
2018/2/5 11:45,4.918533484,1123.749553,95.98634593
2018/2/5 12:00,5.019044558,1135.291626,93.46088155
2018/2/5 12:15,5.061577638,1143.226481,90.38382975
2018/2/5 12:30,5.100889047,1150.659668,94.90272521
2018/2/5 12:45,5.096310933,1153.219482,91.07238263
2018/2/5 13:00,5.079955419,1141.476888,83.13694254
2018/2/5 13:15,5.085910956,1152.454224,98.97999826
2018/2/5 13:30,5.024666468,1135.794881,98.49112701
2018/2/5 13:45,4.899910927,1100.750244,79.368131
2018/2/5 14:00,4.820621967,1080.989868,84.69847362
2018/2/5 14:15,4.724022071,1056.40332,95.72801462
2018/2/5 14:30,4.481444518,999.9258221,102.9152603
2018/2/5 14:45,4.522355557,998.9997763,97.82375081
2018/2/5 15:00,4.342267195,954.7887777,93.41664632
2018/2/5 15:15,4.122022152,907.2347819,87.8312912
2018/2/5 15:30,3.943622112,858.0703939,83.29792532
2018/2/5 15:45,3.759844303,809.7595825,78.64846547
2018/2/5 16:00,3.496111234,736.6625366,71.62395477
2018/2/5 16:15,3.243644556,674.860555,70.36584218
2018/2/5 16:30,2.958199899,616.7357381,64.34207535
2018/2/5 16:45,2.637444337,562.407959,59.4472669
2018/2/5 17:00,2.30451115,504.1386007,61.28345489
2018/2/5 17:15,1.954155644,442.2998149,59.29343669
2018/2/5 17:30,1.596511165,382.9317017,57.09090678
2018/2/5 17:45,1.248866677,320.2814331,53.43065135
2018/2/5 18:00,0.863022268,255.657369,49.11315537
2018/2/5 18:15,0.531822214,197.8044739,49.99043274
2018/2/5 18:30,0.254333332,121.5054881,39.54888662
2018/2/5 18:45,0.10302222,36.2550513,30.69321951
2018/2/5 19:00,0.050155545,22.23760732,18.87210496
2018/2/5 19:15,0.007111111,10.87530581,9.361081919
2018/2/5 19:30,-0.0004,4.427921931,3.023205678
2018/2/5 19:45,0,2.67619737,1.283615907
2018/2/5 20:00,0,2.200885574,0.865214487
2018/2/5 20:15,0,3.289800962,1.91260763
2018/2/5 20:30,0,2.972627322,1.608240485
2018/2/5 20:45,0,2.848448753,1.419974685
2018/2/5 21:00,0,2.553078095,1.124994993
2018/2/5 21:15,0,2.455878893,1.108403286
2018/2/5 21:30,0,2.31664141,0.857893348
2018/2/5 21:45,0,2.163907528,0.795146982
2018/2/5 22:00,0,2.968398015,1.526150465
2018/2/5 22:15,0,4.1801548,2.728079716
2018/2/5 22:30,0,4.09369278,2.672844251
2018/2/5 22:45,0,3.733797391,2.241731961
2018/2/5 23:00,0,3.205135027,1.756159425
2018/2/5 23:15,0,2.76085345,1.337858181
2018/2/5 23:30,0,1.898480416,0.706749916
2018/2/5 23:45,0,2.24314038,0.838183065
2018/2/6 0:00,0,1.604413589,0.548645357
2018/2/6 0:15,0,1.806094726,0.562544167
2018/2/6 0:30,0,1.592063467,0.565817734
2018/2/6 0:45,0,1.810421864,0.576949835
2018/2/6 1:00,0,1.823486209,0.580871264
2018/2/6 1:15,0,1.999335567,0.643796086
2018/2/6 1:30,0,2.387987296,0.94579041
2018/2/6 1:45,0,2.659303268,1.231585224
2018/2/6 2:00,0,2.504233758,1.094064116
2018/2/6 2:15,0,2.34441185,0.858792762
2018/2/6 2:30,0,2.139151812,0.732984761
2018/2/6 2:45,0,2.132488012,0.697450042
2018/2/6 3:00,0,1.950374285,0.598282019
2018/2/6 3:15,0,2.099166234,0.642135918
2018/2/6 3:30,0,2.078825354,0.746698996
2018/2/6 3:45,0,1.873741309,0.573743204
2018/2/6 4:00,0,2.08781,0.676599483
2018/2/6 4:15,0,2.125136534,0.718860289
2018/2/6 4:30,0,2.376423319,0.984028756
2018/2/6 4:45,0,2.924379984,1.529429277
2018/2/6 5:00,0,2.421061913,0.998738647
2018/2/6 5:15,0,2.081419905,0.733440975
2018/2/6 5:30,0,3.46228989,1.990429481
2018/2/6 5:45,0,3.49388957,2.02392892
2018/2/6 6:00,0,3.651044607,2.182275454
2018/2/6 6:15,0,6.688561281,5.15115118
2018/2/6 6:30,0.056888883,20.95014699,18.35520458
2018/2/6 6:45,0.146688918,51.50491841,35.95046425
2018/2/6 7:00,0.160644467,54.20062637,33.52602323
2018/2/6 7:15,0.302711119,47.05738512,30.57633463
2018/2/6 7:30,0.830733339,196.6856791,40.78489303
2018/2/6 7:45,1.18960007,309.2140503,37.76699066
2018/2/6 8:00,1.525844494,376.8947449,36.55305227
2018/2/6 8:15,1.905866623,446.1605733,42.57293193
2018/2/6 8:30,2.263933341,509.1283671,47.23319499
2018/2/6 8:45,2.599133333,568.0446574,49.42526627
2018/2/6 9:00,2.920999845,630.5126343,54.97175725
2018/2/6 9:15,3.219622056,688.0859782,57.08978144
2018/2/6 9:30,3.485533158,744.8821411,59.51145554
2018/2/6 9:45,3.723955711,798.3729655,64.26903661
2018/2/6 10:00,3.923288981,849.979187,68.02396901
2018/2/6 10:15,4.128933271,902.8114014,75.11348978
2018/2/6 10:30,4.302155654,946.238383,78.30849966
2018/2/6 10:45,4.463311036,989.7790933,83.54381053
2018/2/6 11:00,4.413333416,976.5244142,90.69075775
2018/2/6 11:15,4.713733514,1071.406372,95.16393789
2018/2/6 11:30,4.772311051,1095.683879,91.34694163
2018/2/6 11:45,4.836933295,1118.174967,92.62543233
2018/2/6 12:00,4.897399902,1132.081828,90.44793956
2018/2/6 12:15,4.928933302,1144.926717,88.69787597
2018/2/6 12:30,4.932599544,1149.389079,84.32626597
2018/2/6 12:45,4.98011144,1151.758911,83.03062694
2018/2/6 13:00,4.992333094,1145.459147,75.64932759
2018/2/6 13:15,4.97480011,1141.983236,79.20148468
2018/2/6 13:30,4.882844289,1123.693644,75.47397614
2018/2/6 13:45,4.856577714,1109.065186,78.36130778
2018/2/6 14:00,4.766622066,1084.571818,77.483078
2018/2/6 14:15,4.666377862,1061.337687,86.09043121
2018/2/6 14:30,4.551333428,1035.035685,92.27070363
2018/2/6 14:45,4.424911022,1008.178691,90.72407786
2018/2/6 15:00,4.249977588,960.7854004,84.90376027
2018/2/6 15:15,4.139689128,920.9276937,88.88707988
2018/2/6 15:30,3.944133361,869.276123,78.96653493
2018/2/6 15:45,3.720622301,813.7722778,69.13852183
2018/2/6 16:00,3.478822152,748.5610352,65.39767583
2018/2/6 16:15,3.205977917,680.9225464,61.60430272
2018/2/6 16:30,2.944177786,626.7791138,61.54744339
2018/2/6 16:45,2.636888822,570.4704794,54.89302444
2018/2/6 17:00,2.310555458,511.9348145,56.45867412
2018/2/6 17:15,1.966511091,448.5929464,51.46469625
2018/2/6 17:30,1.594466607,388.9920553,51.13371659
2018/2/6 17:45,1.216688911,322.4560648,47.81986618
2018/2/6 18:00,0.845955571,255.0224202,41.63238271
2018/2/6 18:15,0.51102219,194.5754496,39.77647018
2018/2/6 18:30,0.248844445,120.2969716,35.53567378
2018/2/6 18:45,0.094955563,33.19659678,28.55774562
2018/2/6 19:00,0.045533324,20.07642364,17.44039218
2018/2/6 19:15,0.006355555,10.771053,9.305738449
2018/2/6 19:30,-6.67E-05,4.586548964,3.209243218
2018/2/6 19:45,0,3.329006116,1.949035883
2018/2/6 20:00,0,3.448928833,2.055673718
2018/2/6 20:15,0,4.736783822,3.281775395
2018/2/6 20:30,0,4.557899475,3.149416129
2018/2/6 20:45,0,4.621527989,3.174192588
2018/2/6 21:00,0,4.410137653,2.940681378
2018/2/6 21:15,0,2.99957633,1.566977938
2018/2/6 21:30,0,2.612787485,1.244740049
2018/2/6 21:45,0,2.9306554,1.436101516
2018/2/6 22:00,0,3.153837124,1.72539862
2018/2/6 22:15,0,2.946369251,1.456694762
2018/2/6 22:30,0,2.862439076,1.400687575
2018/2/6 22:45,0,2.885937373,1.452398936
2018/2/6 23:00,0,2.530919472,1.098522345
2018/2/6 23:15,0,2.934511979,1.401528994
2018/2/6 23:30,0,2.908011993,1.402283231
2018/2/6 23:45,0,3.00528272,1.572605054
2018/2/7 0:00,0,2.257567962,0.807317933
2018/2/7 0:15,0,2.802892764,1.273778915
2018/2/7 0:30,0,2.517985344,0.97685202
2018/2/7 0:45,0,2.271862348,0.760756612
2018/2/7 1:00,0,2.167270382,0.72927314
2018/2/7 1:15,0,2.382211923,0.949212193
2018/2/7 1:30,0,2.675684134,1.204690139
2018/2/7 1:45,0,1.959661762,0.764077902
2018/2/7 2:00,0,2.919039647,1.405649424
2018/2/7 2:15,0,2.762828906,1.235833009
2018/2/7 2:30,0,2.355162303,0.834874968
2018/2/7 2:45,0,2.687859217,1.172185302
2018/2/7 3:00,0,2.609446605,1.128248731
2018/2/7 3:15,0,2.640561581,1.155709426
2018/2/7 3:30,0,2.420287609,0.930267354
2018/2/7 3:45,0,2.355893771,0.87815998
2018/2/7 4:00,0,2.751543442,1.247777621
2018/2/7 4:15,0,2.960547209,1.478963455
2018/2/7 4:30,0,2.077432116,0.662908037
2018/2/7 4:45,0,2.130066315,0.643621186
2018/2/7 5:00,0,3.033093373,1.466844122
2018/2/7 5:15,0,2.841719707,1.350515445
2018/2/7 5:30,0,2.514466286,0.930515508
2018/2/7 5:45,0,2.52952528,1.013392409
2018/2/7 6:00,0,2.832977295,1.285517613
2018/2/7 6:15,0,5.513228099,3.921344201
2018/2/7 6:30,0.030022219,14.58441226,10.12385527
2018/2/7 6:45,0.068711107,30.82433892,14.57918008
2018/2/7 7:00,0.134733327,64.47085953,17.61858368
2018/2/7 7:15,0.374622231,48.13243866,24.02163506
2018/2/7 7:30,0.755866686,181.9242808,21.85861778
2018/2/7 7:45,1.135777752,296.3387858,26.74188614
2018/2/7 8:00,1.516088803,370.8538615,33.57359696
2018/2/7 8:15,1.886977832,441.111674,40.39518229
2018/2/7 8:30,2.245333433,503.1614685,44.79228465
2018/2/7 8:45,2.586666584,564.7195028,49.08161036
2018/2/7 9:00,2.902800004,623.1227417,51.49710083
2018/2/7 9:15,3.189489047,681.1497192,55.40822983
2018/2/7 9:30,3.460311174,739.46639,60.50047938
2018/2/7 9:45,3.699133158,791.1712036,63.56269328
2018/2/7 10:00,3.901466847,844.6435547,70.61389923
2018/2/7 10:15,1.392360667,893.0430298,73.50550079
2018/2/7 10:30,2.824044387,938.2931519,76.57498932
2018/2/7 10:45,4.416821798,984.537557,84.7684377
2018/2/7 11:00,4.53604428,1022.639425,88.77333832
2018/2/7 11:15,4.59280014,1059.874959,88.91306814
2018/2/7 11:30,4.711111228,1094.42867,96.12452189
2018/2/7 11:45,4.768022219,1113.40507,94.83320109
2018/2/7 12:00,4.791111151,1118.354574,90.47194926
2018/2/7 12:15,4.873911381,1131.461995,90.32086945
2018/2/7 12:30,4.88926665,1129.742838,82.16539764
2018/2/7 12:45,4.849866549,1129.574056,79.91856638
2018/2/7 13:00,4.902044296,1136.729614,82.39554087
2018/2/7 13:15,4.894177596,1121.567424,76.04639435
2018/2/7 13:30,4.812244415,1106.39445,76.18641409
2018/2/7 13:45,4.742689133,1090.293701,77.7928594
2018/2/7 14:00,4.679022312,1071.149129,82.50357564
2018/2/7 14:15,4.583999793,1036.565552,78.73707072
2018/2/7 14:30,4.44624424,1018.904908,93.9107717
2018/2/7 14:45,4.295977274,984.3598022,88.13883718
2018/2/7 15:00,4.195089181,948.3152466,92.18489838
2018/2/7 15:15,3.992866198,891.8592123,78.25025177
2018/2/7 15:30,3.807578166,848.0432739,80.3087031
2018/2/7 15:45,3.623911222,798.3017578,74.3972346
2018/2/7 16:00,3.391533375,731.5430298,67.32501475
2018/2/7 16:15,3.121777535,664.3970133,62.69910304
2018/2/7 16:30,2.83526659,606.567749,57.93546549
2018/2/7 16:45,2.56511116,556.6988322,59.48987071
2018/2/7 17:00,2.239133278,493.3290609,54.90248362
2018/2/7 17:15,1.908066789,434.3260193,53.36304092
2018/2/7 17:30,1.550288876,375.4063517,50.50814565
2018/2/7 17:45,1.185444474,310.5197042,45.5237325
2018/2/7 18:00,0.826955537,247.661855,42.00854111
2018/2/7 18:15,0.497999986,186.8880869,38.58905538
2018/2/7 18:30,0.239355574,120.1688792,34.85368983
2018/2/7 18:45,0.093088883,34.02694766,28.69813665
2018/2/7 19:00,0.04328888,20.78930537,17.91575559
2018/2/7 19:15,0.005688889,11.07075787,9.652132987
2018/2/7 19:30,0,4.789106687,3.393258651
2018/2/7 19:45,0,3.496139447,2.138163805
2018/2/7 20:00,0,2.916521549,1.646315297
2018/2/7 20:15,0,3.762193203,2.428376118
2018/2/7 20:30,0,3.391838709,2.031478008
2018/2/7 20:45,0,4.150671323,2.731396437
2018/2/7 21:00,0,4.184765657,2.801075617
2018/2/7 21:15,0,1.784578959,0.719925384
2018/2/7 21:30,0,2.015876691,0.899840335
2018/2/7 21:45,0,3.108542919,1.767290791
2018/2/7 22:00,0,3.340553363,1.923801184
2018/2/7 22:15,0,2.870814005,1.495042841
2018/2/7 22:30,0,2.632366657,1.229328334
2018/2/7 22:45,0,2.449998538,1.004162113
2018/2/7 23:00,0,2.813044071,1.401742339
2018/2/7 23:15,0,2.719042699,1.258186579
2018/2/7 23:30,0,2.416445017,0.971891622
2018/2/7 23:45,0,2.923363289,1.452940543
2018/2/8 0:00,0,2.878161192,1.387395223
2018/2/8 0:15,0,2.200143655,0.841018637
2018/2/8 0:30,0,3.342267036,1.865700046
2018/2/8 0:45,0,1.87488695,0.604307771
2018/2/8 1:00,0,2.51980869,1.105166872
2018/2/8 1:15,0,2.633518299,1.158378581
2018/2/8 1:30,0,1.557133714,0.629588842
2018/2/8 1:45,0,1.259076238,0.574132065
2018/2/8 2:00,0,2.358937224,1.074635526
2018/2/8 2:15,0,3.65605545,2.162215312
2018/2/8 2:30,0,3.118324359,1.62667187
2018/2/8 2:45,0,2.813161532,1.336006761
2018/2/8 3:00,0,2.222214858,0.967987677
2018/2/8 3:15,0,2.608323336,1.158337672
2018/2/8 3:30,0,2.636058569,1.187750737
2018/2/8 3:45,0,2.301107565,0.772126536
2018/2/8 4:00,0,2.204540332,0.822460572
2018/2/8 4:15,0,2.336339633,0.895214697
2018/2/8 4:30,0,2.078008731,0.698745132
2018/2/8 4:45,0,2.029870788,0.65873299
2018/2/8 5:00,0,2.140637716,0.757292231
2018/2/8 5:15,0,2.403274615,0.935112675
2018/2/8 5:30,0,2.896609624,1.405276795
2018/2/8 5:45,0,3.335653941,1.814669927
2018/2/8 6:00,0,2.086327076,0.65510565
2018/2/8 6:15,0,4.834462563,3.250438452
2018/2/8 6:30,0.028288883,12.33332984,8.11567529
2018/2/8 6:45,0.068933327,28.03332647,11.59698614
2018/2/8 7:00,0.131955559,59.39466603,20.99839529
2018/2/8 7:15,0.367422213,38.78092193,25.6315403
2018/2/8 7:30,0.746155481,165.9403712,23.1779213
2018/2/8 7:45,1.119644403,296.2124939,30.44499143
2018/2/8 8:00,1.503466606,371.9561361,38.45449321
2018/2/8 8:15,1.884999991,439.1455485,42.27188492
2018/2/8 8:30,2.25093325,500.873586,46.83657583
2018/2/8 8:45,2.601244449,561.6510417,49.79451879
2018/2/8 9:00,2.91215539,620.1736654,51.46921793
2018/2/8 9:15,3.212400039,682.5399373,57.96338399
2018/2/8 9:30,3.48128891,738.2415771,59.96553294
2018/2/8 9:45,3.703688939,788.8584188,62.27865346
2018/2/8 10:00,3.927466313,846.1485595,71.87663269
2018/2/8 10:15,4.106422742,896.4334106,75.9547526
2018/2/8 10:30,4.272533258,941.9898885,79.42058309
2018/2/8 10:45,4.405955474,980.0599365,80.16504415
2018/2/8 11:00,4.51146698,1024.442464,89.36711883
2018/2/8 11:15,4.630289078,1066.034302,92.41300456
2018/2/8 11:30,4.713466803,1097.346964,94.44886017
2018/2/8 11:45,4.806911151,1118.028483,95.22252909
2018/2/8 12:00,4.87737751,1132.949381,94.74351756
2018/2/8 12:15,4.83064429,1136.534342,84.6167628
2018/2/8 12:30,4.915022214,1146.820475,85.95137787
2018/2/8 12:45,4.884666602,1143.360962,80.14824168
2018/2/8 13:00,4.84442234,1142.548381,80.45336914
2018/2/8 13:15,4.896733443,1141.55424,81.5527064
2018/2/8 13:30,4.831689199,1125.173096,77.04524485
2018/2/8 13:45,4.798955282,1109.590129,82.53794352
2018/2/8 14:00,4.670955817,1079.654744,75.61156972
2018/2/8 14:15,4.648378213,1061.219604,87.75567373
2018/2/8 14:30,4.513799985,1032.753052,89.61605835
2018/2/8 14:45,4.322288831,998.6921792,89.73122914
2018/2/8 15:00,4.209488869,961.2102661,91.68950654
2018/2/8 15:15,4.025488853,909.9653727,82.56594594
2018/2/8 15:30,3.869133473,866.9815877,80.49714406
2018/2/8 15:45,3.680066427,814.9920858,72.65083059
2018/2/8 16:00,3.435400009,752.5831909,67.07462311
2018/2/8 16:15,3.175466617,683.1560059,64.51507441
2018/2/8 16:30,2.906622092,624.6205444,60.01067607
2018/2/8 16:45,2.609044393,567.5482381,55.02249781
2018/2/8 17:00,2.289244413,509.5121765,58.09659958
2018/2/8 17:15,1.957911015,447.0326945,53.44458135
2018/2/8 17:30,1.586177707,385.9403381,49.72413381
2018/2/8 17:45,1.207933307,319.5174662,45.8925883
2018/2/8 18:00,0.842088838,254.975647,42.96864064
2018/2/8 18:15,0.505955537,191.4329478,39.59463501
2018/2/8 18:30,0.243577798,124.1182302,34.82040914
2018/2/8 18:45,0.093377774,34.92452812,29.7496802
2018/2/8 19:00,0.042266657,20.42700895,17.73330561
2018/2/8 19:15,0.004688889,10.59052563,9.124606131
2018/2/8 19:30,0,4.375383059,3.036024809
2018/2/8 19:45,0,3.125132243,1.832003832
2018/2/8 20:00,0,2.706638177,1.424430807
2018/2/8 20:15,0,2.841683149,1.52312243
2018/2/8 20:30,0,3.341326555,2.01559329
2018/2/8 20:45,0,4.353490671,2.882888555
2018/2/8 21:00,0,5.728456021,4.13604331
2018/2/8 21:15,0,4.672636668,3.126321236
2018/2/8 21:30,0,3.735063473,2.269177159
2018/2/8 21:45,0,3.311029752,1.866295219
2018/2/8 22:00,0,3.448995272,2.039414088
2018/2/8 22:15,0,3.349185387,1.952127576
2018/2/8 22:30,0,2.987566233,1.5408957
2018/2/8 22:45,0,2.901253383,1.397789876
2018/2/8 23:00,0,3.02411437,1.546150088
2018/2/8 23:15,0,2.587499936,1.101561348
2018/2/8 23:30,0,2.894446929,1.464843035
2018/2/8 23:45,0,2.89489762,1.466085434
2018/2/9 0:00,0,2.524081071,1.001985113
2018/2/9 0:15,0,1.951836864,0.706996262
2018/2/9 0:30,0,2.278602759,0.938213607
2018/2/9 0:45,0,1.99796009,0.679674188
2018/2/9 1:00,0,2.5092899,1.054915488
2018/2/9 1:15,0,2.935789824,1.404499968
2018/2/9 1:30,0,2.182968696,0.781399389
2018/2/9 1:45,0,2.878494501,1.347908815
2018/2/9 2:00,0,2.575368802,1.074700316
2018/2/9 2:15,0,2.152470628,0.669440269
2018/2/9 2:30,0,1.887891571,0.595415374
2018/2/9 2:45,0,2.180255811,0.646465679
2018/2/9 3:00,0,2.351133982,0.866830925
2018/2/9 3:15,0,3.093887091,1.655536373
2018/2/9 3:30,0,2.957262516,1.470455845
2018/2/9 3:45,0,1.878892064,0.707493484
2018/2/9 4:00,0,1.90798374,0.53432709
2018/2/9 4:15,0,1.779869278,0.52561905
2018/2/9 4:30,0,1.430425167,0.535627941
2018/2/9 4:45,0,3.918262561,2.392092228
2018/2/9 5:00,0,4.370380084,2.787919839
2018/2/9 5:15,0,3.237602472,1.664000034
2018/2/9 5:30,0,2.50294296,1.026598374
2018/2/9 5:45,0,2.665489912,1.103892267
2018/2/9 6:00,0,2.882937431,1.343143503
2018/2/9 6:15,0,5.204439402,3.650260448
2018/2/9 6:30,0.027555552,13.90937583,9.135655243
2018/2/9 6:45,0.068533329,33.7438151,14.87401899
2018/2/9 7:00,0.131199998,51.31738154,19.98841476
2018/2/9 7:15,0.368666659,38.37216822,23.47233772
2018/2/9 7:30,0.748399993,162.9942347,21.22730319
2018/2/9 7:45,1.121533334,290.8604838,27.44945017
2018/2/9 8:00,1.504288872,367.7366638,34.99241511
2018/2/9 8:15,1.878977736,437.6453043,41.43496959
2018/2/9 8:30,2.241133372,500.976237,47.06091309
2018/2/9 8:45,2.578822215,561.0113525,50.31053416
2018/2/9 9:00,2.881755511,619.7480876,53.12260564
2018/2/9 9:15,3.177333435,680.1674805,58.05698395
2018/2/9 9:30,3.429044326,735.2919108,60.60702133
2018/2/9 9:45,3.671644131,792.1471151,67.41157532
2018/2/9 10:00,3.895933469,844.8988444,74.0040741
2018/2/9 10:15,4.067355633,893.1111043,76.8759435
2018/2/9 10:30,4.239111106,942.8025106,81.26722209
2018/2/9 10:45,4.391777833,983.4893799,82.4826711
2018/2/9 11:00,4.530467033,1027.934469,91.91660563
2018/2/9 11:15,4.593577544,1065.59021,93.06243388
2018/2/9 11:30,4.670933723,1095.090902,96.37018839
2018/2/9 11:45,4.752711137,1113.278971,95.0575765
2018/2/9 12:00,4.803266684,1128.528686,94.70193481
2018/2/9 12:15,4.877044519,1140.864217,91.41722616
2018/2/9 12:30,4.844555537,1140.810384,82.80453491
2018/2/9 12:45,4.814777533,1142.50415,81.89162445
2018/2/9 13:00,4.786133607,1143.514608,81.44260661
2018/2/9 13:15,4.766088645,1136.944377,80.94319916
2018/2/9 13:30,4.671466509,1119.479777,82.15116882
2018/2/9 13:45,4.673155467,1103.728516,85.9338506
2018/2/9 14:00,4.613533656,1078.568685,84.19704183
2018/2/9 14:15,4.570622126,1053.421997,88.54973348
2018/2/9 14:30,4.415288449,1027.69869,92.59510803
2018/2/9 14:45,4.339066664,1009.429057,103.0021693
2018/2/9 15:00,4.143555323,958.3674927,92.6081365
2018/2/9 15:15,3.976577997,914.2299601,91.90908559
2018/2/9 15:30,3.811711073,865.3112996,88.28925578
2018/2/9 15:45,3.605488777,811.5054118,80.19652049
2018/2/9 16:00,3.413155476,756.1724447,80.54497019
2018/2/9 16:15,2.725088914,614.2571615,90.25306193
2018/2/9 16:30,1.699733297,373.7324422,110.469457
2018/2/9 16:45,1.282488903,286.0174662,125.3346507
2018/2/9 17:00,1.322799941,288.1077728,129.2007879
2018/2/9 17:15,2.229711135,470.1980693,154.1436208
2018/2/9 17:30,2.142488877,495.4276937,168.8635406
2018/2/9 17:45,1.614688873,399.9623413,130.7728678
2018/2/9 18:00,1.072422266,292.0667114,84.97814941
2018/2/9 18:15,0.621711076,205.6101278,58.61137009
2018/2/9 18:30,0.299822231,131.7333679,46.67444483
2018/2/9 18:45,0.118466663,38.97310766,33.55461121
2018/2/9 19:00,0.047977771,22.30014674,19.89379946
2018/2/9 19:15,0.006244444,11.86400731,10.41652409
2018/2/9 19:30,0,5.564759413,4.166926861
2018/2/9 19:45,0,3.364567995,1.975700736
2018/2/9 20:00,0,2.346806685,1.013800522
2018/2/9 20:15,0,2.253307025,0.979874651
2018/2/9 20:30,0,2.151606401,0.874260843
2018/2/9 20:45,0,3.084524472,1.771405022
2018/2/9 21:00,0,4.99759992,3.541805108
2018/2/9 21:15,0,5.665185133,4.032675346
2018/2/9 21:30,0,4.479992072,2.952185074
2018/2/9 21:45,0,3.092865626,1.705479065
2018/2/9 22:00,0,3.372003396,1.919351022
2018/2/9 22:15,0,3.231515487,1.768448432
2018/2/9 22:30,0,3.300492764,1.842586438
2018/2/9 22:45,0,2.946362018,1.576779326
2018/2/9 23:00,0,2.963470777,1.537376642
2018/2/9 23:15,0,3.147328774,1.716439207
2018/2/9 23:30,0,2.967376391,1.510485967
2018/2/9 23:45,0,2.622178872,1.199066937
2018/2/10 0:00,0,2.579441547,1.060606639
2018/2/10 0:15,0,2.278232257,0.785960456
2018/2/10 0:30,0,2.21606946,0.808511277
2018/2/10 0:45,0,2.718019724,1.282166442
2018/2/10 1:00,0,2.912898143,1.423237602
2018/2/10 1:15,0,2.391563018,0.922487796
2018/2/10 1:30,0,3.017147859,1.497493625
2018/2/10 1:45,0,2.911993583,1.45617044
2018/2/10 2:00,0,2.7027843,1.304788987
2018/2/10 2:15,0,2.135410349,0.784882347
2018/2/10 2:30,0,2.929779212,1.45945104
2018/2/10 2:45,0,2.405044079,0.96475017
2018/2/10 3:00,0,2.801928043,1.309672237
2018/2/10 3:15,0,2.410545468,0.914428373
2018/2/10 3:30,0,2.459743818,0.978489121
2018/2/10 3:45,0,2.22969981,0.930461576
2018/2/10 4:00,0,1.952741583,0.695835958
2018/2/10 4:15,0,2.391593377,0.956504683
2018/2/10 4:30,0,2.808654785,1.358613729
2018/2/10 4:45,0,1.966662129,0.658415864
2018/2/10 5:00,0,2.326168299,0.762150884
2018/2/10 5:15,0,2.948645592,1.474014004
2018/2/10 5:30,0,2.263070703,0.772720953
2018/2/10 5:45,0,2.149488966,0.780615469
2018/2/10 6:00,0,3.063680172,1.551359057
2018/2/10 6:15,0,5.057270129,3.464417776
2018/2/10 6:30,0.024822219,14.81106821,9.099363011
2018/2/10 6:45,0.066311105,37.41483052,13.42921956
2018/2/10 7:00,0.12491112,51.10983531,20.95335325
2018/2/10 7:15,0.368333325,60.31342443,23.34170405
2018/2/10 7:30,0.759888848,175.7207158,22.86690712
2018/2/10 7:45,1.134977778,294.6095174,27.37614822
2018/2/10 8:00,1.517911156,369.6933899,32.71005313
2018/2/10 8:15,1.886777679,438.9529216,37.07827504
2018/2/10 8:30,2.231577635,501.9659424,42.5961291
2018/2/10 8:45,2.557466587,565.4522908,47.60891215
2018/2/10 9:00,2.866422097,627.5159912,52.39350128
2018/2/10 9:15,3.148599943,688.367452,56.76800283
2018/2/10 9:30,3.416466713,744.5529175,59.19625982
2018/2/10 9:45,3.655333598,799.3519287,64.07198588
2018/2/10 10:00,3.838733594,852.6178792,72.02840932
2018/2/10 10:15,4.001755476,904.2562866,76.30837759
2018/2/10 10:30,4.202311357,954.8415934,81.87138875
2018/2/10 10:45,4.350577672,995.0353598,82.87118785
2018/2/10 11:00,4.461511135,1034.934082,88.40911865
2018/2/10 11:15,4.596088886,1079.859212,95.60823313
2018/2/10 11:30,4.643355529,1108.771891,95.39098104
2018/2/10 11:45,4.664466699,1123.562541,91.19313304
2018/2/10 12:00,4.777199904,1142.7323,95.95440166
2018/2/10 12:15,4.821222623,1150.572103,89.42259725
2018/2/10 12:30,4.823289236,1161.073446,92.80978139
2018/2/10 12:45,4.772933483,1155.057007,82.7754008
2018/2/10 13:00,4.855577628,1155.201741,78.26261139
2018/2/10 13:15,4.854866823,1149.181966,81.08423614
2018/2/10 13:30,4.737600009,1128.539551,79.33392334
2018/2/10 13:45,4.648510933,1113.694865,84.10217539
2018/2/10 14:00,4.541377703,1085.794475,80.24459076
2018/2/10 14:15,4.46837759,1063.548258,87.69799551
2018/2/10 14:30,4.438422203,1036.512451,93.62448883
2018/2/10 14:45,4.300999959,1007.548482,90.9587326
2018/2/10 15:00,4.214266618,972.5770467,92.86795551
2018/2/10 15:15,4.021155755,921.542745,83.23005676
2018/2/10 15:30,3.855355501,878.0795492,84.10013072
2018/2/10 15:45,3.645422379,821.4565837,74.10074616
2018/2/10 16:00,3.426333428,758.5102539,67.39371744
2018/2/10 16:15,3.18780001,687.406779,63.9131953
2018/2/10 16:30,2.918444474,631.5056152,60.38237508
2018/2/10 16:45,2.612600088,574.2781372,57.7350235
2018/2/10 17:00,2.283444484,509.376709,53.29200617
2018/2/10 17:15,1.941711068,452.3543294,56.70212555
2018/2/10 17:30,1.580022176,388.197642,50.38942846
2018/2/10 17:45,1.209400058,321.8690186,45.13800812
2018/2/10 18:00,0.839822213,255.7302602,41.1564916
2018/2/10 18:15,0.501866649,191.2935079,38.27160136
2018/2/10 18:30,0.242555564,124.4483236,35.0313797
2018/2/10 18:45,0.092466663,35.46698062,30.10472616
2018/2/10 19:00,0.03988888,21.52661896,19.21831576
2018/2/10 19:15,0.004311111,12.80252838,11.34164429
2018/2/10 19:30,0,7.879206817,6.44248724
2018/2/10 19:45,0,5.660966078,4.057683468
2018/2/10 20:00,0,4.403886954,2.992355824
2018/2/10 20:15,0,3.274418831,1.884622176
2018/2/10 20:30,0,3.768185854,2.329344432
2018/2/10 20:45,0,3.419474443,1.983791947
2018/2/10 21:00,0,2.912640572,1.528041085
2018/2/10 21:15,0,2.953356902,1.538454493
2018/2/10 21:30,0,2.447040001,1.055294693
2018/2/10 21:45,0,2.675677856,1.253901243
2018/2/10 22:00,0,2.743479967,1.324648837
2018/2/10 22:15,0,2.99488918,1.549831072
2018/2/10 22:30,0,2.502387841,1.073975921
2018/2/10 22:45,0,2.996639649,1.535862406
2018/2/10 23:00,0,2.858725309,1.398533305
2018/2/10 23:15,0,2.872576078,1.41532445
2018/2/10 23:30,0,2.724951585,1.286064029
2018/2/10 23:45,0,2.946334759,1.495893478
2018/2/11 0:00,0,2.442692598,0.983451088
2018/2/11 0:15,0,2.535447279,1.120084604
2018/2/11 0:30,0,2.820192814,1.340032498
2018/2/11 0:45,0,2.733806928,1.225304881
2018/2/11 1:00,0,2.781081279,1.360561887
2018/2/11 1:15,0,2.375503659,0.929537078
2018/2/11 1:30,0,2.482495626,1.009976387
2018/2/11 1:45,0,2.222747723,0.737329642
2018/2/11 2:00,0,2.030783812,0.619966309
2018/2/11 2:15,0,2.415311734,0.966754099
2018/2/11 2:30,0,2.339044332,0.759819011
2018/2/11 2:45,0,2.51072828,1.010365029
2018/2/11 3:00,0,2.087385376,0.761675378
2018/2/11 3:15,0,1.242532571,0.533741613
2018/2/11 3:30,0,1.250301878,0.58427606
2018/2/11 3:45,0,1.257282535,0.612831831
2018/2/11 4:00,0,2.843014876,1.451385458
2018/2/11 4:15,0,1.943456888,0.851658424
2018/2/11 4:30,0,1.311755538,0.627981563
2018/2/11 4:45,0,2.031204621,0.842037757
2018/2/11 5:00,0,2.175683816,0.811036428
2018/2/11 5:15,0,3.143296242,1.715536992
2018/2/11 5:30,0,3.260051807,1.844868223
2018/2/11 5:45,0,2.728827476,1.291033188
2018/2/11 6:00,0,3.031638702,1.622612
2018/2/11 6:15,0,4.453435421,2.993292491
2018/2/11 6:30,0.020844439,11.62397035,6.687577565
2018/2/11 6:45,0.064044441,38.1005497,13.66730182
2018/2/11 7:00,0.113111118,35.22315089,22.75608571
2018/2/11 7:15,0.352177784,78.72022246,24.54993248
2018/2/11 7:30,0.742799977,191.1477254,26.47671
2018/2/11 7:45,1.119888862,297.0526733,31.5629921
2018/2/11 8:00,1.506933292,371.5906169,36.39959844
2018/2/11 8:15,1.885822296,439.7848205,40.72373454
2018/2/11 8:30,2.244266748,500.3561299,44.13156509
2018/2/11 8:45,2.579666694,561.5370076,47.1398379
2018/2/11 9:00,2.894289017,624.1897176,50.71960195
2018/2/11 9:15,3.176133235,683.4617309,53.77166875
2018/2/11 9:30,3.428111076,738.0884196,55.75119781
2018/2/11 9:45,3.633711099,792.9698487,62.29443995
2018/2/11 10:00,3.849444548,845.3024495,68.82107163
2018/2/11 10:15,4.016888539,894.6258952,72.45377096
2018/2/11 10:30,4.193844477,939.4337158,75.30780792
2018/2/11 10:45,4.347399711,980.4509074,76.27947235
2018/2/11 11:00,4.461866856,1025.012146,84.2019577
2018/2/11 11:15,4.579377333,1068.831258,92.99136098
2018/2/11 11:30,4.652400017,1098.474121,94.07598622
2018/2/11 11:45,4.693466663,1112.219849,88.94763947
2018/2/11 12:00,4.719177723,1129.047892,90.77140045
2018/2/11 12:15,4.777133465,1151.502441,95.03723909
2018/2/11 12:30,4.766488711,1149.317261,87.94424184
2018/2/11 12:45,4.849977811,1158.563965,87.00477346
2018/2/11 13:00,4.820400238,1149.874593,79.92809804
2018/2/11 13:15,4.763310909,1140.572632,79.72572581
2018/2/11 13:30,4.716221968,1130.309733,82.79797872
2018/2/11 13:45,4.687600295,1110.285441,83.07558187
2018/2/11 14:00,4.632022222,1084.647339,81.06294251
2018/2/11 14:15,4.51451095,1054.681885,81.62671153
2018/2/11 14:30,4.403488795,1031.430379,90.50970713
2018/2/11 14:45,4.325977325,1005.46165,94.87043254
2018/2/11 15:00,4.156177521,958.4783122,88.40864817
2018/2/11 15:15,3.986777783,912.9683228,86.63132477
2018/2/11 15:30,3.800311089,865.8157756,83.8971405
2018/2/11 15:45,3.587888956,810.0951945,75.51466115
2018/2/11 16:00,3.359955549,750.1579997,68.97547913
2018/2/11 16:15,3.122266611,680.6171264,66.20314407
2018/2/11 16:30,2.86022234,619.3431803,61.07034175
2018/2/11 16:45,2.582377831,565.3268026,58.7637736
2018/2/11 17:00,2.262689034,501.2477722,53.59222666
2018/2/11 17:15,1.920422236,442.4279277,54.26721191
2018/2/11 17:30,1.563555479,384.8403015,53.48077901
2018/2/11 17:45,1.190911134,314.7621664,45.98717244
2018/2/11 18:00,1.241796003,246.6478882,39.59724045
2018/2/11 18:15,0.595831328,187.0025991,39.3057162
2018/2/11 18:30,0.237422218,122.1294123,35.44522858
2018/2/11 18:45,0.0875111,37.77351189,29.7520256
2018/2/11 19:00,0.038088883,20.52666791,18.392011
2018/2/11 19:15,0.003422211,10.63668648,9.282906213
2018/2/11 19:30,0,6.212728977,4.89605546
2018/2/11 19:45,0,4.919041952,3.526148796
2018/2/11 20:00,0,3.063058774,1.790038943
2018/2/11 20:15,0,3.833952268,2.459800799
2018/2/11 20:30,0,5.215160688,3.676136335
2018/2/11 20:45,0,4.364575545,2.984367768
2018/2/11 21:00,0,4.35232687,2.917009592
2018/2/11 21:15,0,3.841497739,2.421299458
2018/2/11 21:30,0,3.452108304,2.090612849
2018/2/11 21:45,0,2.681095441,1.305783629
2018/2/11 22:00,0,2.247854273,0.910576383
2018/2/11 22:15,0,2.388513565,0.979075054
2018/2/11 22:30,0,2.379766782,0.9627799
2018/2/11 22:45,0,2.759898345,1.344291687
2018/2/11 23:00,0,2.89840285,1.535229007
2018/2/11 23:15,0,2.926504612,1.526442766
2018/2/11 23:30,0,2.893768231,1.52125605
2018/2/11 23:45,0,2.713069677,1.257725914
2018/2/12 0:00,0,2.954516967,1.531100035
2018/2/12 0:15,0,2.276929537,0.886947513
2018/2/12 0:30,0,2.245959163,0.849070331
2018/2/12 0:45,0,2.327148676,0.874385397
2018/2/12 1:00,0,2.485928218,0.979030729
2018/2/12 1:15,0,1.594123364,0.593865355
2018/2/12 1:30,0,1.986646016,0.68183293
2018/2/12 1:45,0,1.904758413,0.594418764
2018/2/12 2:00,0,2.278703372,0.841387729
2018/2/12 2:15,0,1.846479773,0.721002161
2018/2/12 2:30,0,1.554738084,0.56941702
2018/2/12 2:45,0,1.247802456,0.575616002
2018/2/12 3:00,0,1.383392453,0.593054851
2018/2/12 3:15,0,1.276926041,0.598643025
2018/2/12 3:30,0,1.238709331,0.615007202
2018/2/12 3:45,0,1.243924737,0.642370939
2018/2/12 4:00,0,1.462621649,0.657795807
2018/2/12 4:15,0,1.64024818,0.70586135
2018/2/12 4:30,0,1.970297774,0.742130935
2018/2/12 4:45,0,2.370084961,1.170947035
2018/2/12 5:00,0,4.638297081,3.1977729
2018/2/12 5:15,0,5.068492413,3.504317045
2018/2/12 5:30,0,2.427449783,1.186635475
2018/2/12 5:45,0,2.077604373,0.780412197
2018/2/12 6:00,0,1.973315795,0.671936313
2018/2/12 6:15,0,3.95859615,2.537904223
2018/2/12 6:30,0.01844444,12.46048228,8.33497715
2018/2/12 6:45,0.06235555,34.52274132,14.76459948
2018/2/12 7:00,0.11186666,32.44087537,23.07326508
2018/2/12 7:15,0.343288864,72.6564064,23.86419932
2018/2/12 7:30,0.723644436,185.5500692,25.52447319
2018/2/12 7:45,1.087311109,281.3135885,31.27709198
2018/2/12 8:00,1.458511114,352.7547506,36.36544164
2018/2/12 8:15,1.821866632,418.447642,40.12815984
2018/2/12 8:30,2.168777863,479.0949605,45.36176936
2018/2/12 8:45,2.493399938,537.3660482,49.25722504
2018/2/12 9:00,2.791466713,597.0730591,51.97658666
2018/2/12 9:15,3.056799968,653.2713623,55.00221761
2018/2/12 9:30,3.316599925,711.3159383,60.7890358
2018/2/12 9:45,3.537377675,761.9227905,63.35873922
2018/2/12 10:00,3.728822152,816.6540731,72.02456411
2018/2/12 10:15,3.937533458,865.6537882,77.17609914
2018/2/12 10:30,4.166289012,916.1197306,83.64714559
2018/2/12 10:45,4.255977949,948.2711995,78.21940867
2018/2/12 11:00,4.389955679,989.478841,85.10618591
2018/2/12 11:15,4.514599959,1029.362508,93.70463054
2018/2/12 11:30,4.582022031,1061.346436,93.99276225
2018/2/12 11:45,4.667133331,1109.037069,115.9110489
2018/2/12 12:00,4.782777627,1155.935506,158.4874573
2018/2/12 12:15,2.446310997,811.8325093,178.3032633
2018/2/12 12:30,4.678911288,1042.125366,228.4580384
2018/2/12 12:45,3.857830994,1238.583333,224.9997762
2018/2/12 13:00,1.392360667,1205.301676,184.1619822
2018/2/12 13:15,1.392360667,1016.026998,162.2131805
2018/2/12 13:30,1.392360667,1158.22815,150.4989014
2018/2/12 13:45,1.392360667,1136.655477,157.1347656
2018/2/12 14:00,1.392360667,1179.311564,210.0396423
2018/2/12 14:15,1.392360667,473.1138611,248.6473846
2018/2/12 14:30,1.392360667,723.2503459,245.3036652
2018/2/12 14:45,1.392360667,1153.038818,277.0095317
2018/2/12 15:00,1.392360667,432.2789561,241.9454244
2018/2/12 15:15,1.392360667,381.2046458,201.0357819
2018/2/12 15:30,1.392360667,494.3311869,216.9955597
2018/2/12 15:45,1.392360667,622.0196737,203.2058258
2018/2/12 16:00,1.392360667,815.3611043,193.1040446
2018/2/12 16:15,1.392360667,761.4392293,168.614624
2018/2/12 16:30,1.392360667,488.3401591,161.131663
2018/2/12 16:45,1.392360667,564.3631185,126.3287557
2018/2/12 17:00,1.392360667,445.4071299,149.7513428
2018/2/12 17:15,1.392360667,172.3772074,141.1765951
2018/2/12 17:30,1.392360667,219.2796224,107.8731817
2018/2/12 17:45,1.392360667,83.90314738,77.59035492
2018/2/12 18:00,1.392360667,52.96184159,48.42457326
2018/2/12 18:15,1.392360667,33.03071213,29.95126216
2018/2/12 18:30,1.392360667,22.32079252,20.33895938
2018/2/12 18:45,1.392360667,14.93636545,13.60438315
2018/2/12 19:00,1.392360667,10.12480179,8.756732145
2018/2/12 19:15,1.392360667,3.183710416,1.853615284
2018/2/12 19:30,1.392360667,1.957193375,0.776667038
2018/2/12 19:45,1.392360667,2.803306103,1.537894964
2018/2/12 20:00,1.392360667,1.494937301,0.743093987
2018/2/12 20:15,1.392360667,2.446970145,1.329769969
2018/2/12 20:30,1.392360667,2.905809561,1.63997217
2018/2/12 20:45,1.392360667,2.244475126,1.021177153
2018/2/12 21:00,1.392360667,1.981687546,0.770772616
2018/2/12 21:15,1.392360667,13.60382406,11.83371695
2018/2/12 21:30,1.392360667,1.257991791,0.667478025
2018/2/12 21:45,1.392360667,1.252301614,0.692790588
2018/2/12 22:00,1.392360667,1.580751856,0.727230648
2018/2/12 22:15,1.392360667,1.628058354,0.717900892
2018/2/12 22:30,1.392360667,1.71280392,0.751348555
2018/2/12 22:45,1.392360667,2.595128775,1.348906576
2018/2/12 23:00,1.392360667,1.663008134,0.722570221
2018/2/12 23:15,1.392360667,2.106251876,0.88475287
2018/2/12 23:30,1.392360667,2.250342806,0.990589162
2018/2/12 23:45,1.392360667,2.65593489,1.333609303
2018/2/13 0:00,1.392360667,8.44017585,7.061893901
2018/2/13 0:15,1.392360667,1.27009364,0.680187921
2018/2/13 0:30,1.392360667,1.655521353,0.725013276
2018/2/13 0:45,1.392360667,1.931245804,0.748997191
2018/2/13 1:00,1.392360667,3.122247855,1.828818401
2018/2/13 1:15,1.392360667,2.972186565,1.685091098
2018/2/13 1:30,1.392360667,3.414339701,1.97932148
2018/2/13 1:45,1.392360667,2.742757797,1.371055563
2018/2/13 2:00,1.392360667,2.290685097,0.943551382
2018/2/13 2:15,1.392360667,2.586429755,1.180453539
2018/2/13 2:30,1.392360667,2.20031484,0.897613287
2018/2/13 2:45,1.392360667,2.005235235,0.716032724
2018/2/13 3:00,1.392360667,2.298377275,0.889744878
2018/2/13 3:15,1.392360667,2.928572178,1.600273808
2018/2/13 3:30,1.392360667,2.926902294,1.534581661
2018/2/13 3:45,1.392360667,2.968827486,1.579311848
2018/2/13 4:00,1.392360667,2.458428144,1.065227529
2018/2/13 4:15,1.392360667,1.99820594,0.760756513
2018/2/13 4:30,1.392360667,1.958385428,0.669152955
2018/2/13 4:45,1.392360667,2.257493496,0.793979168
2018/2/13 5:00,1.392360667,2.063973745,0.675635
2018/2/13 5:15,1.392360667,2.067724585,0.690275312
2018/2/13 5:30,1.392360667,1.908720334,0.641069214
2018/2/13 5:45,1.392360667,2.068813721,0.756220619
2018/2/13 6:00,1.392360667,2.459117095,0.994650165
2018/2/13 6:15,1.392360667,4.504196405,3.051697214
2018/2/13 6:30,1.392360667,10.60863527,9.148752849
2018/2/13 6:45,1.392360667,33.63171959,29.90351295
2018/2/13 7:00,1.392360667,66.06836955,55.55356598
2018/2/13 7:15,1.392360667,104.2389425,76.11746979
2018/2/13 7:30,1.392360667,163.6017456,87.29243724
2018/2/13 7:45,1.392360667,232.1864726,89.24574788
2018/2/13 8:00,1.392360667,298.4017232,94.50392914
2018/2/13 8:15,1.392360667,377.9143168,109.8066025
2018/2/13 8:30,0.928240444,514.5008138,182.6485341
2018/2/13 8:45,3.080711047,678.7822266,299.9048157
2018/2/13 9:00,2.8416001,624.0000407,282.956248
2018/2/13 9:15,3.330333392,725.4389038,200.7524312
2018/2/13 9:30,3.337733348,724.8813883,161.3006083
2018/2/13 9:45,3.55588913,766.2461141,160.5689138
2018/2/13 10:00,3.628200054,788.2018636,288.9633484
2018/2/13 10:15,3.45615538,743.4789429,219.833257
2018/2/13 10:30,4.093422095,910.4823609,159.8259837
2018/2/13 10:45,4.106599967,929.7276408,158.0047709
2018/2/13 11:00,4.23660024,964.0314534,164.900355
2018/2/13 11:15,4.372711023,1009.485819,185.8445841
2018/2/13 11:30,4.298311074,1008.88739,224.9415486
2018/2/13 11:45,4.721088886,1130.50293,291.8805847
2018/2/13 12:00,4.876422405,1196.345011,361.5874532
2018/2/13 12:15,3.853999853,980.6045534,256.3947194
2018/2/13 12:30,4.578088919,926.1150514,232.8628591
2018/2/13 12:45,3.695942713,1078.854655,369.3178914
2018/2/13 13:00,1.392360667,812.9390667,406.3933309
2018/2/13 13:15,1.392360667,1039.148377,461.4447733
2018/2/13 13:30,1.392360667,927.9460246,473.0293884
2018/2/13 13:45,1.392360667,733.4109904,476.5808106
2018/2/13 14:00,1.392360667,547.0782674,464.6397604
2018/2/13 14:15,1.392360667,383.0761312,353.6766357
2018/2/13 14:30,1.392360667,230.6839091,221.2269084
2018/2/13 14:45,1.392360667,174.3857676,169.0703023
2018/2/13 15:00,1.392360667,177.8813477,171.0940501
2018/2/13 15:15,1.392360667,181.4298197,177.9539897
2018/2/13 15:30,1.392360667,258.6598206,245.4060211
2018/2/13 15:45,1.392360667,539.4808756,285.901357
2018/2/13 16:00,1.392360667,398.9273377,293.1836955
2018/2/13 16:15,1.392360667,276.6349182,261.9045614
2018/2/13 16:30,1.392360667,383.9495341,216.4440359
2018/2/13 16:45,1.392360667,168.737915,121.5125987
2018/2/13 17:00,1.392360667,233.5267283,113.3325043
2018/2/13 17:15,1.392360667,128.5828806,119.1154989
2018/2/13 17:30,1.392360667,124.5345027,115.9516373
2018/2/13 17:45,1.392360667,103.9367091,97.48616029
2018/2/13 18:00,1.392360667,61.67728679,57.75054677
2018/2/13 18:15,1.392360667,37.83197784,35.07986514
2018/2/13 18:30,1.392360667,31.61930339,29.1760699
2018/2/13 18:45,1.392360667,18.40243848,16.71270084
2018/2/13 19:00,1.392360667,10.39573813,8.945165794
2018/2/13 19:15,1.392360667,5.299718857,3.876693964
2018/2/13 19:30,1.392360667,3.79203709,2.347946485
2018/2/13 19:45,1.392360667,3.571553707,2.241333326
2018/2/13 20:00,1.392360667,3.584903558,2.291349967
2018/2/13 20:15,1.392360667,2.727837563,1.39086624
2018/2/13 20:30,1.392360667,2.30368642,0.976235052
2018/2/13 20:45,1.392360667,1.711146633,0.687646091
2018/2/13 21:00,1.392360667,1.982727408,0.805610041
2018/2/13 21:15,1.392360667,3.475872278,2.174923082
2018/2/13 21:30,1.392360667,4.729797522,3.25604407
2018/2/13 21:45,1.392360667,3.657899856,2.243148247
2018/2/13 22:00,1.392360667,2.737058242,1.31605196
2018/2/13 22:15,1.392360667,2.296520471,0.88209486
2018/2/13 22:30,1.392360667,2.167309761,0.740295927
2018/2/13 22:45,1.392360667,2.491968393,1.023277005
2018/2/13 23:00,1.392360667,2.737474839,1.311340769
2018/2/13 23:15,1.392360667,2.590951999,1.188344161
2018/2/13 23:30,1.392360667,2.231906096,0.820697665
2018/2/13 23:45,1.392360667,2.238595486,0.783261796
2018/2/14 0:00,1.392360667,2.221643209,0.773048858
2018/2/14 0:15,1.392360667,2.302366018,0.806868116
2018/2/14 0:30,1.392360667,2.415879091,1.023490727
2018/2/14 0:45,1.392360667,2.573091268,1.110281845
2018/2/14 1:00,1.392360667,2.447955291,1.009708345
2018/2/14 1:15,1.392360667,2.008116523,0.628754576
2018/2/14 1:30,1.392360667,1.962435603,0.617848376
2018/2/14 1:45,1.392360667,2.491147995,1.015691877
2018/2/14 2:00,1.392360667,2.583628495,1.094905297
2018/2/14 2:15,1.392360667,2.488899549,0.998627206
2018/2/14 2:30,1.392360667,2.666651249,1.210519989
2018/2/14 2:45,1.392360667,2.491756042,1.030318717
2018/2/14 3:00,1.392360667,2.856799443,1.461086949
2018/2/14 3:15,1.392360667,2.64790233,1.185305615
2018/2/14 3:30,1.392360667,2.370607217,0.934565644
2018/2/14 3:45,1.392360667,1.897865812,0.630071203
2018/2/14 4:00,1.392360667,1.974377314,0.61641866
2018/2/14 4:15,1.392360667,2.198096593,0.749569555
2018/2/14 4:30,1.392360667,2.179243406,0.704944233
2018/2/14 4:45,1.392360667,2.32791241,0.877731502
2018/2/14 5:00,1.392360667,2.250045697,0.734516283
2018/2/14 5:15,1.392360667,2.27747194,0.759265582
2018/2/14 5:30,1.392360667,2.086155136,0.670547168
2018/2/14 5:45,1.392360667,2.434746981,0.990681588
2018/2/14 6:00,1.392360667,2.192880074,0.744195004
2018/2/14 6:15,1.392360667,2.521305243,1.041886369
2018/2/14 6:30,1.392360667,7.390758354,5.782233873
2018/2/14 6:45,1.392360667,29.58606974,25.62475713
2018/2/14 7:00,1.392360667,57.95663071,54.35210673
2018/2/14 7:15,1.392360667,90.16558075,71.02025859
2018/2/14 7:30,1.392360667,91.10511017,88.53344981
2018/2/14 7:45,1.392360667,113.5681534,107.4021225
2018/2/14 8:00,1.392360667,137.4283219,128.1872304
2018/2/14 8:15,1.392360667,176.059967,166.2361755
2018/2/14 8:30,1.392360667,225.0952352,195.1572011
2018/2/14 8:45,1.392360667,425.3119202,249.1559906
2018/2/14 9:00,1.392360667,383.0781555,296.6736959
2018/2/14 9:15,1.392360667,297.9937846,284.100413
2018/2/14 9:30,1.392360667,308.2482198,255.1848704
2018/2/14 9:45,1.392360667,500.4314473,264.0546671
2018/2/14 10:00,1.392360667,437.1222026,297.6668396
2018/2/14 10:15,1.392360667,629.3210653,298.6147258
2018/2/14 10:30,1.392360667,730.3596395,446.109731
2018/2/14 10:45,1.392360667,778.4750773,478.0968933
2018/2/14 11:00,2.712177912,951.5811767,560.2033488
2018/2/14 11:15,4.835488955,1141.104126,607.2881673
2018/2/14 11:30,2.927688837,693.1250407,596.7901408
2018/2/14 11:45,1.714918282,564.4323832,521.6370952
2018/2/14 12:00,0.928240444,621.9668376,542.9761149
2018/2/14 12:15,3.564444542,733.6766561,418.8296611
2018/2/14 12:30,5.03991127,1191.455688,308.8865662
2018/2/14 12:45,5.20002238,1186.917277,271.7515157
2018/2/14 13:00,4.619689067,1142.156189,463.869222
2018/2/14 13:15,3.962378025,933.8772379,532.8245748
2018/2/14 13:30,2.330555598,559.4686992,477.3884074
2018/2/14 13:45,2.111377954,470.4943949,444.4845784
2018/2/14 14:00,3.032755613,619.2846883,447.1134745
2018/2/14 14:15,4.753777822,1066.544393,405.5491638
2018/2/14 14:30,4.928422292,1149.647013,331.5470988
2018/2/14 14:45,4.435333411,1009.971029,255.6879679
2018/2/14 15:00,4.626177788,1089.043661,271.4419251
2018/2/14 15:15,3.946510951,967.5915529,311.3766683
2018/2/14 15:30,3.861555576,927.7332967,284.3345032
2018/2/14 15:45,3.292755604,748.1350301,213.4270427
2018/2/14 16:00,3.58748881,772.5114339,204.1483866
2018/2/14 16:15,3.005688747,627.0123901,202.0528616
2018/2/14 16:30,1.829422215,439.9552307,162.4896952
2018/2/14 16:45,1.794933438,308.1780955,163.5323995
2018/2/14 17:00,2.535177787,530.3384705,126.7206115
2018/2/14 17:15,2.081488808,455.0925497,93.86113739
2018/2/14 17:30,1.728177706,397.2654724,92.05321248
2018/2/14 17:45,1.169555545,282.5093536,69.48177337
2018/2/14 18:00,0.905199985,250.6337789,81.57906342
2018/2/14 18:15,0.639066716,200.668157,76.29037476
2018/2/14 18:30,0.279377763,89.2623825,64.93677393
2018/2/14 18:45,0.098044445,38.11839803,34.50845274
2018/2/14 19:00,0.03384444,19.55446243,17.84298388
2018/2/14 19:15,-2.22E-05,6.631014506,5.286924044
2018/2/14 19:30,0,2.679926554,1.320050677
2018/2/14 19:45,0,2.624775171,1.298241854
2018/2/14 20:00,0,2.5822529,1.262558937
2018/2/14 20:15,0,2.425509612,1.061171413
2018/2/14 20:30,0,2.802759091,1.484460036
2018/2/14 20:45,0,2.60795633,1.2010022
2018/2/14 21:00,0,2.737388293,1.380163272
2018/2/14 21:15,0,3.508728822,2.143573125
2018/2/14 21:30,0,4.033630212,2.659452041
2018/2/14 21:45,0,4.045698007,2.654320717
2018/2/14 22:00,0,3.260610422,1.901209791
2018/2/14 22:15,0,2.114192088,0.774952571
2018/2/14 22:30,0,2.284980535,0.873742322
2018/2/14 22:45,0,2.384203831,0.994567394
2018/2/14 23:00,0,2.484773477,1.081309478
2018/2/14 23:15,0,2.171413342,0.769150714
2018/2/14 23:30,0,2.55627354,1.144954105
2018/2/14 23:45,0,2.453494469,0.972094655
2018/2/15 0:00,0,2.631832759,1.248478174
2018/2/15 0:15,0,2.693716844,1.232115427
2018/2/15 0:30,0,2.672610124,1.215280592
2018/2/15 0:45,0,1.715319991,0.661673089
2018/2/15 1:00,0,1.273721139,0.63199689
2018/2/15 1:15,0,1.530860067,0.66676108
2018/2/15 1:30,0,2.868269682,1.584708492
2018/2/15 1:45,0,3.238502502,1.814612627
2018/2/15 2:00,0,3.00537467,1.569965959
2018/2/15 2:15,0,3.065086842,1.678266764
2018/2/15 2:30,0,2.413638592,1.050732871
2018/2/15 2:45,0,2.055278103,0.722162147
2018/2/15 3:00,0,2.599147399,1.163380941
2018/2/15 3:15,0,1.902026534,0.640406887
2018/2/15 3:30,0,2.386331876,0.980901817
2018/2/15 3:45,0,2.993813594,1.630628745
2018/2/15 4:00,0,3.172770579,1.778504451
2018/2/15 4:15,0,3.298845688,1.840200424
2018/2/15 4:30,0,2.976266623,1.512705763
2018/2/15 4:45,0,2.818106651,1.387463292
2018/2/15 5:00,0,2.407278935,1.023270667
2018/2/15 5:15,0,2.618317525,1.104959607
2018/2/15 5:30,0,2.456859827,0.93906649
2018/2/15 5:45,0,1.953515967,0.676438352
2018/2/15 6:00,0,1.356855393,0.585217337
2018/2/15 6:15,0,2.627850612,1.164589008
2018/2/15 6:30,0.001688889,9.560048263,7.884491762
2018/2/15 6:45,0.06928888,25.68720881,23.27128855
2018/2/15 7:00,0.151400015,41.21576563,35.41732788
2018/2/15 7:15,0.261888877,55.90298843,45.79251353
2018/2/15 7:30,0.652355532,123.5537618,105.5539169
2018/2/15 7:45,1.026177804,198.4220225,107.0458043
2018/2/15 8:00,1.403666576,304.035141,76.55769348
2018/2/15 8:15,1.28793333,292.4808502,63.80547587
2018/2/15 8:30,2.168688933,448.0245463,57.83812205
2018/2/15 8:45,1.630155563,309.623998,62.72342555
2018/2/15 9:00,2.615955512,539.0817159,68.91020711
2018/2/15 9:15,3.061511198,633.7133179,73.41012065
2018/2/15 9:30,3.304044644,701.1786499,90.99296824
2018/2/15 9:45,3.570110957,768.4353841,113.2695058
2018/2/15 10:00,3.744111458,814.6452637,117.6636353
2018/2/15 10:15,2.206644296,519.0218811,275.7873026
2018/2/15 10:30,2.212955594,468.8277893,456.3110454
2018/2/15 10:45,2.832444429,603.5452881,510.4547729
2018/2/15 11:00,3.623822212,738.3426717,351.87795
2018/2/15 11:15,3.568733374,789.1812134,255.880366
2018/2/15 11:30,4.000355482,938.0337728,201.0326436
2018/2/15 11:45,4.198311091,1018.076355,170.6557566
2018/2/15 12:00,4.126044512,968.394511,197.1291046
2018/2/15 12:15,4.201155822,1004.024312,275.7115733
2018/2/15 12:30,5.055266539,1240.131632,328.1101481
2018/2/15 12:45,2.511240468,1248.654093,359.0231323
2018/2/15 13:00,1.392360667,645.9835205,318.3593852
2018/2/15 13:15,1.392360667,219.6828918,208.5647685
2018/2/15 13:30,1.392360667,168.2424113,161.4210307
2018/2/15 13:45,1.392360667,142.3551788,138.0783081
2018/2/15 14:00,1.392360667,158.4939066,143.7060954
2018/2/15 14:15,1.392360667,87.49542492,81.39650982
2018/2/15 14:30,1.392360667,94.93585207,91.21145121
2018/2/15 14:45,1.392360667,117.2096024,113.8946838
2018/2/15 15:00,1.392360667,72.91640345,70.85798009
2018/2/15 15:15,1.392360667,41.38024521,39.71218618
2018/2/15 15:30,1.392360667,34.90916125,33.56638972
2018/2/15 15:45,1.392360667,37.6088473,36.38388061
2018/2/15 16:00,1.392360667,37.922774,36.43545659
2018/2/15 16:15,1.392360667,28.63552602,27.18505923
2018/2/15 16:30,1.392360667,23.43184916,21.80799294
2018/2/15 16:45,1.392360667,26.16180865,24.62706375
2018/2/15 17:00,1.392360667,22.73817507,21.04281807
2018/2/15 17:15,1.392360667,20.82974943,19.07906087
2018/2/15 17:30,1.392360667,18.34166082,16.80088679
2018/2/15 17:45,1.392360667,15.64978186,13.95020676
2018/2/15 18:00,0.470786889,12.1248134,10.58240763
2018/2/15 18:15,0.023199995,11.52767277,9.932282447
2018/2/15 18:30,0.035555548,12.70090294,11.17963473
2018/2/15 18:45,0.023311106,12.6172638,11.0902853
2018/2/15 19:00,0.000999989,7.333476861,5.751074632
2018/2/15 19:15,0,3.13903141,1.660529574
2018/2/15 19:30,0,2.626622438,1.057156642
2018/2/15 19:45,0,2.426986058,0.949689507
2018/2/15 20:00,0,2.294876178,0.80600671
2018/2/15 20:15,0,2.081244468,0.65795066
2018/2/15 20:30,0,2.021125317,0.619871636
2018/2/15 20:45,0,2.123989661,0.668099224
2018/2/15 21:00,0,2.061641931,0.624333322
2018/2/15 21:15,0,2.19911782,0.783517063
2018/2/15 21:30,0,2.228609641,0.775534411
2018/2/15 21:45,0,2.920962572,1.474713207
2018/2/15 22:00,0,2.618399859,1.124000708
2018/2/15 22:15,0,2.097075144,0.645573696
2018/2/15 22:30,0,2.357041677,0.940037588
2018/2/15 22:45,0,2.392264485,0.985186577
2018/2/15 23:00,0,1.315550685,0.52688698
2018/2/15 23:15,0,1.526860158,0.538606445
2018/2/15 23:30,0,1.870386998,0.551647842
2018/2/15 23:45,0,1.871231516,0.559185267
2018/2/16 0:00,0,1.685013215,0.56408596
2018/2/16 0:15,0,2.175506115,0.785458426
2018/2/16 0:30,0,1.667969306,0.581342419
2018/2/16 0:45,0,1.929243326,0.681037446
2018/2/16 1:00,0,2.025826693,0.664152642
2018/2/16 1:15,0,2.127333283,0.702549338
2018/2/16 1:30,0,2.49914511,0.976780653
2018/2/16 1:45,0,2.83593289,1.32824405
2018/2/16 2:00,0,2.79200697,1.388855735
2018/2/16 2:15,0,2.645480712,1.160191576
2018/2/16 2:30,0,2.436176459,0.940656662
2018/2/16 2:45,0,1.954251289,0.586702824
2018/2/16 3:00,0,2.73703599,1.269543171
2018/2/16 3:15,0,2.807693561,1.452061772
2018/2/16 3:30,0,2.676513195,1.151594123
2018/2/16 3:45,0,2.733146985,1.252588193
2018/2/16 4:00,0,2.608177026,1.115766207
2018/2/16 4:15,0,2.52954634,0.9336827
2018/2/16 4:30,0,2.206881444,0.708008369
2018/2/16 4:45,0,2.192386786,0.698020796
2018/2/16 5:00,0,2.345811208,0.855964919
2018/2/16 5:15,0,2.594704072,1.051351667
2018/2/16 5:30,0,2.766314984,1.293982267
2018/2/16 5:45,0,1.838455637,0.541362047
2018/2/16 6:00,0,2.18275249,0.710502426
2018/2/16 6:15,0,2.800453981,1.332813342
2018/2/16 6:30,0,6.198148092,4.58913215
2018/2/16 6:45,0.05676666,19.91419093,17.51869297
2018/2/16 7:00,0.177677791,43.70078277,39.641023
2018/2/16 7:15,0.238455559,50.36587143,43.73130417
2018/2/16 7:30,0.719611088,131.759407,103.8020528
2018/2/16 7:45,0.867077708,177.4199371,153.5222982
2018/2/16 8:00,0.542088946,110.4655151,107.7647832
2018/2/16 8:15,0.717422207,138.6299108,136.3438772
2018/2/16 8:30,1.016477664,192.1531321,187.1758576
2018/2/16 8:45,1.363055468,250.9615987,245.1113078
2018/2/16 9:00,1.493322174,274.23703,262.6139018
2018/2/16 9:15,1.367155552,252.0188395,246.3298747
2018/2/16 9:30,1.56745557,282.815094,274.8155314
2018/2/16 9:45,1.741966645,321.5631409,301.2502645
2018/2/16 10:00,1.660133243,340.3889771,324.5791321
2018/2/16 10:15,1.145433386,237.0481161,233.1594493
2018/2/16 10:30,1.04135561,208.4897817,206.2612763
2018/2/16 10:45,1.197877884,225.4046224,221.147522
2018/2/16 11:00,1.940666557,352.0449829,329.1691386
2018/2/16 11:15,2.00858887,394.5397339,385.6607869
2018/2/16 11:30,2.180177689,406.3116964,400.7699687
2018/2/16 11:45,3.238366524,654.6087443,544.5905151
2018/2/16 12:00,3.076744398,634.2134196,559.6885986
2018/2/16 12:15,3.62208883,731.3837077,582.0362549
2018/2/16 12:30,2.873011192,655.62913,520.5552979
2018/2/16 12:45,1.898011088,393.1353048,372.7635701
2018/2/16 13:00,1.70573326,324.5143839,307.8019409
2018/2/16 13:15,1.387399952,258.672231,251.7483877
2018/2/16 13:30,1.99786663,349.7956848,340.5607808
2018/2/16 13:45,2.605733315,513.2494812,470.4452311
2018/2/16 14:00,3.777333577,829.9062297,480.7952677
2018/2/16 14:15,4.403866927,979.3871258,340.0258179
2018/2/16 14:30,3.284588973,751.4868164,308.8622233
2018/2/16 14:45,4.057677825,856.1521199,295.2692159
2018/2/16 15:00,2.723577658,576.2088928,223.6184235
2018/2/16 15:15,1.247588952,248.3497213,227.3882599
2018/2/16 15:30,1.426044424,272.2443949,252.6774394
2018/2/16 15:45,1.565966725,310.4654439,283.7489726
2018/2/16 16:00,1.606455604,317.1210022,290.309967
2018/2/16 16:15,1.716144482,347.6543274,300.9294434
2018/2/16 16:30,1.27802221,266.3650716,252.620875
2018/2/16 16:45,1.148066759,232.2451681,224.5611725
2018/2/16 17:00,1.10514454,218.2652232,213.3939006
2018/2/16 17:15,1.018911123,205.899175,200.7476603
2018/2/16 17:30,1.031166633,204.4573262,170.1152344
2018/2/16 17:45,1.707300107,379.2521566,148.9555918
2018/2/16 18:00,0.686077714,166.9033101,148.1935069
2018/2/16 18:15,0.484377751,121.9762599,111.5148239
2018/2/16 18:30,0.25615555,74.69418081,69.91336314
2018/2/16 18:45,0.109200008,39.69939105,37.01423963
2018/2/16 19:00,0.020055552,16.01613458,14.34018389
2018/2/16 19:15,0,5.017255068,3.577217499
2018/2/16 19:30,0,3.092008988,1.772780657
2018/2/16 19:45,0,2.797176361,1.491957823
2018/2/16 20:00,0,2.616198301,1.298227469
2018/2/16 20:15,0,2.681928158,1.284532348
2018/2/16 20:30,0,2.52249225,1.129702985
2018/2/16 20:45,0,2.278874278,0.926292698
2018/2/16 21:00,0,1.81998074,0.680014352
2018/2/16 21:15,0,1.8015668,0.743225157
2018/2/16 21:30,0,2.646579663,1.286534508
2018/2/16 21:45,0,2.731922468,1.363791506
2018/2/16 22:00,0,2.803241968,1.46858112
2018/2/16 22:15,0,2.103053172,0.734750907
2018/2/16 22:30,0,3.109813293,1.75579226
2018/2/16 22:45,0,3.189169566,1.804978013
2018/2/16 23:00,0,6.014714241,4.508858363
2018/2/16 23:15,0,6.591575305,5.08087043
2018/2/16 23:30,0,1.268271049,0.571542422
2018/2/16 23:45,0,1.454404593,0.668627958
2018/2/17 0:00,0,1.317697763,0.612910926
2018/2/17 0:15,0,2.314507484,0.94866093
2018/2/17 0:30,0,1.871915142,0.663478613
2018/2/17 0:45,0,1.558222055,0.650256892
2018/2/17 1:00,0,2.545758804,1.107953111
2018/2/17 1:15,0,2.241515795,0.963185052
2018/2/17 1:30,0,1.589876691,0.632946551
2018/2/17 1:45,0,2.130937974,0.834343632
2018/2/17 2:00,0,2.552072048,1.142343839
2018/2/17 2:15,0,2.555366119,1.105855067
2018/2/17 2:30,0,2.552026192,1.174554388
2018/2/17 2:45,0,1.443480094,0.659525394
2018/2/17 3:00,0,1.821737925,0.66641587
2018/2/17 3:15,0,2.606377125,1.214049538
2018/2/17 3:30,0,3.094368696,1.634519656
2018/2/17 3:45,0,3.935592731,2.531447092
2018/2/17 4:00,0,3.671597163,2.228910208
2018/2/17 4:15,0,2.833414078,1.50745519
2018/2/17 4:30,0,1.765945474,0.623854796
2018/2/17 4:45,0,1.789332906,0.65761439
2018/2/17 5:00,0,3.354957183,1.907144547
2018/2/17 5:15,0,4.662614187,3.087712526
2018/2/17 5:30,0,3.933134079,2.516805331
2018/2/17 5:45,0,2.939960797,1.481935382
2018/2/17 6:00,0,3.545269251,2.006853223
2018/2/17 6:15,0,4.116143545,2.542216579
2018/2/17 6:30,0.023933331,12.96478415,10.8815972
2018/2/17 6:45,0.103388896,41.69551213,25.04106267
2018/2/17 7:00,0.130888894,37.0461839,25.16710027
2018/2/17 7:15,0.318322211,40.41477839,23.87933604
2018/2/17 7:30,0.716222207,161.5083389,21.27810033
2018/2/17 7:45,1.070022186,258.5681508,27.14139938
2018/2/17 8:00,1.435300072,328.5979004,32.27395121
2018/2/17 8:15,1.804755569,391.8454285,36.37766266
2018/2/17 8:30,2.152566671,446.7952677,42.11005529
2018/2/17 8:45,2.474811077,510.527476,45.19129817
2018/2/17 9:00,2.769622326,570.5766805,48.69404348
2018/2/17 9:15,3.045944452,625.8647054,50.657547
2018/2/17 9:30,3.280011098,683.3099365,53.8575325
2018/2/17 9:45,3.531077862,741.3416951,61.64170202
2018/2/17 10:00,3.728100061,793.6643067,66.5795517
2018/2/17 10:15,3.903500239,843.9736328,70.55394491
2018/2/17 10:30,4.0770998,886.3798625,70.38753764
2018/2/17 10:45,4.245333354,925.9381307,72.47723897
2018/2/17 11:00,4.374022007,962.9012858,79.01979828
2018/2/17 11:15,4.518433412,1007.147298,88.27494049
2018/2/17 11:30,4.591422081,1022.193868,94.80288442
2018/2/17 11:45,4.411155542,824.319051,113.7904282
2018/2/17 12:00,4.57070001,1120.995972,161.3549601
2018/2/17 12:15,4.932822227,1191.175781,203.8281504
2018/2/17 12:30,4.837655544,1197.412109,198.4825999
2018/2/17 12:45,4.985488892,1179.755615,195.8463084
2018/2/17 13:00,1.392360667,1277.980184,294.1435751
2018/2/17 13:15,1.392360667,866.4616494,409.8133138
2018/2/17 13:30,1.392360667,736.3549805,511.1836955
2018/2/17 13:45,1.392360667,738.5126141,488.6566772
2018/2/17 14:00,1.392360667,995.2297361,541.6104533
2018/2/17 14:15,1.392360667,551.420105,498.5308634
2018/2/17 14:30,1.392360667,415.1413473,399.1160075
2018/2/17 14:45,1.392360667,465.1743673,407.3851623
2018/2/17 15:00,1.392360667,537.6800537,440.6468913
2018/2/17 15:15,1.392360667,749.9802449,430.6374715
2018/2/17 15:30,1.392360667,631.8004354,408.2312622
2018/2/17 15:45,1.392360667,594.7281189,261.0130819
2018/2/17 16:00,1.392360667,854.0635579,211.0988719
2018/2/17 16:15,1.392360667,415.3614756,215.9989929
2018/2/17 16:30,1.392360667,215.0540365,191.343043
2018/2/17 16:45,1.392360667,194.8402659,175.0467173
2018/2/17 17:00,1.392360667,226.3510844,197.5135295
2018/2/17 17:15,1.392360667,345.4426371,147.0699844
2018/2/17 17:30,1.392360667,154.5232976,107.6184209
2018/2/17 17:45,1.392360667,123.4985631,114.040507
2018/2/17 18:00,1.392360667,108.2518921,101.8157959
2018/2/17 18:15,1.392360667,67.12143707,64.51183574
2018/2/17 18:30,1.392360667,41.87972895,38.84347407
2018/2/17 18:45,1.392360667,22.99155045,20.94790935
2018/2/17 19:00,1.392360667,9.883026759,8.439549765
2018/2/17 19:15,1.392360667,4.814975421,3.433000405
2018/2/17 19:30,1.392360667,2.949655613,1.602488558
2018/2/17 19:45,1.392360667,3.064636866,1.694485784
2018/2/17 20:00,1.392360667,3.06888771,1.712140481
2018/2/17 20:15,1.392360667,2.71802783,1.410234491
2018/2/17 20:30,1.392360667,2.625778595,1.2829446
2018/2/17 20:45,1.392360667,2.1487933,0.820423921
2018/2/17 21:00,1.392360667,2.21210734,0.886921902
2018/2/17 21:15,1.392360667,2.655727307,1.315607428
2018/2/17 21:30,1.392360667,2.303501129,0.909126699
2018/2/17 21:45,1.392360667,2.217675288,0.848121365
2018/2/17 22:00,1.392360667,2.235133171,0.875431835
2018/2/17 22:15,1.392360667,1.72649165,0.806149066
2018/2/17 22:30,1.392360667,1.661062638,0.868587176
2018/2/17 22:45,1.392360667,5.64647309,4.296038628
2018/2/17 23:00,1.392360667,1.545244495,0.658275922
2018/2/17 23:15,1.392360667,1.968379696,0.715836962
2018/2/17 23:30,1.392360667,2.140161912,0.772788267
2018/2/17 23:45,1.392360667,2.834668398,1.509251833
2018/2/18 0:00,1.392360667,2.747275988,1.388345997
2018/2/18 0:15,1.392360667,2.617961566,1.237927933
2018/2/18 0:30,1.392360667,2.171734413,0.736813923
2018/2/18 0:45,1.392360667,2.051581502,0.701414506
2018/2/18 1:00,1.392360667,1.951088746,0.713045994
2018/2/18 1:15,1.392360667,2.376197179,0.9695641
2018/2/18 1:30,1.392360667,2.438062032,1.030336698
2018/2/18 1:45,1.392360667,2.583082676,1.149302403
2018/2/18 2:00,1.392360667,2.567869742,1.09705474
2018/2/18 2:15,1.392360667,2.105638504,0.693344017
2018/2/18 2:30,1.392360667,2.197524707,0.79186966
2018/2/18 2:45,1.392360667,2.400358915,1.00544864
2018/2/18 3:00,1.392360667,2.451748133,0.990731319
2018/2/18 3:15,1.392360667,2.369366169,0.952543835
2018/2/18 3:30,1.392360667,2.306086461,0.875801464
2018/2/18 3:45,1.392360667,2.463542541,1.014630735
2018/2/18 4:00,1.392360667,2.127680142,0.68359683
2018/2/18 4:15,1.392360667,2.261472941,0.834881365
2018/2/18 4:30,1.392360667,2.017616828,0.660718838
2018/2/18 4:45,1.392360667,1.98776571,0.657584548
2018/2/18 5:00,1.392360667,1.974722942,0.62988315
2018/2/18 5:15,1.392360667,1.974495133,0.659724871
2018/2/18 5:30,1.392360667,1.332611839,0.60784924
2018/2/18 5:45,1.392360667,1.779966354,0.634935935
2018/2/18 6:00,1.392360667,1.927901665,0.693897486
2018/2/18 6:15,1.392360667,4.391053518,2.912583669
2018/2/18 6:30,1.392360667,10.14333391,8.528615952
2018/2/18 6:45,1.392360667,17.67057355,15.04707782
2018/2/18 7:00,1.392360667,43.30090968,41.50493558
2018/2/18 7:15,1.392360667,82.09558106,79.97349548
2018/2/18 7:30,1.392360667,90.99067179,87.07036336
2018/2/18 7:45,1.392360667,89.6068929,85.92225393
2018/2/18 8:00,1.392360667,80.10151672,74.43091075
2018/2/18 8:15,1.392360667,89.74936167,86.17792258
2018/2/18 8:30,1.392360667,182.9867503,156.1842092
2018/2/18 8:45,1.392360667,343.4984894,170.4638316
2018/2/18 9:00,1.392360667,595.6816813,121.2646917
2018/2/18 9:15,1.392360667,633.7879435,94.56689199
2018/2/18 9:30,1.392360667,653.7537028,96.65327961
2018/2/18 9:45,1.392360667,736.0065511,132.1745199
2018/2/18 10:00,1.392360667,816.7999674,109.3459752
2018/2/18 10:15,1.392360667,860.4522909,99.29983267
2018/2/18 10:30,1.392360667,869.2707926,121.1583176
2018/2/18 10:45,1.392360667,935.9719238,126.744489
2018/2/18 11:00,1.392360667,950.9972738,131.9819997
2018/2/18 11:15,1.392360667,1021.882487,134.3849513
2018/2/18 11:30,1.392360667,876.3485312,229.8580526
2018/2/18 11:45,1.392360667,991.9209595,174.8644816
2018/2/18 12:00,1.392360667,1117.421102,181.4613393
2018/2/18 12:15,1.392360667,797.8363444,255.3917135
2018/2/18 12:30,1.392360667,1177.398112,244.089325
2018/2/18 12:45,1.392360667,1190.858968,212.4971924
2018/2/18 13:00,1.392360667,1176.92863,207.7471669
2018/2/18 13:15,1.392360667,1133.944336,202.4500071
2018/2/18 13:30,1.392360667,1013.362671,239.8405304
2018/2/18 13:45,1.392360667,966.4260049,314.3881632
2018/2/18 14:00,1.392360667,1034.521383,343.6909078
2018/2/18 14:15,1.392360667,841.7668864,322.2419332
2018/2/18 14:30,1.392360667,949.9519248,339.4830424
2018/2/18 14:45,1.392360667,1012.35787,351.3579712
2018/2/18 15:00,1.392360667,914.1032715,287.8971252
2018/2/18 15:15,1.392360667,736.9459839,205.2753855
2018/2/18 15:30,1.392360667,844.8299764,211.2477722
2018/2/18 15:45,1.392360667,881.2971599,223.0318349
2018/2/18 16:00,1.392360667,704.3217977,187.8630778
2018/2/18 16:15,1.392360667,169.3545024,156.3811493
2018/2/18 16:30,1.392360667,301.1576538,149.3774796
2018/2/18 16:45,1.392360667,489.9130351,199.1825206
2018/2/18 17:00,1.392360667,425.8296611,190.5953725
2018/2/18 17:15,1.392360667,223.4605662,153.6312815
2018/2/18 17:30,1.392360667,140.6527939,99.508962
2018/2/18 17:45,1.392360667,125.7034455,107.7992605
2018/2/18 18:00,1.392360667,97.03229778,90.64072674
2018/2/18 18:15,1.392360667,89.87494151,84.25639597
2018/2/18 18:30,1.392360667,43.03903198,40.4323349
2018/2/18 18:45,1.392360667,22.31437238,20.56449699
2018/2/18 19:00,1.392360667,8.857470195,7.436979771
2018/2/18 19:15,1.392360667,3.77224048,2.448424657
2018/2/18 19:30,1.392360667,2.869578997,1.61798048
2018/2/18 19:45,1.392360667,3.118756453,1.825981696
2018/2/18 20:00,1.392360667,2.345076402,1.009866099
2018/2/18 20:15,1.392360667,2.895721118,1.565436701
2018/2/18 20:30,1.392360667,4.917657057,3.485452175
2018/2/18 20:45,1.392360667,4.060481548,3.064182758
2018/2/18 21:00,1.392360667,1.905282219,0.724690537
2018/2/18 21:15,1.392360667,2.107748787,0.795347114
2018/2/18 21:30,1.392360667,1.836002986,0.692082604
2018/2/18 21:45,1.392360667,2.088317434,0.777879497
2018/2/18 22:00,1.392360667,2.729792038,1.350457986
2018/2/18 22:15,1.392360667,2.400734345,1.05344067
2018/2/18 22:30,1.392360667,2.385860205,1.043414176
2018/2/18 22:45,1.392360667,2.69460082,1.2807827
2018/2/18 23:00,1.392360667,2.563970248,1.214601795
2018/2/18 23:15,1.392360667,2.331857284,0.932478348
2018/2/18 23:30,1.392360667,2.409063975,0.960140149
2018/2/18 23:45,1.392360667,2.000316302,0.759343783
2018/2/19 0:00,1.392360667,1.802910884,0.676836451
2018/2/19 0:15,1.392360667,2.016708453,0.693487525
2018/2/19 0:30,1.392360667,2.091015339,0.716112256
2018/2/19 0:45,1.392360667,2.133532762,0.756696105
2018/2/19 1:00,1.392360667,2.027348598,0.689110677
2018/2/19 1:15,1.392360667,2.024957975,0.70035998
2018/2/19 1:30,1.392360667,2.314264456,0.961434663
2018/2/19 1:45,1.392360667,2.719073375,1.32403632
2018/2/19 2:00,1.392360667,2.16485246,0.784269313
2018/2/19 2:15,1.392360667,2.09777077,0.694404383
2018/2/19 2:30,1.392360667,2.124901533,0.746183713
2018/2/19 2:45,1.392360667,2.257324855,0.81477956
2018/2/19 3:00,1.392360667,2.467601538,1.045062045
2018/2/19 3:15,1.392360667,2.480106195,1.038951635
2018/2/19 3:30,1.392360667,2.284386952,0.837169647
2018/2/19 3:45,1.392360667,2.049361428,0.674691737
2018/2/19 4:00,1.392360667,1.964081446,0.637778699
2018/2/19 4:15,1.392360667,1.972775777,0.655759454
2018/2/19 4:30,1.392360667,1.947776754,0.638741116
2018/2/19 4:45,1.392360667,2.155384461,0.778309405
2018/2/19 5:00,1.392360667,2.815690597,1.385148645
2018/2/19 5:15,1.392360667,2.562867562,1.14462465
2018/2/19 5:30,1.392360667,2.558347146,1.103230158
2018/2/19 5:45,1.392360667,1.833871087,0.628968219
2018/2/19 6:00,1.392360667,1.839492758,0.627684533
2018/2/19 6:15,1.392360667,3.157420317,1.807690859
2018/2/19 6:30,1.392360667,9.513335705,7.868846733
2018/2/19 6:45,1.392360667,25.93294017,15.5030632
2018/2/19 7:00,1.392360667,41.63802846,22.17519697
2018/2/19 7:15,1.392360667,50.19548671,26.72925377
2018/2/19 7:30,1.392360667,117.6116663,27.22782644
2018/2/19 7:45,1.392360667,253.3842061,31.01471901
2018/2/19 8:00,1.392360667,325.9348043,36.79602305
2018/2/19 8:15,1.392360667,390.7674662,40.97113164
2018/2/19 8:30,1.392360667,449.960144,46.81654358
2018/2/19 8:45,1.392360667,509.5900269,49.54017258
2018/2/19 9:00,1.89088885,570.5111491,53.1672554
2018/2/19 9:15,3.108444452,627.9880574,57.99078242
2018/2/19 9:30,3.366733313,682.567159,60.73858007
2018/2/19 9:45,3.592533191,737.6778361,68.40916189
2018/2/19 10:00,3.728755792,782.3525798,81.86602529
2018/2/19 10:15,4.023355563,849.7567749,82.92640177
2018/2/19 10:30,4.16957744,895.4088745,83.15045675
2018/2/19 10:45,4.305000146,937.4644165,93.05293275
2018/2/19 11:00,4.107177576,900.192037,122.4854431
2018/2/19 11:15,4.421399911,977.6893514,114.8159637
2018/2/19 11:30,4.539355437,1019.976726,112.8162181
2018/2/19 11:45,4.604955197,1052.122681,103.5960821
2018/2/19 12:00,4.635844707,1065.327271,98.97436779
2018/2/19 12:15,4.655621846,1083.752767,97.49356079
2018/2/19 12:30,4.715111415,1094.952352,95.81606293
2018/2/19 12:45,4.654466629,1087.024902,90.53279622
2018/2/19 13:00,4.693977833,1090.743612,96.8286133
2018/2/19 13:15,4.703022162,1093.124919,107.3839493
2018/2/19 13:30,4.733088811,1069.919372,134.5181122
2018/2/19 13:45,3.549355507,786.3019307,216.3176269
2018/2/19 14:00,4.216399987,776.3945516,238.3212382
2018/2/19 14:15,4.714089076,1121.685994,231.9771271
2018/2/19 14:30,3.441266616,892.9960428,274.2393087
2018/2/19 14:45,3.401400089,731.3917898,212.2876129
2018/2/19 15:00,3.599844376,852.063029,284.9511719
2018/2/19 15:15,3.310799837,771.4454142,304.2639872
2018/2/19 15:30,4.569933255,975.0059205,293.3746948
2018/2/19 15:45,3.860555808,867.1779582,197.0433706
2018/2/19 16:00,2.50240012,575.6771444,144.5101522
2018/2/19 16:15,2.883199851,551.2322388,139.5658442
2018/2/19 16:30,3.272266468,677.2145386,218.0105337
2018/2/19 16:45,2.341955543,482.8308309,197.6570079
2018/2/19 17:00,1.669399977,405.5874125,176.0605316
2018/2/19 17:15,0.669666628,207.5971019,140.9235636
2018/2/19 17:30,0.37217775,92.19614158,86.73235065
2018/2/19 17:45,0.419533243,69.72896067,63.71919378
2018/2/19 18:00,0.37508892,62.64339829,51.23255285
2018/2/19 18:15,0.296600034,55.55082576,49.83467356
2018/2/19 18:30,0.206377765,44.42938868,41.20124817
2018/2/19 18:45,0.100955541,30.12943332,28.68257968
2018/2/19 19:00,0.044133325,20.66137568,19.05407143
2018/2/19 19:15,0.000466667,5.382069111,4.053927024
2018/2/19 19:30,0,2.047406157,0.810373227
2018/2/19 19:45,0,1.742913048,0.738031785
2018/2/19 20:00,0,3.302732468,1.892706871
2018/2/19 20:15,0,3.385402203,2.008804401
2018/2/19 20:30,0,3.176206032,1.825253566
2018/2/19 20:45,0,2.339860837,1.0159567
2018/2/19 21:00,0,1.970666806,0.726353387
2018/2/19 21:15,0,2.352308432,0.996958295
2018/2/19 21:30,0,2.394547065,0.972944737
2018/2/19 21:45,0,2.434003353,1.094643036
2018/2/19 22:00,0,2.183921973,0.897739808
2018/2/19 22:15,0,1.456481059,0.662704825
2018/2/19 22:30,0,1.705285867,0.666449666
2018/2/19 22:45,0,1.763942599,0.715707064
2018/2/19 23:00,0,2.329358379,0.949739953
2018/2/19 23:15,0,2.618754784,1.214821418
2018/2/19 23:30,0,3.364674489,1.989123503
2018/2/19 23:45,0,2.104042967,0.981294831
2018/2/20 0:00,0,1.317569812,0.657601933
2018/2/20 0:15,0,1.769018849,0.679176668
2018/2/20 0:30,0,3.344054063,1.951758544
2018/2/20 0:45,0,3.289373954,1.864682317
2018/2/20 1:00,0,3.063285986,1.655785799
2018/2/20 1:15,0,2.733299017,1.336221337
2018/2/20 1:30,0,2.774449825,1.394204656
2018/2/20 1:45,0,2.837360621,1.409720858
2018/2/20 2:00,0,2.734928211,1.290302992
2018/2/20 2:15,0,2.64316543,1.222810626
2018/2/20 2:30,0,2.415479421,0.966173331
2018/2/20 2:45,0,2.15678366,0.708842893
2018/2/20 3:00,0,2.194421053,0.761525571
2018/2/20 3:15,0,2.159546256,0.846369346
2018/2/20 3:30,0,1.718563239,0.634750128
2018/2/20 3:45,0,2.206659317,0.856306831
2018/2/20 4:00,0,2.172280351,0.857444564
2018/2/20 4:15,0,2.942339261,1.548849503
2018/2/20 4:30,0,3.146222989,1.704456449
2018/2/20 4:45,0,3.096524874,1.736165007
2018/2/20 5:00,0,2.918166161,1.503620545
2018/2/20 5:15,0,3.258266767,1.778849403
2018/2/20 5:30,0,2.097592553,0.766142587
2018/2/20 5:45,0,1.539098382,0.57172209
2018/2/20 6:00,0,2.148294051,0.752099772
2018/2/20 6:15,0,2.574866136,1.154551903
2018/2/20 6:30,0.001933333,8.743705751,7.118468761
2018/2/20 6:45,0.025911109,13.19840177,11.46406651
2018/2/20 7:00,0.072088882,22.01265271,17.11848227
2018/2/20 7:15,0.137466679,30.87034734,23.15768115
2018/2/20 7:30,0.363155584,63.51338705,35.5094401
2018/2/20 7:45,0.524311095,110.5850016,54.63256073
2018/2/20 8:00,1.372977773,282.575119,70.5664444
2018/2/20 8:15,1.837844332,378.9974976,68.54082489
2018/2/20 8:30,2.210911115,457.3151449,86.78555806
2018/2/20 8:45,2.109822233,445.4655152,95.63860321
2018/2/20 9:00,2.685911099,534.8854879,113.331927
2018/2/20 9:15,3.150755644,645.3631185,124.1469294
2018/2/20 9:30,3.38362217,697.6706543,120.8889033
2018/2/20 9:45,3.671933333,762.9406535,128.6373698
2018/2/20 10:00,3.967821916,850.9826253,187.2964478
2018/2/20 10:15,3.911622127,878.6317749,228.6559855
2018/2/20 10:30,3.200644255,805.5321043,267.0291443
2018/2/20 10:45,3.039333344,653.5917765,278.9878642
2018/2/20 11:00,3.374400059,680.0758057,384.1306457
2018/2/20 11:15,4.466266314,960.1384277,204.1795197
2018/2/20 11:30,4.450288772,999.5359293,253.5655823
2018/2/20 11:45,4.62682263,1024.1804,413.7659708
2018/2/20 12:00,4.762822469,1088.58844,405.681488
2018/2/20 12:15,4.245489041,984.1239219,460.0988973
2018/2/20 12:30,4.636400223,1014.978109,347.3622843
2018/2/20 12:45,4.645399888,1077.419515,143.3504893
2018/2/20 13:00,3.317466975,777.6236166,109.5834783
2018/2/20 13:15,4.591466586,1055.244629,121.3386637
2018/2/20 13:30,4.556132952,1029.147339,136.7779846
2018/2/20 13:45,4.540155411,1031.975383,142.0783336
2018/2/20 14:00,4.538733164,1016.57963,134.028094
2018/2/20 14:15,4.49179999,1004.171041,171.8459116
2018/2/20 14:30,3.984066804,902.7334798,324.8836263
2018/2/20 14:45,3.879955451,773.2546183,323.6821187
2018/2/20 15:00,3.186377843,790.9863281,252.1676534
2018/2/20 15:15,4.363377889,970.363322,233.2281291
2018/2/20 15:30,2.853111188,761.4224854,208.0825755
2018/2/20 15:45,3.319488684,745.3134562,248.9549611
2018/2/20 16:00,3.786800067,822.6513468,270.2172038
2018/2/20 16:15,3.166555405,702.9316813,228.5153402
2018/2/20 16:30,3.390666644,731.5328979,217.0157623
2018/2/20 16:45,1.329244534,299.0550232,211.3866119
2018/2/20 17:00,1.628311117,320.3720601,198.6804962
2018/2/20 17:15,2.33553346,485.6760152,198.6947377
2018/2/20 17:30,1.362066706,253.9862315,167.2731171
2018/2/20 17:45,1.368999998,335.2447916,126.8570251
2018/2/20 18:00,1.124222179,289.9938558,122.4614131
2018/2/20 18:15,0.493155559,156.3239772,98.6437022
2018/2/20 18:30,0.250888919,98.62197112,59.4215215
2018/2/20 18:45,0.09379999,59.06994248,38.92614873
2018/2/20 19:00,0.012111109,20.83008989,18.71911494
2018/2/20 19:15,0,5.695967118,4.404329141
2018/2/20 19:30,0,3.357487519,2.01276044
2018/2/20 19:45,0,3.299971978,1.982331673
2018/2/20 20:00,0,2.542556127,1.230472783
2018/2/20 20:15,0,2.4551332,1.200575908
2018/2/20 20:30,0,2.047841787,0.787434518
2018/2/20 20:45,0,3.153264443,1.876084328
2018/2/20 21:00,0,3.081098874,1.743555128
2018/2/20 21:15,0,1.866002123,0.70366468
2018/2/20 21:30,0,1.514162024,0.687812905
2018/2/20 21:45,0,1.905406157,0.723689755
2018/2/20 22:00,0,2.266679605,0.938452006
2018/2/20 22:15,0,2.625191371,1.217461546
2018/2/20 22:30,0,2.294541518,0.986374676
2018/2/20 22:45,0,1.924987316,0.743684351
2018/2/20 23:00,0,2.241985321,0.969954034
2018/2/20 23:15,0,2.635085821,1.336905877
2018/2/20 23:30,0,2.554801782,1.185076515
2018/2/20 23:45,0,2.635450363,1.280784369
2018/2/21 0:00,0,2.406791369,1.101789355
2018/2/21 0:15,0,1.994110346,0.754542669
2018/2/21 0:30,0,1.957529505,0.705496331
2018/2/21 0:45,0,1.614616632,0.652671993
2018/2/21 1:00,0,1.753486713,0.685612559
2018/2/21 1:15,0,2.572261492,1.335561017
2018/2/21 1:30,0,2.428853472,1.14082245
2018/2/21 1:45,0,2.685553869,1.394276023
2018/2/21 2:00,0,2.133420944,0.794582248
2018/2/21 2:15,0,2.189849615,0.838396589
2018/2/21 2:30,0,2.561811288,1.172722896
2018/2/21 2:45,0,1.962343931,0.734294693
2018/2/21 3:00,0,1.843999068,0.64920797
2018/2/21 3:15,0,2.311796029,0.951951941
2018/2/21 3:30,0,2.220688701,0.92213289
2018/2/21 3:45,0,1.700584968,0.64281253
2018/2/21 4:00,0,2.254739205,0.890771747
2018/2/21 4:15,0,2.8720692,1.532817602
2018/2/21 4:30,0,2.608010848,1.199266593
2018/2/21 4:45,0,2.931037823,1.570908189
2018/2/21 5:00,0,2.909169118,1.56929789
2018/2/21 5:15,0,2.754390876,1.338929733
2018/2/21 5:30,0,3.027469794,1.623770674
2018/2/21 5:45,0,2.868903319,1.428916891
2018/2/21 6:00,0,2.074976643,0.714096347
2018/2/21 6:15,0,3.17163833,1.730343719
2018/2/21 6:30,0.027222219,13.39002896,11.53080781
2018/2/21 6:45,0.113266671,36.59268633,27.67733701
2018/2/21 7:00,0.185933337,52.77252833,37.03354772
2018/2/21 7:15,0.340288878,55.76247279,34.27052434
2018/2/21 7:30,0.68233333,87.65974554,33.43396759
2018/2/21 7:45,1.038644393,239.3134613,34.95186678
2018/2/21 8:00,1.411800027,311.256307,42.1500651
2018/2/21 8:15,1.776555578,377.1898905,48.44976298
2018/2/21 8:30,2.134200017,438.825531,52.54100164
2018/2/21 8:45,2.472533385,500.5375773,57.2617747
2018/2/21 9:00,2.78922224,562.0715536,63.58085251
2018/2/21 9:15,3.009378036,611.4016723,70.75982157
2018/2/21 9:30,3.291844288,671.1260172,78.51365916
2018/2/21 9:45,3.508955558,734.4029338,92.3510208
2018/2/21 10:00,3.72155571,788.5966797,104.5907186
2018/2/21 10:15,3.872933547,829.9374186,98.52683259
2018/2/21 10:30,4.012844562,876.8595378,102.4948832
2018/2/21 10:45,4.16897742,916.412679,106.8354772
2018/2/21 11:00,4.27728939,947.6008708,105.3648021
2018/2/21 11:15,4.364555359,978.9717611,110.1255493
2018/2/21 11:30,4.520978133,1010.129252,117.8359248
2018/2/21 11:45,4.546466668,1034.013591,117.9440587
2018/2/21 12:00,4.506444295,1042.19342,117.2407328
2018/2/21 12:15,4.630178293,1063.166382,114.0519282
2018/2/21 12:30,4.534044584,1045.684347,125.9321264
2018/2/21 12:45,4.72837766,1114.592692,143.6472168
2018/2/21 13:00,4.609288693,1068.605591,121.6156972
2018/2/21 13:15,4.612422148,1068.90271,110.7530975
2018/2/21 13:30,4.59151125,1053.281128,111.5511373
2018/2/21 13:45,4.418599924,1021.643819,121.346962
2018/2/21 14:00,4.490577857,1025.203125,123.1090393
2018/2/21 14:15,4.420578162,989.5564168,113.2814153
2018/2/21 14:30,4.275577704,958.7623087,113.2145513
2018/2/21 14:45,4.194866816,929.2438762,121.3552068
2018/2/21 15:00,4.074777762,910.7290853,127.0436122
2018/2/21 15:15,3.273644646,818.2249552,116.5386124
2018/2/21 15:30,2.015955587,742.9082031,105.9204661
2018/2/21 15:45,3.625177702,774.773173,112.4215418
2018/2/21 16:00,2.851888816,595.9452515,133.2284647
2018/2/21 16:15,3.290355444,663.2602336,137.1560415
2018/2/21 16:30,2.684911172,575.1978862,127.1872762
2018/2/21 16:45,1.428555588,321.3345032,126.0227102
2018/2/21 17:00,0.662644386,148.8682353,138.131134
2018/2/21 17:15,0.624777754,141.0010681,133.6247406
2018/2/21 17:30,0.520555516,116.9048259,111.7904231
2018/2/21 17:45,0.427622179,96.96415711,94.52496085
2018/2/21 18:00,0.400911103,91.53993479,81.00587718
2018/2/21 18:15,0.389222205,91.79437002,83.67713165
2018/2/21 18:30,0.261377767,76.65989939,61.89153417
2018/2/21 18:45,0.095688879,39.72809029,32.98520787
2018/2/21 19:00,0.00691111,12.204724,10.77073526
2018/2/21 19:15,0,5.5693717,4.172189474
2018/2/21 19:30,0,3.650625785,2.358069261
2018/2/21 19:45,0,2.006468415,0.893975854
2018/2/21 20:00,0,2.661559741,1.434869488
2018/2/21 20:15,0,2.856964667,1.619906783
2018/2/21 20:30,0,3.131037871,1.845401128
2018/2/21 20:45,0,3.221401612,1.946467161
2018/2/21 21:00,0,2.190042019,0.967178881
2018/2/21 21:15,0,2.470695972,1.144557675
2018/2/21 21:30,0,3.448525111,2.102425536
2018/2/21 21:45,0,3.502806743,2.115944266
2018/2/21 22:00,0,2.82645305,1.391578913
2018/2/21 22:15,0,3.052463134,1.719346046
2018/2/21 22:30,0,3.342098872,1.926000317
2018/2/21 22:45,0,3.524205208,2.111922185
2018/2/21 23:00,0,3.466032108,2.018300692
2018/2/21 23:15,0,3.108056863,1.69462645
2018/2/21 23:30,0,2.592766841,1.208992263
2018/2/21 23:45,0,2.486762603,1.040415406
2018/2/22 0:00,0,2.648047288,1.179081181
2018/2/22 0:15,0,1.985226592,0.706677218
2018/2/22 0:30,0,1.60666728,0.607207418
2018/2/22 0:45,0,1.842627247,0.632105967
2018/2/22 1:00,0,1.867361864,0.623742124
2018/2/22 1:15,0,1.791736086,0.632475018
2018/2/22 1:30,0,1.431688309,0.614779671
2018/2/22 1:45,0,2.606851975,1.242544234
2018/2/22 2:00,0,1.991930564,0.785044094
2018/2/22 2:15,0,1.850274086,0.659880698
2018/2/22 2:30,0,2.229833683,0.858333767
2018/2/22 2:45,0,2.014866432,0.829346558
2018/2/22 3:00,0,2.46799008,1.056503633
2018/2/22 3:15,0,2.522044738,1.139956037
2018/2/22 3:30,0,3.906499942,2.456236919
2018/2/22 3:45,0,3.707139333,2.239038149
2018/2/22 4:00,0,3.313920419,1.901607394
2018/2/22 4:15,0,2.497890234,1.006824851
2018/2/22 4:30,0,2.260850271,0.837998668
2018/2/22 4:45,0,1.776368857,0.566358527
2018/2/22 5:00,0,2.299794594,1.019488673
2018/2/22 5:15,0,1.459880511,0.63731875
2018/2/22 5:30,0,1.250592113,0.601012925
2018/2/22 5:45,0,1.65194122,0.62691915
2018/2/22 6:00,0,2.421710094,1.024329722
2018/2/22 6:15,0,2.543968678,1.166637659
2018/2/22 6:30,0,5.56549859,4.169966221
2018/2/22 6:45,0.0126,8.934627533,6.962412357
2018/2/22 7:00,0.159800006,38.53465621,35.92456595
2018/2/22 7:15,0.459888876,77.85728963,64.53983943
2018/2/22 7:30,0.629844447,91.88598886,59.59108098
2018/2/22 7:45,0.770688902,168.6421865,54.83521653
2018/2/22 8:00,1.261133373,256.2433497,44.69496917
2018/2/22 8:15,1.795222282,379.0179443,51.23168818
2018/2/22 8:30,2.143666665,444.2785238,60.11044057
2018/2/22 8:45,2.407622258,500.8010864,68.8092041
2018/2/22 9:00,2.7230889,545.46285,82.67425283
2018/2/22 9:15,2.92824467,618.398173,124.6303202
2018/2/22 9:30,3.453711113,689.367513,181.0274709
2018/2/22 9:45,3.291644414,685.5975749,159.8737081
2018/2/22 10:00,3.431333462,743.0040283,201.924703
2018/2/22 10:15,3.645488977,777.6761881,173.1954295
2018/2/22 10:30,3.684000333,778.627299,192.4645437
2018/2/22 10:45,3.868599971,827.3628337,233.239212
2018/2/22 11:00,3.685066541,785.5151367,251.9588013
2018/2/22 11:15,3.624355714,794.3139445,359.5737305
2018/2/22 11:30,3.939177831,809.0545654,322.6623535
2018/2/22 11:45,4.163622379,893.2228801,246.8069305
2018/2/22 12:00,4.59875536,1016.254598,230.810852
2018/2/22 12:15,4.754933199,1096.147827,211.1371562
2018/2/22 12:30,4.655622323,1086.414876,197.2621002
2018/2/22 12:45,4.633599917,1078.586182,218.9736735
2018/2/22 13:00,4.448466778,992.905843,220.9751485
2018/2/22 13:15,4.501133124,999.4934692,223.561147
2018/2/22 13:30,4.743266901,1049.170939,220.154658
2018/2/22 13:45,4.561089039,1002.448283,195.3247172
2018/2/22 14:00,4.578444481,1001.652079,224.9146729
2018/2/22 14:15,4.609844367,1037.792236,212.4624329
2018/2/22 14:30,4.597200076,1005.968404,184.9681091
2018/2/22 14:45,3.07502222,638.6463114,210.4296773
2018/2/22 15:00,3.393955549,728.6388245,215.7635549
2018/2/22 15:15,1.872711082,430.1226654,158.3628184
2018/2/22 15:30,4.06433328,841.8070679,155.4212392
2018/2/22 15:45,2.69977808,602.9565328,151.3381144
2018/2/22 16:00,2.600311001,541.8733419,185.9369456
2018/2/22 16:15,3.225488821,672.9811401,221.4554443
2018/2/22 16:30,1.410911143,267.0409241,219.0387726
2018/2/22 16:45,1.497111082,323.2087758,198.6036021
2018/2/22 17:00,1.25342234,246.9462077,194.4142151
2018/2/22 17:15,1.725933472,352.5673269,164.3536733
2018/2/22 17:30,1.092222293,244.6294963,148.8013814
2018/2/22 17:45,0.972355505,211.5317078,126.6027374
2018/2/22 18:00,0.539000004,147.4051336,95.38415019
2018/2/22 18:15,0.274288898,75.42976125,67.52742004
2018/2/22 18:30,0.194288884,56.02641296,48.67953237
2018/2/22 18:45,0.105822228,45.90329742,30.85104879
2018/2/22 19:00,0.025866664,18.3129371,16.44008001
2018/2/22 19:15,-0.000488889,6.363019784,5.045877059
2018/2/22 19:30,0,3.112945398,1.858877142
2018/2/22 19:45,0,3.113752921,1.826488892
2018/2/22 20:00,0,3.491231362,2.177533348
2018/2/22 20:15,0,2.789079825,1.536001563
2018/2/22 20:30,0,2.142732541,0.840405584
2018/2/22 20:45,0,2.504471938,1.211685022
2018/2/22 21:00,0,2.092069228,0.78646791
2018/2/22 21:15,0,2.137103796,0.809174896
2018/2/22 21:30,0,2.064159076,0.801014741
2018/2/22 21:45,0,2.001358906,0.733879268
2018/2/22 22:00,0,1.940419713,0.688581764
2018/2/22 22:15,0,1.96432654,0.7454018
2018/2/22 22:30,0,1.815734386,0.75119851
2018/2/22 22:45,0,1.318619768,0.701905469
2018/2/22 23:00,0,1.946586092,0.769892037
2018/2/22 23:15,0,2.41003863,1.088103095
2018/2/22 23:30,0,2.410148382,1.071009298
2018/2/22 23:45,0,2.682035446,1.312528571
2018/2/23 0:00,0,2.494048834,1.17225341
2018/2/23 0:15,0,2.452507814,1.064736486
2018/2/23 0:30,0,1.882310669,0.703400989
2018/2/23 0:45,0,1.983740409,0.724509239
2018/2/23 1:00,0,1.920984268,0.704761028
2018/2/23 1:15,0,1.821704467,0.682689905
2018/2/23 1:30,0,1.953565876,0.703789115
2018/2/23 1:45,0,4.210835775,2.800529599
2018/2/23 2:00,0,20.29159165,18.10289669
2018/2/23 2:15,0,1.312816381,0.572403491
2018/2/23 2:30,0,1.259280483,0.59202083
2018/2/23 2:45,0,1.253301303,0.608855188
2018/2/23 3:00,0,1.261896928,0.63476189
2018/2/23 3:15,0,1.721895536,0.670434952
2018/2/23 3:30,0,1.670095841,0.693493962
2018/2/23 3:45,0,2.696372906,1.328083118
2018/2/23 4:00,0,2.557520787,1.245817344
2018/2/23 4:15,0,2.600539208,1.272296409
2018/2/23 4:30,0,3.23802487,1.946386377
2018/2/23 4:45,0,2.718669494,1.419028401
2018/2/23 5:00,0,2.525474866,1.129033128
2018/2/23 5:15,0,2.554842472,1.174892068
2018/2/23 5:30,0,2.530980587,1.160688162
2018/2/23 5:45,0,2.861395041,1.462695877
2018/2/23 6:00,0,3.185189088,1.731168389
2018/2/23 6:15,0,2.874487956,1.487675428
2018/2/23 6:30,0.004088889,8.330745776,6.381220103
2018/2/23 6:45,0.127133337,36.37601471,27.65090688
2018/2/23 7:00,0.211266647,59.02529271,39.61276499
2018/2/23 7:15,0.304444442,57.98477936,30.38762919
2018/2/23 7:30,0.420022249,58.60049691,29.02980423
2018/2/23 7:45,1.075088859,237.0564423,29.72039286
2018/2/23 8:00,1.514399926,317.6717733,45.84933599
2018/2/23 8:15,1.879422188,383.7996725,53.04671605
2018/2/23 8:30,2.257377704,446.3889974,56.92635981
2018/2/23 8:45,2.618177811,510.9709676,63.67764155
2018/2/23 9:00,2.927800019,569.4509887,135.287351
2018/2/23 9:15,2.176866571,483.7474365,221.8251495
2018/2/23 9:30,2.91695563,558.0169474,178.4864629
2018/2/23 9:45,3.651777585,694.7327881,125.2437846
2018/2/23 10:00,3.615822236,712.8924764,115.7082214
2018/2/23 10:15,4.094311078,817.0782674,83.07863362
2018/2/23 10:30,4.240555604,866.3231812,78.55985514
2018/2/23 10:45,4.371444543,902.1282145,74.99790955
2018/2/23 11:00,4.461733182,940.1190389,77.82156881
2018/2/23 11:15,4.585955938,973.5576579,83.99511464
2018/2/23 11:30,4.630777995,1001.494792,84.03063456
2018/2/23 11:45,4.706466516,1027.55658,90.25695292
2018/2/23 12:00,4.784622351,1041.56429,85.83373006
2018/2/23 12:15,4.792821884,1056.902629,84.63290405
2018/2/23 12:30,4.824622313,1071.072428,89.93939209
2018/2/23 12:45,4.784666856,1065.354207,83.01168569
2018/2/23 13:00,3.650697701,1061.048543,82.46178182
2018/2/23 13:15,1.392360667,1052.648193,80.7329483
2018/2/23 13:30,1.392360667,1042.456909,84.05503337
2018/2/23 13:45,1.392360667,1015.831665,76.30670674
2018/2/23 14:00,1.392360667,989.3770142,74.89067332
2018/2/23 14:15,1.392360667,964.1417033,76.81490834
2018/2/23 14:30,1.392360667,941.4203695,79.28245799
2018/2/23 14:45,1.392360667,911.9104004,85.8434906
2018/2/23 15:00,1.392360667,692.5603027,88.55824788
2018/2/23 15:15,1.392360667,722.1160685,85.42803955
2018/2/23 15:30,2.568699996,815.5312907,99.14539337
2018/2/23 15:45,3.704544624,788.2745768,114.5313085
2018/2/23 16:00,3.423555613,632.0689901,109.8960877
2018/2/23 16:15,3.264333168,675.3203532,108.7872594
2018/2/23 16:30,2.872477849,567.8977865,110.7520498
2018/2/23 16:45,1.670844356,398.7132365,86.62034861
2018/2/23 17:00,1.547955493,312.5102437,75.1338323
2018/2/23 17:15,1.304188887,310.3738963,64.81756846
2018/2/23 17:30,0.896777789,217.2239558,70.0092837
2018/2/23 17:45,1.132388949,241.4247386,57.08046341
2018/2/23 18:00,0.808311125,212.4095917,50.63762538
2018/2/23 18:15,0.432088902,144.3010763,38.3972257
2018/2/23 18:30,0.187955563,87.41675314,28.20634842
2018/2/23 18:45,0.063433326,44.45299593,23.22674243
2018/2/23 19:00,0.011177777,17.14201832,15.45872339
2018/2/23 19:15,0,6.875951131,5.526049614
2018/2/23 19:30,0,3.214046796,1.86269478
2018/2/23 19:45,0,2.529098034,1.226980329
2018/2/23 20:00,0,2.357933561,1.142246942
2018/2/23 20:15,0,2.747011105,1.462865273
2018/2/23 20:30,0,2.594262679,1.208488266
2018/2/23 20:45,0,3.174378634,1.868099133
2018/2/23 21:00,0,2.449981451,1.092032949
2018/2/23 21:15,0,2.270363331,1.009899219
2018/2/23 21:30,0,1.963215112,0.686936915
2018/2/23 21:45,0,2.268260876,0.960079869
2018/2/23 22:00,0,1.965082049,0.716202378
2018/2/23 22:15,0,1.73727115,0.665732841
2018/2/23 22:30,0,1.781549533,0.668211838
2018/2/23 22:45,0,2.605512301,1.251817545
2018/2/23 23:00,0,3.087834915,1.742820899
2018/2/23 23:15,0,3.534711202,2.098885218
2018/2/23 23:30,0,3.736201127,2.343455553
2018/2/23 23:45,0,2.690389951,1.313648999
2018/2/24 0:00,0,1.533349474,0.62507995
2018/2/24 0:15,0,1.326047659,0.629532218
2018/2/24 0:30,0,2.162686666,0.877995312
2018/2/24 0:45,0,3.079056263,1.684380054
2018/2/24 1:00,0,3.424399535,1.97898972
2018/2/24 1:15,0,2.21810317,1.021596054
2018/2/24 1:30,0,1.379140139,0.612318933
2018/2/24 1:45,0,1.661198258,0.627418399
2018/2/24 2:00,0,2.555065394,1.221502721
2018/2/24 2:15,0,3.73396039,2.388510863
2018/2/24 2:30,0,3.471184571,2.001160423
2018/2/24 2:45,0,3.030952295,1.632898847
2018/2/24 3:00,0,2.957513332,1.561087767
2018/2/24 3:15,0,2.724933068,1.354860226
2018/2/24 3:30,0,2.196538051,0.819489002
2018/2/24 3:45,0,2.498025338,0.998383999
2018/2/24 4:00,0,2.009279728,0.631492813
2018/2/24 4:15,0,2.264449596,0.820411364
2018/2/24 4:30,0,1.638184349,0.580656171
2018/2/24 4:45,0,1.441054424,0.583562394
2018/2/24 5:00,0,1.436543584,0.596090058
2018/2/24 5:15,0,1.788623651,0.618462384
2018/2/24 5:30,0,1.369869788,0.597070555
2018/2/24 5:45,0,1.448050102,0.610522469
2018/2/24 6:00,0,2.113163471,0.73152407
2018/2/24 6:15,0,2.723703384,1.319410006
2018/2/24 6:30,0,6.839048864,5.235206445
2018/2/24 6:45,0.088522213,29.20360629,22.97519239
2018/2/24 7:00,0.185477783,47.75757599,41.72966004
2018/2/24 7:15,0.336044416,56.99223836,52.91153082
2018/2/24 7:30,0.717277745,82.7306239,52.85480499
2018/2/24 7:45,1.028955599,226.9545847,39.06621679
2018/2/24 8:00,1.484299978,320.3809611,41.7482605
2018/2/24 8:15,1.871488849,385.8127136,48.33818309
2018/2/24 8:30,2.408677737,478.9493917,83.16460928
2018/2/24 8:45,2.154111147,443.8779602,95.09634908
2018/2/24 9:00,2.701277733,521.3957926,51.82553736
2018/2/24 9:15,3.170855443,614.6292114,54.39585368
2018/2/24 9:30,3.429811239,683.1354777,74.27820587
2018/2/24 9:45,3.663322131,730.9476318,70.90405782
2018/2/24 10:00,3.892589172,784.4329631,74.60386149
2018/2/24 10:15,4.078855514,828.6304321,74.10118612
2018/2/24 10:30,4.2533892,870.1973674,73.87738037
2018/2/24 10:45,4.417055607,911.826294,75.44145457
2018/2/24 11:00,4.512066682,945.3626506,73.8340683
2018/2/24 11:15,4.592343807,975.8088175,75.78583781
2018/2/24 11:30,4.693488598,1007.467468,78.73156738
2018/2/24 11:45,4.77874438,1034.778117,85.9148763
2018/2/24 12:00,4.849389076,1050.778687,86.30012258
2018/2/24 12:15,4.86214447,1065.275716,84.41538238
2018/2/24 12:30,4.855055809,1072.781006,85.05894979
2018/2/24 12:45,4.85487779,1075.986328,87.08440399
2018/2/24 13:00,4.881721973,1077.703288,89.96116384
2018/2/24 13:15,4.790955703,1060.619751,83.5087204
2018/2/24 13:30,4.758744399,1034.712545,79.03288523
2018/2/24 13:45,4.678444545,1024.920024,78.25139618
2018/2/24 14:00,4.603455384,1005.406576,80.95138804
2018/2/24 14:15,4.623422464,1003.981547,104.1628571
2018/2/24 14:30,4.558244228,985.1914063,112.2065608
2018/2/24 14:45,4.328633149,919.4565023,142.4326579
2018/2/24 15:00,2.109988829,525.8496246,174.3417307
2018/2/24 15:15,4.22534434,875.571167,124.0914358
2018/2/24 15:30,3.736733357,769.5196126,136.703832
2018/2/24 15:45,3.907399893,812.8632202,161.3934428
2018/2/24 16:00,3.448177974,756.0173137,132.1637166
2018/2/24 16:15,2.703966657,558.2311096,129.7262116
2018/2/24 16:30,3.133099953,652.5308838,124.0310186
2018/2/24 16:45,2.738877694,569.8683675,107.3713583
2018/2/24 17:00,2.307600101,476.1215108,72.2450765
2018/2/24 17:15,1.931900064,400.2216492,58.47901916
2018/2/24 17:30,1.571755568,344.5023295,57.6680069
2018/2/24 17:45,1.08718888,266.6607361,49.16294225
2018/2/24 18:00,0.63743333,166.2125524,50.91018422
2018/2/24 18:15,0.457644443,142.5476201,37.88694127
2018/2/24 18:30,0.190422227,84.17323049,32.80399895
2018/2/24 18:45,0.077688883,45.57153448,26.37718582
2018/2/24 19:00,0.013011109,14.62657229,12.91330051
2018/2/24 19:15,0,5.212063551,3.811594248
2018/2/24 19:30,0,2.985891422,1.682698886
2018/2/24 19:45,0,2.548672756,1.194357236
2018/2/24 20:00,0,2.463524898,1.11618642
2018/2/24 20:15,0,2.033610264,0.788101911
2018/2/24 20:30,0,2.218899568,0.937798977
2018/2/24 20:45,0,2.416121244,1.051750183
2018/2/24 21:00,0,2.196841875,0.8916893
2018/2/24 21:15,0,2.129710516,0.810403506
2018/2/24 21:30,0,2.477597237,1.136249224
2018/2/24 21:45,0,2.532229026,1.177211682
2018/2/24 22:00,0,2.777582964,1.397974451
2018/2/24 22:15,0,1.901728431,0.717974186
2018/2/24 22:30,0,2.009729346,0.724987546
2018/2/24 22:45,0,2.304658969,0.915230215
2018/2/24 23:00,0,2.021125635,0.731229981
2018/2/24 23:15,0,2.390513579,1.018313905
2018/2/24 23:30,0,2.405315717,1.013110876
2018/2/24 23:45,0,2.150685629,0.804484447
2018/2/25 0:00,0,1.832686742,0.636828085
2018/2/25 0:15,0,1.876139561,0.669440289
2018/2/25 0:30,0,2.587185621,1.178749343
2018/2/25 0:45,0,2.264870564,0.98035874
2018/2/25 1:00,0,2.463908196,1.082525154
2018/2/25 1:15,0,2.702994267,1.27407372
2018/2/25 1:30,0,2.771777948,1.3814044
2018/2/25 1:45,0,2.884670019,1.540838719
2018/2/25 2:00,0,2.278315862,0.932817618
2018/2/25 2:15,0,2.100167632,0.71531719
2018/2/25 2:30,0,2.669895808,1.258248051
2018/2/25 2:45,0,2.500036995,1.084275544
2018/2/25 3:00,0,2.165913105,0.802025676
2018/2/25 3:15,0,2.096300682,0.724159896
2018/2/25 3:30,0,2.016035159,0.715796649
2018/2/25 3:45,0,2.547728856,1.164011717
2018/2/25 4:00,0,2.871562878,1.405522049
2018/2/25 4:15,0,2.408706983,1.041975101
2018/2/25 4:30,0,2.798321883,1.375162482
2018/2/25 4:45,0,3.666219234,2.170207341
2018/2/25 5:00,0,2.948085626,1.501120766
2018/2/25 5:15,0,1.858476639,0.658609688
2018/2/25 5:30,0,2.141560396,0.774486601
2018/2/25 5:45,0,2.460876465,1.065510889
2018/2/25 6:00,0,2.344526688,0.85941867
2018/2/25 6:15,0,2.334751288,0.929981271
2018/2/25 6:30,0.005322222,8.276053746,6.461987177
2018/2/25 6:45,0.081399998,31.60254606,20.73219426
2018/2/25 7:00,0.216300006,60.94404348,47.60218302
2018/2/25 7:15,0.321688891,73.7100385,70.21227519
2018/2/25 7:30,0.629622201,115.53464,100.0275497
2018/2/25 7:45,0.822044452,164.5778402,135.173111
2018/2/25 8:00,1.124644399,225.9166362,182.7520345
2018/2/25 8:15,1.007055461,200.4360097,194.7905019
2018/2/25 8:30,1.152922193,215.4992625,190.4134267
2018/2/25 8:45,1.649088899,313.8131714,225.2683106
2018/2/25 9:00,1.736555497,329.3103332,261.6700236
2018/2/25 9:15,2.07039992,369.1261394,239.370163
2018/2/25 9:30,3.363544305,624.1286927,139.956426
2018/2/25 9:45,3.899555445,786.1045736,182.8680216
2018/2/25 10:00,2.877099911,549.2381083,327.6187846
2018/2/25 10:15,3.980422099,785.2573445,369.1771444
2018/2/25 10:30,4.214688857,843.0310873,295.1937663
2018/2/25 10:45,4.500188986,912.8607178,134.2236964
2018/2/25 11:00,4.475066821,924.360494,78.47381083
2018/2/25 11:15,4.776466847,987.4118449,72.38204193
2018/2/25 11:30,4.863344192,1021.113322,80.22618612
2018/2/25 11:45,4.950888793,1053.172526,89.18637339
2018/2/25 12:00,5.000922362,1064.287476,83.09869639
2018/2/25 12:15,5.006366571,1078.018555,83.16809591
2018/2/25 12:30,5.048777898,1084.905518,84.31128184
2018/2/25 12:45,5.001355648,1089.256551,86.25066884
2018/2/25 13:00,4.998666922,1081.545492,81.29036967
2018/2/25 13:15,4.96804444,1068.998372,78.35189819
2018/2/25 13:30,4.964911143,1057.285889,79.03271993
2018/2/25 13:45,4.839811325,1034.48112,74.70422363
2018/2/25 14:00,4.739689032,1006.16274,68.72234853
2018/2/25 14:15,4.646266778,979.3542888,72.67048899
2018/2/25 14:30,4.573377291,949.1495768,71.97898356
2018/2/25 14:45,4.410777569,915.6700236,74.55172221
2018/2/25 15:00,4.267378171,880.2308553,78.69374084
2018/2/25 15:15,4.094000181,842.5638631,74.33363851
2018/2/25 15:30,3.869889021,794.7932129,70.65135702
2018/2/25 15:45,3.667988936,748.2466431,70.39069875
2018/2/25 16:00,3.44882226,690.5349121,61.24706777
2018/2/25 16:15,3.180144549,634.321696,59.93590291
2018/2/25 16:30,2.897099733,572.0032145,52.33909607
2018/2/25 16:45,2.585633357,515.668691,49.26182811
2018/2/25 17:00,2.249933243,455.9879557,47.08375295
2018/2/25 17:15,1.8930221,390.333018,44.0751241
2018/2/25 17:30,1.512877822,327.2005209,41.04453786
2018/2/25 17:45,1.130533337,262.8963776,36.64232508
2018/2/25 18:00,0.757666687,200.9786326,34.7098643
2018/2/25 18:15,0.424355556,139.9777044,31.57803091
2018/2/25 18:30,0.177566665,84.99802908,25.54449081
2018/2/25 18:45,0.056455553,37.30137189,22.55044047
2018/2/25 19:00,0.010666665,13.6020333,12.02107811
2018/2/25 19:15,-0.000155556,5.449936072,3.983285745
2018/2/25 19:30,0,2.823406617,1.392500559
2018/2/25 19:45,0,2.642312447,1.204339782
2018/2/25 20:00,0,2.648747365,1.259844939
2018/2/25 20:15,0,2.457555055,1.075548589
2018/2/25 20:30,0,2.701684157,1.246093134
2018/2/25 20:45,0,3.129806121,1.666353941
2018/2/25 21:00,0,3.075201988,1.667370518
2018/2/25 21:15,0,3.037646532,1.617668549
2018/2/25 21:30,0,2.858172814,1.427628676
2018/2/25 21:45,0,3.694326162,2.214575291
2018/2/25 22:00,0,3.926130772,2.479920705
2018/2/25 22:15,0,2.972470442,1.58565863
2018/2/25 22:30,0,1.295647065,0.549268544
2018/2/25 22:45,0,3.008997917,1.549099962
2018/2/25 23:00,0,4.151487668,2.672435443
2018/2/25 23:15,0,3.931175788,2.481602192
2018/2/25 23:30,0,3.508148988,1.951276779
2018/2/25 23:45,0,2.808552106,1.31714205
2018/2/26 0:00,0,3.303674062,1.742402077
2018/2/26 0:15,0,3.120733897,1.644650658
2018/2/26 0:30,0,2.45331645,0.971257468
2018/2/26 0:45,0,1.981229703,0.624380221
2018/2/26 1:00,0,1.802833438,0.552575002
2018/2/26 1:15,0,2.210528891,0.917391082
2018/2/26 1:30,0,1.235786795,0.508810997
2018/2/26 1:45,0,1.308370749,0.529378951
2018/2/26 2:00,0,1.587160667,0.540513237
2018/2/26 2:15,0,2.267325759,0.84637926
2018/2/26 2:30,0,2.765833616,1.31718719
2018/2/26 2:45,0,2.854378462,1.35133787
2018/2/26 3:00,0,3.119369825,1.612753669
2018/2/26 3:15,0,2.686357101,1.182675838
2018/2/26 3:30,0,2.628405809,1.080909411
2018/2/26 3:45,0,2.500665665,1.001039763
2018/2/26 4:00,0,3.292484045,1.724170526
2018/2/26 4:15,0,4.046385209,2.51850001
2018/2/26 4:30,0,3.809586843,2.275355101
2018/2/26 4:45,0,3.081197341,1.528269807
2018/2/26 5:00,0,3.177698771,1.631796718
2018/2/26 5:15,0,3.451620102,1.91623044
2018/2/26 5:30,0,1.951043208,0.565278302
2018/2/26 5:45,0,1.793309053,0.477616101
2018/2/26 6:00,0,3.329118729,1.683473826
2018/2/26 6:15,0,5.62976106,3.875576019
2018/2/26 6:30,0.004922222,9.411222459,7.518462817
2018/2/26 6:45,0.042944441,21.53307914,11.01483154
2018/2/26 7:00,0.082588884,29.46704864,16.96874746
2018/2/26 7:15,0.329311112,45.54836909,18.35155106
2018/2/26 7:30,0.746855557,42.24059614,21.48860932
2018/2/26 7:45,1.148000002,216.3761749,20.35338465
2018/2/26 8:00,1.563455542,334.4623311,29.49360784
2018/2/26 8:15,1.965977788,407.4809062,36.16380691
2018/2/26 8:30,2.351411104,471.9518942,41.23809306
2018/2/26 8:45,2.706477642,533.8534953,43.85519791
2018/2/26 9:00,3.023044507,591.844991,43.99961472
2018/2/26 9:15,3.329333464,655.1566366,50.56654994
2018/2/26 9:30,3.602533261,713.0449626,53.7274971
2018/2/26 9:45,3.848489046,775.4199829,68.88185628
2018/2/26 10:00,4.074622154,829.8264974,68.44314067
2018/2/26 10:15,4.262488524,874.7284749,67.2518336
2018/2/26 10:30,4.443222364,923.4653524,71.50749461
2018/2/26 10:45,4.576178392,959.8465576,68.45980072
2018/2/26 11:00,4.641655922,995.2543946,70.34209442
2018/2/26 11:15,4.734166781,1029.90212,75.05419668
2018/2/26 11:30,4.784099897,1059.235718,76.12519074
2018/2/26 11:45,4.827988783,1091.623088,83.55600484
2018/2/26 12:00,4.923310756,1113.380208,85.72224935
2018/2/26 12:15,5.012255669,1134.396484,88.70378367
2018/2/26 12:30,5.053321997,1143.15568,92.21494293
2018/2/26 12:45,4.94125541,1128.600301,101.3302053
2018/2/26 13:00,4.926788966,1115.193482,119.3288065
2018/2/26 13:15,4.978422165,1132.676148,121.4889882
2018/2/26 13:30,4.731189092,1064.343058,153.6711731
2018/2/26 13:45,4.609944343,1016.787659,158.0262706
2018/2/26 14:00,4.691355546,1039.984334,146.7829895
2018/2/26 14:15,4.641189257,1012.092428,127.0132981
2018/2/26 14:30,4.56802241,984.8449095,97.3775889
2018/2/26 14:45,4.536200364,973.7248738,88.29207357
2018/2/26 15:00,4.36955595,929.6578369,85.36896006
2018/2/26 15:15,4.192022165,885.7711995,76.25588989
2018/2/26 15:30,3.964888811,843.0737508,77.10410309
2018/2/26 15:45,3.758666833,786.4960124,69.06107839
2018/2/26 16:00,3.509877841,724.9708455,60.15128708
2018/2/26 16:15,3.255022049,668.7083537,59.64241155
2018/2/26 16:30,2.945522308,601.4863281,51.54234568
2018/2/26 16:45,2.64323322,546.9784139,54.28807195
2018/2/26 17:00,2.306155602,479.6847738,47.72442627
2018/2/26 17:15,1.943488916,412.6128642,46.39579519
2018/2/26 17:30,1.557444374,345.7671407,42.0417366
2018/2/26 17:45,1.16515557,277.8895976,38.21147919
2018/2/26 18:00,0.779399971,211.294576,35.62531916
2018/2/26 18:15,0.434222201,144.4841156,30.30639585
2018/2/26 18:30,0.178333332,89.10958099,26.89105733
2018/2/26 18:45,0.054822216,36.28711065,23.34496307
2018/2/26 19:00,0.009188899,14.18629678,12.63176759
2018/2/26 19:15,0,6.195737998,4.652968327
2018/2/26 19:30,0,4.335991224,2.98716402
2018/2/26 19:45,0,3.465047359,2.074549635
2018/2/26 20:00,0,3.018782616,1.610555768
2018/2/26 20:15,0,3.465065877,2.031076749
2018/2/26 20:30,0,2.825648069,1.450358748
2018/2/26 20:45,0,2.661909739,1.224234203
2018/2/26 21:00,0,4.384533644,2.861511151
2018/2/26 21:15,0,4.879862308,3.304808458
2018/2/26 21:30,0,4.069875241,2.596249342
2018/2/26 21:45,0,4.506226858,2.857240915
2018/2/26 22:00,0,3.946641525,2.406746944
2018/2/26 22:15,0,3.673452854,2.183538437
2018/2/26 22:30,0,2.708650033,1.231604934
2018/2/26 22:45,0,2.459306638,1.015428901
2018/2/26 23:00,0,2.72763292,1.234831552
2018/2/26 23:15,0,3.053591887,1.520385941
2018/2/26 23:30,0,3.01810654,1.457964897
2018/2/26 23:45,0,2.985901753,1.462936203
2018/2/27 0:00,0,2.347506086,0.953939448
2018/2/27 0:15,0,3.104163885,1.510224541
2018/2/27 0:30,0,2.61057512,1.097135504
2018/2/27 0:45,0,3.008485238,1.473966758
2018/2/27 1:00,0,2.936638832,1.419286053
2018/2/27 1:15,0,2.27862533,0.686722279
2018/2/27 1:30,0,2.898258448,1.318557063
2018/2/27 1:45,0,3.09078598,1.54154245
2018/2/27 2:00,0,2.241422812,0.786560357
2018/2/27 2:15,0,2.794949214,1.226454616
2018/2/27 2:30,0,2.220262766,0.710106551
2018/2/27 2:45,0,2.45102493,0.943620841
2018/2/27 3:00,0,2.806747755,1.263633132
2018/2/27 3:15,0,2.515700976,0.980862081
2018/2/27 3:30,0,2.358562072,0.843915482
2018/2/27 3:45,0,2.953100125,1.351121982
2018/2/27 4:00,0,2.44326361,0.859435359
2018/2/27 4:15,0,2.617918014,1.091114839
2018/2/27 4:30,0,2.130252043,0.67300121
2018/2/27 4:45,0,1.97142005,0.609868268
2018/2/27 5:00,0,2.419149001,0.907887399
2018/2/27 5:15,0,3.390858015,1.812184533
2018/2/27 5:30,0,3.074259281,1.477588296
2018/2/27 5:45,0,2.595000187,1.062250992
2018/2/27 6:00,0,2.654396773,1.082959235
2018/2/27 6:15,0,4.030813217,2.385800362
2018/2/27 6:30,0.006666666,9.059464932,7.221665382
2018/2/27 6:45,0.052666659,22.96963056,12.6978658
2018/2/27 7:00,0.095666672,27.72168668,18.60011324
2018/2/27 7:15,0.34894445,38.12866084,21.43098386
2018/2/27 7:30,0.766133368,30.73689969,23.54091517
2018/2/27 7:45,1.169877728,208.5436681,19.60829671
2018/2/27 8:00,1.578955571,338.1254679,26.63664754
2018/2/27 8:15,1.973522226,414.212738,33.84479904
2018/2/27 8:30,2.353877704,483.4983724,40.57820638
2018/2/27 8:45,2.703400056,549.0251872,44.28202947
2018/2/27 9:00,3.008311033,609.972758,46.24534098
2018/2/27 9:15,3.303066492,671.8124593,50.71367899
2018/2/27 9:30,3.579555591,734.3428141,56.37888718
2018/2/27 9:45,3.805500031,799.1097005,72.56962713
2018/2/27 10:00,3.98504432,850.6263631,68.18403117
2018/2/27 10:15,4.165777524,893.4602051,71.00684866
2018/2/27 10:30,4.307789008,942.0386963,64.96377691
2018/2/27 10:45,4.396244208,982.8695272,66.66245524
2018/2/27 11:00,4.487666766,1023.898885,72.08747355
2018/2/27 11:15,4.662566503,1055.541667,75.38417053
2018/2/27 11:30,4.774444262,1081.892212,77.43023681
2018/2/27 11:45,4.839122295,1107.786824,82.72074128
2018/2/27 12:00,4.814155896,1124.391073,84.07268779
2018/2/27 12:15,4.848433812,1141.714478,83.4837265
2018/2/27 12:30,4.870166779,1151.542684,82.94441478
2018/2/27 12:45,4.937733491,1154.136393,84.13092041
2018/2/27 13:00,4.982455254,1151.54537,85.26767476
2018/2/27 13:15,1.392360667,1139.702921,83.33431753
2018/2/27 13:30,1.392360667,1126.443522,87.97989146
2018/2/27 13:45,1.392360667,1098.821859,74.90862528
2018/2/27 14:00,1.392360667,1068.263224,67.6382548
2018/2/27 14:15,1.392360667,1041.404907,70.56061554
2018/2/27 14:30,0.928240444,1006.286357,71.20449066
2018/2/27 14:45,4.45296669,968.9655558,68.96124776
2018/2/27 15:00,4.328710874,924.6076864,74.9679896
2018/2/27 15:15,4.159499804,896.3566895,76.23860677
2018/2/27 15:30,3.94088912,839.2740886,70.51423391
2018/2/27 15:45,3.742866516,790.8838705,69.54322561
2018/2/27 16:00,3.48432223,726.8511353,58.50665156
2018/2/27 16:15,3.220133384,670.1438599,58.39597956
2018/2/27 16:30,2.946955522,608.1029663,54.44222514
2018/2/27 16:45,2.616944472,543.6281331,48.21500397
2018/2/27 17:00,2.280144294,478.612915,44.80771764
2018/2/27 17:15,1.916944424,410.2902629,43.58270136
2018/2/27 17:30,1.538222154,345.4741007,41.45412572
2018/2/27 17:45,1.149677754,277.500356,37.07870865
2018/2/27 18:00,0.767033339,208.2134043,32.9406751
2018/2/27 18:15,0.42374445,142.453247,29.4951032
2018/2/27 18:30,0.169799988,87.90559897,26.64758492
2018/2/27 18:45,0.051555547,34.47797966,22.82135646
2018/2/27 19:00,0.007466655,13.03627682,11.54596583
2018/2/27 19:15,0,5.618975321,4.174628337
2018/2/27 19:30,0,3.653761069,2.307638407
2018/2/27 19:45,0,3.632476012,2.296017011
2018/2/27 20:00,0,3.933220069,2.544023752
2018/2/27 20:15,0,4.665384293,3.249176026
2018/2/27 20:30,0,5.482082049,3.859867493
2018/2/27 20:45,0,4.500523408,3.002811114
2018/2/27 21:00,0,3.075217883,1.703505874
2018/2/27 21:15,0,3.623913844,2.146882176
2018/2/27 21:30,0,3.413172324,1.94463412
2018/2/27 21:45,0,3.006642978,1.529745182
2018/2/27 22:00,0,2.544836203,1.201645672
2018/2/27 22:15,0,2.422245185,0.937779963
2018/2/27 22:30,0,2.308065812,0.847780287
2018/2/27 22:45,0,2.292369207,0.799915512
2018/2/27 23:00,0,2.633225123,1.188136816
2018/2/27 23:15,0,2.272108873,0.830207348
2018/2/27 23:30,0,2.746653636,1.234195868
2018/2/27 23:45,0,1.90249304,0.634847263
2018/2/28 0:00,0,1.856412093,0.597429673
2018/2/28 0:15,0,1.952417731,0.612376869
2018/2/28 0:30,0,3.383540312,1.861103654
2018/2/28 0:45,0,3.058897734,1.611397346
2018/2/28 1:00,0,3.098071098,1.650201837
2018/2/28 1:15,0,3.397103866,1.896191478
2018/2/28 1:30,0,3.983358065,2.448024034
2018/2/28 1:45,0,3.345854441,1.875957052
2018/2/28 2:00,0,2.532776515,1.062932114
2018/2/28 2:15,0,2.812693993,1.306881786
2018/2/28 2:30,0,2.267647505,0.85749347
2018/2/28 2:45,0,2.731480996,1.19010824
2018/2/28 3:00,0,2.381972869,0.88557293
2018/2/28 3:15,0,2.799509207,1.313726386
2018/2/28 3:30,0,3.4936227,1.918637673
2018/2/28 3:45,0,2.846366485,1.291908344
2018/2/28 4:00,0,2.830934842,1.31700786
2018/2/28 4:15,0,2.31414024,0.787109673
2018/2/28 4:30,0,2.522255739,0.983985027
2018/2/28 4:45,0,2.681000869,1.138343354
2018/2/28 5:00,0,3.558346033,1.947888732
2018/2/28 5:15,0,3.431969563,1.803000609
2018/2/28 5:30,0,2.890145461,1.275732915
2018/2/28 5:45,0,2.199051698,0.707657218
2018/2/28 6:00,0,3.156105995,1.529860735
2018/2/28 6:15,0,3.155834834,1.524475177
2018/2/28 6:30,0.002311111,6.363435109,4.615183353
2018/2/28 6:45,0.041388882,19.02299531,9.532939752
2018/2/28 7:00,0.088222221,23.95409457,16.16860485
2018/2/28 7:15,0.339377771,31.5962677,19.05384318
2018/2/28 7:30,0.751944443,30.85500781,21.26867358
2018/2/28 7:45,1.153144519,207.1868795,17.62135124
2018/2/28 8:00,1.554911057,329.9135234,23.49427922
2018/2/28 8:15,1.944333394,406.4025675,30.48626772
2018/2/28 8:30,2.309511185,475.4434306,38.45978928
2018/2/28 8:45,2.663266659,541.752299,43.29190699
2018/2/28 9:00,2.996744235,605.4894816,48.8429718
2018/2/28 9:15,3.272355477,664.3928833,49.35338847
2018/2/28 9:30,3.538666487,725.4455566,56.32067235
2018/2/28 9:45,3.780333201,790.87972,71.53535843
2018/2/28 10:00,3.991277695,844.1975504,65.28718185
2018/2/28 10:15,4.238244534,900.4615885,69.766922
2018/2/28 10:30,4.41371123,946.6836141,72.60675303
2018/2/28 10:45,4.614155451,994.7241619,75.10780334
2018/2/28 11:00,4.783589045,1033.55011,76.0724589
2018/2/28 11:15,4.894322237,1067.688517,80.67191315
2018/2/28 11:30,5.038666884,1092.648234,80.05949656
2018/2/28 11:45,5.096699874,1123.192423,82.05620575
2018/2/28 12:00,5.138655822,1146.799886,87.22421519
2018/2/28 12:15,2.668118145,1166.857829,89.56552887
2018/2/28 12:30,1.392360667,1174.312948,90.59959157
2018/2/28 12:45,1.392360667,1172.404704,86.30162557
2018/2/28 13:00,1.392360667,1167.770915,87.4135081
2018/2/28 13:15,1.392360667,1163.515706,96.72605389
2018/2/28 13:30,1.392360667,1148.462972,97.45416514
2018/2/28 13:45,1.392360667,1120.356608,84.17586772
2018/2/28 14:00,1.392360667,1085.597371,79.74226634
2018/2/28 14:15,1.392360667,1069.199626,81.61912791
2018/2/28 14:30,1.392360667,1032.60557,76.13609568
2018/2/28 14:45,1.392360667,995.505127,75.57475535
2018/2/28 15:00,1.392360667,950.0655721,81.1671168
2018/2/28 15:15,0.928240444,917.8978882,83.66701762
2018/2/28 15:30,4.067422072,865.96934,82.84309896
2018/2/28 15:45,3.828966697,809.1828003,76.77068329
2018/2/28 16:00,3.583322207,747.1704305,71.38946024
2018/2/28 16:15,3.300966501,682.1218872,63.044885
2018/2/28 16:30,3.019144456,623.1707357,60.33442052
2018/2/28 16:45,2.682911078,558.0072022,56.18362173
2018/2/28 17:00,2.340277672,491.1641948,53.05102412
2018/2/28 17:15,1.957511147,417.931132,48.93900299
2018/2/28 17:30,1.565066656,349.6689962,46.34884389
2018/2/28 17:45,1.163566589,277.2943166,40.16582235
2018/2/28 18:00,0.773055554,208.5789541,38.53356806
2018/2/28 18:15,0.430277775,141.6801224,33.15254339
2018/2/28 18:30,0.178566672,85.02070108,28.03908284
2018/2/28 18:45,0.059088879,32.44554393,23.62175178
2018/2/28 19:00,0.008299998,12.2653745,10.64059321
2018/2/28 19:15,0,4.604420106,3.149495323
2018/2/28 19:30,0,3.467295647,2.114043633
2018/2/28 19:45,0,3.3579971,1.980125626
2018/2/28 20:00,0,3.427951654,2.02547284
2018/2/28 20:15,0,3.544401407,2.153789838
2018/2/28 20:30,0,3.007304748,1.63142093
2018/2/28 20:45,0,4.223575354,2.823560277
2018/2/28 21:00,0,4.850352764,3.315864801
2018/2/28 21:15,0,4.466718356,2.989659071
2018/2/28 21:30,0,3.672243834,2.162502686
2018/2/28 21:45,0,3.972281138,2.433381637
2018/2/28 22:00,0,3.317183972,1.810483933
2018/2/28 22:15,0,2.931361914,1.464448571
2018/2/28 22:30,0,2.777979692,1.301127633
2018/2/28 22:45,0,2.412240028,0.896919569
2018/2/28 23:00,0,2.798136711,1.285900076
2018/2/28 23:15,0,2.924127499,1.401197632
2018/2/28 23:30,0,2.686408202,1.220155418
2018/2/28 23:45,0,2.373590549,0.840949476
2018/3/1 0:00,0,2.591860533,1.07216684
2018/3/1 0:15,0,2.482228438,0.984462758
2018/3/1 0:30,0,2.308974822,0.796828588
2018/3/1 0:45,0,2.686151743,1.162528912
2018/3/1 1:00,0,2.803032636,1.268176635
2018/3/1 1:15,0,2.455252488,0.966407041
2018/3/1 1:30,0,2.751161655,1.204832951
2018/3/1 1:45,0,2.56293122,1.042236149
2018/3/1 2:00,0,1.933521509,0.519758294
2018/3/1 2:15,0,1.850833336,0.536346376
2018/3/1 2:30,0,1.772355477,0.685299198
2018/3/1 2:45,0,3.020336628,1.560563087
2018/3/1 3:00,0,2.826544444,1.281786959
2018/3/1 3:15,0,2.768487771,1.247284015
2018/3/1 3:30,0,2.365125338,0.906533063
2018/3/1 3:45,0,2.583868503,1.005941272
2018/3/1 4:00,0,2.211135586,0.729866683
2018/3/1 4:15,0,2.001470288,0.56999429
2018/3/1 4:30,0,2.192344665,0.70139577
2018/3/1 4:45,0,2.54238979,1.013208946
2018/3/1 5:00,0,2.741161744,1.219546119
2018/3/1 5:15,0,2.571512063,1.050322612
2018/3/1 5:30,0,2.84492143,1.313392679
2018/3/1 5:45,0,3.182166418,1.587009628
2018/3/1 6:00,0,2.035137892,0.679902017
2018/3/1 6:15,0,2.949106216,1.407131831
2018/3/1 6:30,0.001266667,6.650469303,5.009788116
2018/3/1 6:45,0.049866663,19.23807589,12.24066925
2018/3/1 7:00,0.109988893,24.88789495,19.06661479
2018/3/1 7:15,0.3436,41.0858504,22.65557226
2018/3/1 7:30,0.723655542,34.99604161,25.77263641
2018/3/1 7:45,1.109966675,202.8012848,23.00429917
2018/3/1 8:00,1.509122213,315.5232747,32.85258293
2018/3/1 8:15,1.904066682,389.212382,41.05761337
2018/3/1 8:30,2.280166546,452.7610474,46.41086706
2018/3/1 8:45,2.630499999,514.9948527,49.72536977
2018/3/1 9:00,2.958144506,576.3568522,53.26882935
2018/3/1 9:15,3.275111119,635.4476319,56.68765386
2018/3/1 9:30,3.558044513,695.7347209,63.14063899
2018/3/1 9:45,3.783211072,758.0431519,79.52811941
2018/3/1 10:00,4.006522258,804.9424235,73.84552002
2018/3/1 10:15,4.224389235,853.4643351,72.83576965
2018/3/1 10:30,4.380177498,899.5408529,77.54508209
2018/3/1 10:45,4.526555697,939.8579101,76.23640442
2018/3/1 11:00,4.667277813,979.6792195,79.30368296
2018/3/1 11:15,4.809210936,1012.553731,81.11950684
2018/3/1 11:30,4.906444867,1037.361369,82.87812551
2018/3/1 11:45,4.909577847,1064.366536,85.00138855
2018/3/1 12:00,4.95755593,1086.97998,89.44044749
2018/3/1 12:15,4.985933463,1099.864828,87.78426361
2018/3/1 12:30,4.986177762,1110.558553,91.43252818
2018/3/1 12:45,4.996655623,1113.062215,91.94853465
2018/3/1 13:00,4.94252189,1106.049316,89.86477916
2018/3/1 13:15,4.945888996,1103.984416,95.88670858
2018/3/1 13:30,4.888655662,1087.347901,95.1318868
2018/3/1 13:45,4.864333153,1061.316528,83.6739858
2018/3/1 14:00,4.776088556,1035.016398,79.0131073
2018/3/1 14:15,4.649633249,1005.293925,78.19383494
2018/3/1 14:30,4.512222131,972.561849,76.16339874
2018/3/1 14:45,4.388344606,934.4922078,73.6383311
2018/3/1 15:00,4.240799586,894.1323039,80.42661286
2018/3/1 15:15,4.082033634,860.6021729,82.03544108
2018/3/1 15:30,3.905611118,815.3154297,78.37158203
2018/3/1 15:45,3.680044413,762.7814942,73.63510386
2018/3/1 16:00,3.432310979,706.1030477,69.98643748
2018/3/1 16:15,3.167044242,643.755656,62.48948033
2018/3/1 16:30,2.869399945,583.3416341,58.06688563
2018/3/1 16:45,2.551822186,523.0690409,55.50768153
2018/3/1 17:00,2.21390001,460.5825704,52.70101674
2018/3/1 17:15,1.859299978,393.076711,48.32528941
2018/3/1 17:30,1.481022239,327.0507304,45.82376989
2018/3/1 17:45,1.095711152,257.1138662,39.16206869
2018/3/1 18:00,0.726511101,192.9055074,37.63861084
2018/3/1 18:15,0.401077787,130.21477,33.26185099
2018/3/1 18:30,0.168544446,77.2322642,27.94149717
2018/3/1 18:45,0.054277772,27.96625519,23.21422005
2018/3/1 19:00,0.006488888,12.07565753,10.56405656
2018/3/1 19:15,0,5.091106097,3.707553307
2018/3/1 19:30,0,4.008690596,2.667651892
2018/3/1 19:45,0,4.107560555,2.725047509
2018/3/1 20:00,0,3.590388695,2.140898545
2018/3/1 20:15,0,3.664210955,2.322610696
2018/3/1 20:30,0,3.666238626,2.277633309
2018/3/1 20:45,0,3.742164056,2.315749407
2018/3/1 21:00,0,4.263976097,2.849367062
2018/3/1 21:15,0,3.699010611,2.240659912
2018/3/1 21:30,0,3.488683542,2.019357244
2018/3/1 21:45,0,3.218177478,1.794953545
2018/3/1 22:00,0,2.828021367,1.324955901
2018/3/1 22:15,0,2.754745245,1.351621946
2018/3/1 22:30,0,2.279686689,0.905963242
2018/3/1 22:45,0,1.945978761,0.673414091
2018/3/1 23:00,0,2.300623973,0.902743538
2018/3/1 23:15,0,2.920938889,1.452703635
2018/3/1 23:30,0,2.980503082,1.486597657
2018/3/1 23:45,0,2.069396099,0.681150595
2018/3/2 0:00,0,1.925349553,0.580986699
2018/3/2 0:15,0,3.011097431,1.506775538
2018/3/2 0:30,0,2.856036901,1.44288218
2018/3/2 0:45,0,3.210926851,1.721047719
2018/3/2 1:00,0,3.123724063,1.574571928
2018/3/2 1:15,0,3.098337253,1.649772882
2018/3/2 1:30,0,3.007581393,1.517873565
2018/3/2 1:45,0,2.572415511,1.077475071
2018/3/2 2:00,0,2.0489827,0.598348459
2018/3/2 2:15,0,1.92569085,0.564990481
2018/3/2 2:30,0,2.242883126,0.844902197
2018/3/2 2:45,0,2.79879578,1.270011624
2018/3/2 3:00,0,2.374255816,0.891066889
2018/3/2 3:15,0,2.524254481,0.987112165
2018/3/2 3:30,0,2.730911017,1.221060912
2018/3/2 3:45,0,2.810116927,1.266873757
2018/3/2 4:00,0,2.827450037,1.344912052
2018/3/2 4:15,0,1.900601467,0.508405487
2018/3/2 4:30,0,1.952839653,0.587160746
2018/3/2 4:45,0,3.094352245,1.578792493
2018/3/2 5:00,0,2.636101723,1.173262596
2018/3/2 5:15,0,2.851435661,1.37329793
2018/3/2 5:30,0,2.301745097,0.795688689
2018/3/2 5:45,0,2.179625193,0.718936026
2018/3/2 6:00,0,2.814032475,1.325924794
2018/3/2 6:15,0,3.588757992,1.900711775
2018/3/2 6:30,0.000388889,6.516943932,4.882777373
2018/3/2 6:45,0.053022217,19.59390894,12.87429396
2018/3/2 7:00,0.127600002,27.39910253,21.13128471
2018/3/2 7:15,0.351522212,38.13198471,25.92457263
2018/3/2 7:30,0.728088876,41.65478897,30.03359159
2018/3/2 7:45,1.110055586,197.4475581,28.03267797
2018/3/2 8:00,1.504277746,310.2074687,37.62543742
2018/3/2 8:15,1.896344423,385.7626648,47.34936651
2018/3/2 8:30,2.260222117,452.5807495,55.88490168
2018/3/2 8:45,2.614266713,516.1009419,61.43536886
2018/3/2 9:00,2.938566685,577.4465332,67.47384644
2018/3/2 9:15,3.240533113,635.4217326,71.95975749
2018/3/2 9:30,3.513600111,697.8196818,80.96657562
2018/3/2 9:45,3.765133381,763.7955119,101.0575129
2018/3/2 10:00,3.979266802,808.7024943,92.07548268
2018/3/2 10:15,4.173566818,858.3540242,89.05861409
2018/3/2 10:30,4.399022102,903.8275553,88.31427002
2018/3/2 10:45,4.533322016,948.7738444,88.47505951
2018/3/2 11:00,4.683911165,986.8154704,89.89883169
2018/3/2 11:15,3.636631323,1018.840149,91.98537191
2018/3/2 11:30,0.928240444,1047.334717,94.12065887
2018/3/2 11:45,4.876133442,1068.374756,96.01341247
2018/3/2 12:00,4.947199662,1091.055949,99.5383835
2018/3/2 12:15,5.01405557,1117.814453,99.24025216
2018/3/2 12:30,5.00210015,1122.956991,96.28253937
2018/3/2 12:45,5.065066497,1131.800496,97.51513165
2018/3/2 13:00,2.602707213,1131.026204,107.0426916
2018/3/2 13:15,1.392360667,1119.872477,116.5164007
2018/3/2 13:30,1.392360667,1092.897868,132.3530807
2018/3/2 13:45,1.392360667,1053.786825,134.8483938
2018/3/2 14:00,1.392360667,1056.53715,123.1625672
2018/3/2 14:15,1.392360667,993.878947,140.7404022
2018/3/2 14:30,2.793989181,945.8882245,140.9809977
2018/3/2 14:45,4.413177649,949.3879598,121.649737
2018/3/2 15:00,4.328700225,919.0153605,100.6328176
2018/3/2 15:15,4.123799801,874.775472,96.1049296
2018/3/2 15:30,3.951955716,832.1566162,88.81542206
2018/3/2 15:45,3.695900122,773.1725871,83.74943288
2018/3/2 16:00,3.47471118,718.9941813,79.69670614
2018/3/2 16:15,3.168955644,652.8492635,70.9156189
2018/3/2 16:30,2.89947772,591.4403687,65.30905406
2018/3/2 16:45,2.570033471,528.8438415,63.52396139
2018/3/2 17:00,2.230744521,462.8843486,59.35898463
2018/3/2 17:15,1.862988869,394.3526611,55.32094701
2018/3/2 17:30,1.485511144,328.1281433,53.76009114
2018/3/2 17:45,1.097333372,256.7524211,46.35748291
2018/3/2 18:00,0.731455545,191.1686757,42.63456726
2018/3/2 18:15,0.405688892,127.5619278,36.99190521
2018/3/2 18:30,0.177466681,75.9995575,31.45967865
2018/3/2 18:45,0.059766659,29.15819295,24.43325615
2018/3/2 19:00,0.005955555,12.068772,10.43192911
2018/3/2 19:15,0,4.598597368,3.216586192
2018/3/2 19:30,0,4.415412267,3.003361066
2018/3/2 19:45,0,4.181432247,2.691114346
2018/3/2 20:00,0,3.359741926,1.956570069
2018/3/2 20:15,0,3.535090526,2.097694238
2018/3/2 20:30,0,3.196032445,1.792062998
2018/3/2 20:45,0,4.573950688,3.052278995
2018/3/2 21:00,0,4.93409586,3.37736551
2018/3/2 21:15,0,4.526854833,3.12303408
2018/3/2 21:30,0,3.632691225,2.117413044
2018/3/2 21:45,0,3.513029337,2.000458836
2018/3/2 22:00,0,2.896399736,1.383358995
2018/3/2 22:15,0,2.81264774,1.28438137
2018/3/2 22:30,0,2.432678382,0.909681777
2018/3/2 22:45,0,2.443649649,0.969129384
2018/3/2 23:00,0,1.674763123,0.534713626
2018/3/2 23:15,0,1.863182465,0.646564325
2018/3/2 23:30,0,3.235638459,1.758167624
2018/3/2 23:45,0,2.949179967,1.437117716
2018/3/3 0:00,0,2.197988431,0.750980834
2018/3/3 0:15,0,2.708551486,1.200455387
2018/3/3 0:30,0,3.024778843,1.5489072
2018/3/3 0:45,0,2.805762529,1.312165041
2018/3/3 1:00,0,2.997521559,1.429505746
2018/3/3 1:15,0,3.189016104,1.622581999
2018/3/3 1:30,0,2.468791326,0.956672033
2018/3/3 1:45,0,2.929883162,1.371734341
2018/3/3 2:00,0,2.491298835,0.99422576
2018/3/3 2:15,0,3.444586675,1.844886502
2018/3/3 2:30,0,3.174845616,1.629829327
2018/3/3 2:45,0,2.960918824,1.484157761
2018/3/3 3:00,0,2.525338252,0.929023266
2018/3/3 3:15,0,2.645384312,1.105197588
2018/3/3 3:30,0,2.713960966,1.161574741
2018/3/3 3:45,0,3.261257013,1.625359496
2018/3/3 4:00,0,2.714429855,1.1466163
2018/3/3 4:15,0,2.808101336,1.303374648
2018/3/3 4:30,0,2.798514446,1.237852097
2018/3/3 4:45,0,2.864968061,1.330458999
2018/3/3 5:00,0,2.585217794,0.999339541
2018/3/3 5:15,0,2.536905766,0.939866642
2018/3/3 5:30,0,2.693773111,1.150770227
2018/3/3 5:45,0,2.135662198,0.59345303
2018/3/3 6:00,0,2.700546901,1.121059537
2018/3/3 6:15,0,3.015177568,1.419437329
2018/3/3 6:30,0,8.850078105,6.842003347
2018/3/3 6:45,0.100833349,31.47042274,19.39944077
2018/3/3 7:00,0.226700018,45.64929072,34.81378428
2018/3/3 7:15,0.476300021,61.6840744,44.32944107
2018/3/3 7:30,0.814433276,55.31091817,34.34572983
2018/3/3 7:45,1.15251104,186.7634404,24.15870221
2018/3/3 8:00,1.545300007,319.8381347,27.22816658
2018/3/3 8:15,1.934611042,395.2651062,34.3387769
2018/3/3 8:30,2.286188841,461.9153951,41.3035965
2018/3/3 8:45,2.634444396,529.8966675,49.5656484
2018/3/3 9:00,2.962611119,590.1601156,52.21271006
2018/3/3 9:15,3.267244498,649.0619507,53.81763077
2018/3/3 9:30,3.555555582,712.8509928,62.31121445
2018/3/3 9:45,3.792233229,775.4150797,76.4376653
2018/3/3 10:00,4.029111147,825.2015991,66.62387848
2018/3/3 10:15,4.230011146,877.5525106,67.57145182
2018/3/3 10:30,4.405300299,923.1831258,69.59658051
2018/3/3 10:45,4.520933469,966.8977661,70.76436869
2018/3/3 11:00,4.618410905,1004.387696,73.04854584
2018/3/3 11:15,4.722266515,1032.11377,76.12989807
2018/3/3 11:30,4.787733555,1051.889689,76.123703
2018/3/3 11:45,4.895455042,1081.496826,82.63433838
2018/3/3 12:00,4.993466377,1103.907145,89.42428335
2018/3/3 12:15,5.032577515,1122.90035,90.70805359
2018/3/3 12:30,5.03361098,1125.708334,85.07277171
2018/3/3 12:45,5.043511232,1129.671224,89.78985341
2018/3/3 13:00,5.012777805,1122.854614,90.30772909
2018/3/3 13:15,4.994244098,1112.006673,91.36478933
2018/3/3 13:30,4.926610787,1094.108968,92.19344075
2018/3/3 13:45,4.815155347,1069.407552,85.7517395
2018/3/3 14:00,4.737999757,1038.347534,79.30854289
2018/3/3 14:15,4.619033654,1003.886495,77.06975555
2018/3/3 14:30,4.525444349,969.4966227,74.80532582
2018/3/3 14:45,4.417577585,932.6132609,75.79874929
2018/3/3 15:00,4.231011391,889.8908081,79.76651509
2018/3/3 15:15,4.079877694,847.0708415,81.47340902
2018/3/3 15:30,3.852377891,802.0586751,78.20172628
2018/3/3 15:45,3.670288881,751.3683065,74.93933868
2018/3/3 16:00,3.394344409,692.9335734,71.25211589
2018/3/3 16:15,3.144277731,631.1875814,65.93705622
2018/3/3 16:30,2.836033344,568.3364868,58.86781311
2018/3/3 16:45,2.530455589,509.1328837,55.58169174
2018/3/3 17:00,2.186000029,445.9948018,51.70539983
2018/3/3 17:15,1.823555549,382.2375183,49.54039001
2018/3/3 17:30,1.446144501,313.1098633,44.18712489
2018/3/3 17:45,1.069277704,249.8499502,42.31354523
2018/3/3 18:00,0.701377809,181.712148,36.00098165
2018/3/3 18:15,0.381633321,121.3030853,32.03951136
2018/3/3 18:30,0.156766663,71.29099528,27.19464493
2018/3/3 18:45,0.04638889,24.87188848,21.07500076
2018/3/3 19:00,0.0015,9.943421999,8.42661778
2018/3/3 19:15,0,4.287664254,2.967769265
2018/3/3 19:30,0,3.831488291,2.54354318
2018/3/3 19:45,0,2.584511916,1.280414124
2018/3/3 20:00,0,3.552843571,2.295644681
2018/3/3 20:15,0,3.318366686,1.932335814
2018/3/3 20:30,0,3.093589783,1.73307991
2018/3/3 20:45,0,3.227570852,1.8578312
2018/3/3 21:00,0,4.044031779,2.585312883
2018/3/3 21:15,0,4.545822462,3.060222387
2018/3/3 21:30,0,3.884361267,2.408387582
2018/3/3 21:45,0,3.427626292,2.035120448
2018/3/3 22:00,0,3.173737526,1.784026305
2018/3/3 22:15,0,2.933895826,1.441923777
2018/3/3 22:30,0,2.899422804,1.4710416
2018/3/3 22:45,0,2.814608733,1.404109279
2018/3/3 23:00,0,2.515550931,1.08292532
2018/3/3 23:15,0,2.745683352,1.314753334
2018/3/3 23:30,0,2.592187882,1.174639463
2018/3/3 23:45,0,2.560607434,1.071140329
2018/3/4 0:00,0,1.899330815,0.596650243
2018/3/4 0:15,0,1.827127496,0.547238171
2018/3/4 0:30,0,1.865739942,0.597024918
2018/3/4 0:45,0,2.353074471,0.883388341
2018/3/4 1:00,0,2.513389746,1.053359985
2018/3/4 1:15,0,2.232762098,0.729554196
2018/3/4 1:30,0,2.208661556,0.732668757
2018/3/4 1:45,0,2.556488991,1.165705681
2018/3/4 2:00,0,2.154330254,0.744162122
2018/3/4 2:15,0,1.985259295,0.612666746
2018/3/4 2:30,0,1.825564662,0.687903663
2018/3/4 2:45,0,2.335954587,0.95019875
2018/3/4 3:00,0,1.43102026,0.531374593
2018/3/4 3:15,0,1.631281575,0.542321384
2018/3/4 3:30,0,1.783947349,0.559396446
2018/3/4 3:45,0,2.173508445,0.809221188
2018/3/4 4:00,0,4.41712141,2.901995103
2018/3/4 4:15,0,4.64402914,3.07290109
2018/3/4 4:30,0,3.920733849,2.39307642
2018/3/4 4:45,0,3.359418631,1.826668064
2018/3/4 5:00,0,2.48675855,1.003941516
2018/3/4 5:15,0,2.389901082,0.84675473
2018/3/4 5:30,0,2.069115042,0.715981881
2018/3/4 5:45,0,3.282794078,1.751031439
2018/3/4 6:00,0,3.360375563,1.778825283
2018/3/4 6:15,0,3.168489774,1.631035606
2018/3/4 6:30,0,4.872095188,3.27392141
2018/3/4 6:45,0.025711107,14.93637657,9.224118868
2018/3/4 7:00,0.097433326,24.98371823,16.66949527
2018/3/4 7:15,0.327500011,45.60709826,20.65712357
2018/3/4 7:30,0.713533362,36.77190781,25.19102478
2018/3/4 7:45,1.093111098,174.440389,23.70476468
2018/3/4 8:00,1.494255503,304.1072388,29.80586243
2018/3/4 8:15,1.894555529,380.0805969,42.16749191
2018/3/4 8:30,2.241366784,439.6578471,51.05886713
2018/3/4 8:45,2.606822173,504.3801473,58.52341715
2018/3/4 9:00,3.02853322,581.0932821,75.87303035
2018/3/4 9:15,3.457733392,678.7420654,132.5738169
2018/3/4 9:30,2.947844267,585.4957886,158.7889811
2018/3/4 9:45,3.400011063,667.8791911,134.4751434
2018/3/4 10:00,3.978211006,783.6182454,90.90879314
2018/3/4 10:15,4.205822468,836.5796509,82.29344177
2018/3/4 10:30,4.351844787,875.1976115,80.90976969
2018/3/4 10:45,4.508700053,916.4024455,83.24654897
2018/3/4 11:00,4.658122222,959.0874431,95.56082152
2018/3/4 11:15,4.502844334,925.8146362,113.7265244
2018/3/4 11:30,4.852599939,1001.076823,94.79147085
2018/3/4 11:45,4.887366454,1023.444214,100.0296071
2018/3/4 12:00,4.984789371,1065.023926,100.2403107
2018/3/4 12:15,5.030432701,1078.616211,98.02275339
2018/3/4 12:30,5.034810861,1086.412679,99.13445537
2018/3/4 12:45,5.065433184,1087.504476,100.2336782
2018/3/4 13:00,5.058133761,1083.236125,106.515803
2018/3/4 13:15,4.99954462,1074.015177,110.6309255
2018/3/4 13:30,4.905899843,1047.274617,117.4507752
2018/3/4 13:45,4.872399807,1036.23464,120.3294347
2018/3/4 14:00,4.743899822,991.3615722,156.0113983
2018/3/4 14:15,4.581411203,951.6574097,144.8175507
2018/3/4 14:30,4.520577749,922.1779785,140.3055496
2018/3/4 14:45,4.383777777,891.4850261,108.5016429
2018/3/4 15:00,4.017244339,814.2016602,134.5825221
2018/3/4 15:15,3.848255555,740.172465,256.0545349
2018/3/4 15:30,3.990366618,812.438029,116.854276
2018/3/4 15:45,3.657522043,732.8700155,81.81878153
2018/3/4 16:00,3.401511272,677.9558919,77.11052704
2018/3/4 16:15,3.134977818,616.2977091,70.32447052
2018/3/4 16:30,2.822466533,554.2749024,64.43987274
2018/3/4 16:45,2.493833383,492.8669942,63.06472651
2018/3/4 17:00,2.140722275,429.1219279,60.66849009
2018/3/4 17:15,1.758477767,363.2139995,58.1985054
2018/3/4 17:30,1.354022344,287.9001261,55.18635813
2018/3/4 17:45,1.027266622,232.4304098,52.4108963
2018/3/4 18:00,0.47381115,127.0150884,43.91618093
2018/3/4 18:15,0.262733355,78.1608963,35.02648036
2018/3/4 18:30,0.207511107,74.79258728,37.14219538
2018/3/4 18:45,0.075244438,32.93848292,29.41990407
2018/3/4 19:00,0.00522221,12.92750104,11.09548187
2018/3/4 19:15,-6.67E-05,5.246790568,3.79311347
2018/3/4 19:30,0,2.935262918,1.600670974
2018/3/4 19:45,0,2.355438391,1.041668276
2018/3/4 20:00,0,2.27449282,0.870598555
2018/3/4 20:15,0,2.103144924,0.848268469
2018/3/4 20:30,0,2.260017633,0.910421471
2018/3/4 20:45,0,2.827795426,1.548356374
2018/3/4 21:00,0,2.852452596,1.446420332
2018/3/4 21:15,0,2.366824786,1.025125265
2018/3/4 21:30,0,2.644192537,1.233715256
2018/3/4 21:45,0,2.898032268,1.556963324
2018/3/4 22:00,0,3.014010112,1.576369206
2018/3/4 22:15,0,3.336715381,1.92664055
2018/3/4 22:30,0,4.340048154,2.887551228
2018/3/4 22:45,0,4.624293327,3.099584023
2018/3/4 23:00,0,3.76637427,2.310837905
2018/3/4 23:15,0,3.472382228,2.01175793
2018/3/4 23:30,0,2.93500336,1.488972743
2018/3/4 23:45,0,2.654470921,1.136213283
2018/3/5 0:00,0,3.155195872,1.679897785
2018/3/5 0:15,0,2.815606594,1.381295919
2018/3/5 0:30,0,2.32115531,0.803364615
2018/3/5 0:45,0,2.947247187,1.529019316
2018/3/5 1:00,0,3.17188708,1.711368958
2018/3/5 1:15,0,2.964383841,1.501561006
2018/3/5 1:30,0,3.327024857,1.767949661
2018/3/5 1:45,0,2.714568774,1.157538831
2018/3/5 2:00,0,2.656982581,1.136613468
2018/3/5 2:15,0,2.940039317,1.440117916
2018/3/5 2:30,0,2.881043116,1.376753013
2018/3/5 2:45,0,2.662405014,1.090054691
2018/3/5 3:00,0,2.48894612,0.980572482
2018/3/5 3:15,0,2.475895246,0.950343967
2018/3/5 3:30,0,2.541108211,0.945700049
2018/3/5 3:45,0,2.092817028,0.609075904
2018/3/5 4:00,0,2.149062713,0.723247548
2018/3/5 4:15,0,2.77053841,1.245423158
2018/3/5 4:30,0,2.649177313,1.085684359
2018/3/5 4:45,0,2.673550288,1.144888838
2018/3/5 5:00,0,2.589139064,0.998858571
2018/3/5 5:15,0,2.950696786,1.34728696
2018/3/5 5:30,0,3.106035789,1.504803697
2018/3/5 5:45,0,2.433722575,0.857218822
2018/3/5 6:00,0,1.85382684,0.698006143
2018/3/5 6:15,0,1.228247643,0.48629573
2018/3/5 6:30,0,2.2633998,1.093875905
2018/3/5 6:45,0.035511103,16.84730434,9.498529752
2018/3/5 7:00,0.100222225,30.07028007,18.0164992
2018/3/5 7:15,0.314200014,50.86448034,21.74537404
2018/3/5 7:30,0.722322226,38.83041255,26.36865934
2018/3/5 7:45,1.116588871,186.9149373,24.05955505
2018/3/5 8:00,1.525566658,312.9221598,32.61590703
2018/3/5 8:15,1.923077742,383.5453593,38.55502065
2018/3/5 8:30,2.309522073,448.3900757,44.66265615
2018/3/5 8:45,2.670388937,508.2082316,46.97767258
2018/3/5 9:00,2.997600317,567.947876,49.65153631
2018/3/5 9:15,3.310111046,625.5201416,52.61598587
2018/3/5 9:30,3.597533544,684.5184326,59.05794906
2018/3/5 9:45,3.83739996,746.258138,71.48570252
2018/3/5 10:00,4.065100034,790.7641805,64.42398961
2018/3/5 10:15,4.260410945,838.6498616,68.83722687
2018/3/5 10:30,4.445666631,886.4613851,72.86595408
2018/3/5 10:45,4.598244667,923.3549194,70.80844625
2018/3/5 11:00,4.749855518,957.7493489,72.66010539
2018/3/5 11:15,4.859244505,999.828125,74.97993723
2018/3/5 11:30,4.93014431,1019.989502,75.7395401
2018/3/5 11:45,5.024500052,1044.606974,80.01022848
2018/3/5 12:00,5.068944931,1064.248413,85.60624949
2018/3/5 12:15,3.890731646,1076.719808,88.23959096
2018/3/5 12:30,1.392360667,1094.359904,89.07132975
2018/3/5 12:45,1.392360667,1096.773315,94.05109151
2018/3/5 13:00,1.392360667,1097.611084,106.9461975
2018/3/5 13:15,1.392360667,1112.745158,168.3234558
2018/3/5 13:30,1.392360667,1071.007975,162.0586853
2018/3/5 13:45,1.392360667,958.6121013,224.0628459
2018/3/5 14:00,1.392360667,961.5829264,232.3269094
2018/3/5 14:15,0.928240444,885.0161947,239.0709432
2018/3/5 14:30,4.512488683,922.9296468,177.2098491
2018/3/5 14:45,4.258355459,851.2855631,179.0459035
2018/3/5 15:00,4.390088876,868.7745565,155.4156596
2018/3/5 15:15,4.112422228,786.3863729,116.2760595
2018/3/5 15:30,3.925778071,744.343099,135.4474386
2018/3/5 15:45,3.82739989,749.1333822,128.8112615
2018/3/5 16:00,3.586511294,697.1388957,100.6769689
2018/3/5 16:15,3.331066688,636.277771,84.1822993
2018/3/5 16:30,2.963422219,562.2900594,82.76064809
2018/3/5 16:45,2.602310975,492.8334656,86.77050018
2018/3/5 17:00,2.359222094,454.9416707,82.82198334
2018/3/5 17:15,1.339666625,272.8102773,80.23099772
2018/3/5 17:30,1.507000009,302.2075297,82.24590047
2018/3/5 17:45,1.011888921,216.5841725,68.49178187
2018/3/5 18:00,0.791755577,181.5299784,67.64955902
2018/3/5 18:15,0.492488911,127.8628108,67.9591802
2018/3/5 18:30,0.29733332,87.00607554,55.09480413
2018/3/5 18:45,0.114111111,40.00599925,33.73368136
2018/3/5 19:00,0.008399988,13.42427762,10.98337428
2018/3/5 19:15,0,4.062423309,2.634110689
2018/3/5 19:30,0,2.843758106,1.494193832
2018/3/5 19:45,0,2.480756918,1.096918086
2018/3/5 20:00,0,2.284543832,0.922430237
2018/3/5 20:15,0,2.092690785,0.748022834
2018/3/5 20:30,0,2.619494121,1.181979179
2018/3/5 20:45,0,2.303219636,0.957756797
2018/3/5 21:00,0,2.084252119,0.794885119
2018/3/5 21:15,0,2.557190339,1.151629647
2018/3/5 21:30,0,2.580165625,1.1531774
2018/3/5 21:45,0,2.543262323,1.098915636
2018/3/5 22:00,0,2.737099488,1.375785291
2018/3/5 22:15,0,2.556597154,1.165755232
2018/3/5 22:30,0,2.260001739,0.834776163
2018/3/5 22:45,0,1.929899176,0.601209184
2018/3/5 23:00,0,2.248676856,0.822122792
2018/3/5 23:15,0,2.753664494,1.289383213
2018/3/5 23:30,0,3.204425812,1.739034096
2018/3/5 23:45,0,3.63393418,2.166457097
2018/3/6 0:00,0,3.374553601,1.829807242
2018/3/6 0:15,0,2.785779953,1.289730589
2018/3/6 0:30,0,2.14266181,0.674702068
2018/3/6 0:45,0,2.842665672,1.373601993
2018/3/6 1:00,0,2.622559707,1.150816341
2018/3/6 1:15,0,3.096041521,1.586053332
2018/3/6 1:30,0,4.859617075,3.277907848
2018/3/6 1:45,0,4.205820322,2.681932449
2018/3/6 2:00,0,3.975012143,2.454303265
2018/3/6 2:15,0,3.119438171,1.605503996
2018/3/6 2:30,0,2.60281531,1.037253658
2018/3/6 2:45,0,2.012283722,0.81692329
2018/3/6 3:00,0,2.396723111,0.902024289
2018/3/6 3:15,0,3.072470903,1.532983621
2018/3/6 3:30,0,3.624118567,2.057897806
2018/3/6 3:45,0,3.797487179,2.23537612
2018/3/6 4:00,0,3.076888323,1.434281866
2018/3/6 4:15,0,2.075171987,0.583472888
2018/3/6 4:30,0,2.846587817,1.234416803
2018/3/6 4:45,0,3.192262968,1.639637669
2018/3/6 5:00,0,2.405504306,0.868599951
2018/3/6 5:15,0,2.212203781,0.777571549
2018/3/6 5:30,0,2.561186473,1.1051265
2018/3/6 5:45,0,2.435717106,0.889269034
2018/3/6 6:00,0,2.417991082,0.913333277
2018/3/6 6:15,0,1.307700634,0.449791342
2018/3/6 6:30,0,5.123905023,3.50307556
2018/3/6 6:45,0.051488881,18.94223595,15.46037324
2018/3/6 7:00,0.163522204,37.87526957,28.7179451
2018/3/6 7:15,0.362111112,67.16016007,34.69098791
2018/3/6 7:30,0.727555573,63.55211639,42.92374675
2018/3/6 7:45,1.112722218,207.4250183,43.84208934
2018/3/6 8:00,1.516199946,303.1861776,52.0374349
2018/3/6 8:15,1.922899961,379.1561483,59.18595886
2018/3/6 8:30,2.324222247,450.2650757,63.95724996
2018/3/6 8:45,2.697055578,515.6425781,66.76228078
2018/3/6 9:00,3.047111193,579.1749064,71.27266185
2018/3/6 9:15,3.35082229,637.8647258,75.27268728
2018/3/6 9:30,3.63667798,699.6054281,82.26926168
2018/3/6 9:45,3.881344636,759.7833659,93.15997569
2018/3/6 10:00,4.111544609,805.6632283,86.23053487
2018/3/6 10:15,4.296900113,851.5672404,86.17930094
2018/3/6 10:30,4.495666504,898.9031372,87.33782959
2018/3/6 10:45,4.707188606,943.8206991,87.34211476
2018/3/6 11:00,4.839844704,978.1695964,83.57398987
2018/3/6 11:15,4.934988817,1017.586995,84.34016927
2018/3/6 11:30,5.012588978,1040.659546,86.60693105
2018/3/6 11:45,5.087322235,1061.195109,86.58878072
2018/3/6 12:00,5.138022264,1086.139282,94.43264007
2018/3/6 12:15,5.216922124,1096.523926,94.40455373
2018/3/6 12:30,5.226800124,1115.910319,96.06937663
2018/3/6 12:45,5.222311656,1118.154297,97.50911967
2018/3/6 13:00,5.237867196,1112.622314,100.840594
2018/3/6 13:15,5.202766896,1105.065226,101.4120127
2018/3/6 13:30,5.13407739,1095.494303,104.8032837
2018/3/6 13:45,5.086099942,1067.622762,96.47370148
2018/3/6 14:00,4.979233583,1036.20992,89.58729808
2018/3/6 14:15,4.896344185,1005.038004,89.87249756
2018/3/6 14:30,4.726544539,967.661438,90.21443939
2018/3/6 14:45,4.543644428,925.7316284,88.39071401
2018/3/6 15:00,4.44848903,886.1318767,89.72431183
2018/3/6 15:15,4.271533012,823.1768595,92.60085805
2018/3/6 15:30,4.015355825,780.734375,85.73444621
2018/3/6 15:45,3.796377818,751.6340535,81.20671844
2018/3/6 16:00,3.542877515,695.1016642,78.28759511
2018/3/6 16:15,3.260344585,632.2796834,68.72243754
2018/3/6 16:30,2.948122263,564.3995361,63.5437444
2018/3/6 16:45,2.621777693,508.0244853,57.83013662
2018/3/6 17:00,2.260044495,446.5763957,55.44776408
2018/3/6 17:15,1.878799916,379.209493,49.34316127
2018/3/6 17:30,1.482811054,310.5067037,45.94299062
2018/3/6 17:45,0.989733338,229.9417369,43.3448232
2018/3/6 18:00,0.630955517,154.5299123,34.81260935
2018/3/6 18:15,0.385733346,118.6373596,34.35913849
2018/3/6 18:30,0.147677772,67.54962285,31.2937851
2018/3/6 18:45,0.030133331,21.35767714,18.45747566
2018/3/6 19:00,-0.000733333,6.843414942,5.389596462
2018/3/6 19:15,0,3.232674122,1.808061282
2018/3/6 19:30,0,2.750995398,1.384383599
2018/3/6 19:45,0,2.338370085,0.952289879
2018/3/6 20:00,0,2.734466155,1.334935963
2018/3/6 20:15,0,3.165417433,1.731355349
2018/3/6 20:30,0,3.248765389,1.816357056
2018/3/6 20:45,0,2.715747595,1.307169219
2018/3/6 21:00,0,3.364349604,1.898336132
2018/3/6 21:15,0,1.690550605,0.658237497
2018/3/6 21:30,0,1.66515092,0.573103249
2018/3/6 21:45,0,2.778435548,1.360722403
2018/3/6 22:00,0,2.757781585,1.348897974
2018/3/6 22:15,0,3.345582009,1.830389261
2018/3/6 22:30,0,3.346492132,1.82863907
2018/3/6 22:45,0,3.651180267,2.122394482
2018/3/6 23:00,0,4.835593383,3.216661771
2018/3/6 23:15,0,4.591804504,3.042683522
2018/3/6 23:30,0,4.3165706,2.768694162
2018/3/6 23:45,0,4.015094837,2.470212539
2018/3/7 0:00,0,4.032911698,2.479418198
2018/3/7 0:15,0,3.698371093,2.09771653
2018/3/7 0:30,0,2.850999514,1.324179649
2018/3/7 0:45,0,3.03092138,1.485613704
2018/3/7 1:00,0,2.945104837,1.357930342
2018/3/7 1:15,0,2.381817818,0.830097954
2018/3/7 1:30,0,2.438519557,0.849898239
2018/3/7 1:45,0,2.330338081,0.870201329
2018/3/7 2:00,0,2.726095517,1.137988667
2018/3/7 2:15,0,2.964017789,1.396476666
2018/3/7 2:30,0,2.609947761,1.032134036
2018/3/7 2:45,0,2.720481396,1.092821181
2018/3/7 3:00,0,2.779542049,1.244318604
2018/3/7 3:15,0,2.570228656,1.085857531
2018/3/7 3:30,0,2.904925664,1.297097206
2018/3/7 3:45,0,2.932078521,1.333390037
2018/3/7 4:00,0,3.00736777,1.394727747
2018/3/7 4:15,0,2.742266258,1.139799953
2018/3/7 4:30,0,2.701534509,1.141060809
2018/3/7 4:45,0,2.141441504,0.554863632
2018/3/7 5:00,0,2.433335304,0.872342507
2018/3/7 5:15,0,2.211231947,0.697942416
2018/3/7 5:30,0,2.554164807,0.945923547
2018/3/7 5:45,0,2.645246267,1.039723754
2018/3/7 6:00,0,2.900692542,1.296343446
2018/3/7 6:15,0,2.724554618,1.135929425
2018/3/7 6:30,0,4.567199469,2.864880681
2018/3/7 6:45,0.037588882,14.60035674,11.4816796
2018/3/7 7:00,0.122888898,30.63907178,21.17550023
2018/3/7 7:15,0.30108887,48.65109761,27.96748034
2018/3/7 7:30,0.728055557,63.55959956,35.90020243
2018/3/7 7:45,1.133311033,224.5336507,37.10466639
2018/3/7 8:00,1.555777748,308.3783773,51.70707321
2018/3/7 8:15,1.955022255,383.3069662,58.42706299
2018/3/7 8:30,2.345722199,450.8833618,68.44613902
2018/3/7 8:45,2.710755587,515.6802572,73.34459686
2018/3/7 9:00,3.033766747,570.6763713,71.3684438
2018/3/7 9:15,3.305255413,621.7653809,70.19775645
2018/3/7 9:30,3.523144404,677.5479126,83.84415945
2018/3/7 9:45,3.452533245,670.4548543,119.2138621
2018/3/7 10:00,4.059877713,789.5373332,113.1815593
2018/3/7 10:15,4.324977398,846.9132894,102.1189397
2018/3/7 10:30,4.430089315,873.9283854,85.1501414
2018/3/7 10:45,4.584622383,910.9472453,82.40440369
2018/3/7 11:00,4.72573328,942.5503947,80.61137899
2018/3/7 11:15,4.840455532,974.6565959,82.8913269
2018/3/7 11:30,4.875333309,995.0949707,80.08285522
2018/3/7 11:45,4.987589041,1019.78011,85.71238454
2018/3/7 12:00,5.002300263,1038.796915,84.0601476
2018/3/7 12:15,5.047855218,1056.743327,88.13467916
2018/3/7 12:30,5.068155447,1072.194946,88.85923513
2018/3/7 12:45,5.094522158,1073.37443,89.92529043
2018/3/7 13:00,5.091822624,1068.374919,93.35199737
2018/3/7 13:15,5.102077961,1066.422811,100.9300308
2018/3/7 13:30,4.873399894,1060.909383,127.5184886
2018/3/7 13:45,5.000333627,1037.141398,167.7662913
2018/3/7 14:00,1.392360667,993.8409421,360.0769043
2018/3/7 14:15,1.392360667,832.6875609,457.60731
2018/3/7 14:30,1.392360667,1043.181946,319.0013224
2018/3/7 14:45,1.392360667,898.0206908,340.4029745
2018/3/7 15:00,4.382666747,856.7436727,263.5372009
2018/3/7 15:15,4.032666842,813.6960653,156.311437
2018/3/7 15:30,4.058977922,835.379008,185.8556468
2018/3/7 15:45,2.232977748,429.378657,163.0274251
2018/3/7 16:00,4.016733249,800.7780151,226.3869527
2018/3/7 16:15,1.986488819,447.5282186,256.9922689
2018/3/7 16:30,1.838777662,370.3625895,247.715154
2018/3/7 16:45,0.892311136,192.0501149,179.1867269
2018/3/7 17:00,0.908488869,208.5588531,137.5134328
2018/3/7 17:15,2.074711164,362.304128,126.7321218
2018/3/7 17:30,1.514199932,327.5799764,103.3940353
2018/3/7 17:45,0.455955585,124.3056691,68.12158712
2018/3/7 18:00,0.219822188,52.29088211,46.60208766
2018/3/7 18:15,0.2775111,66.42014567,61.01254781
2018/3/7 18:30,0.156955565,50.87047577,35.21390343
2018/3/7 18:45,0.032888887,17.74666945,15.89674823
2018/3/7 19:00,6.67E-05,5.885630131,4.438625097
2018/3/7 19:15,0,2.680540959,1.308989366
2018/3/7 19:30,0,2.385259151,1.041658481
2018/3/7 19:45,0,6.693365455,5.27160126
2018/3/7 20:00,0,6.438160738,4.950055917
2018/3/7 20:15,0,3.626751582,2.22135814
2018/3/7 20:30,0,1.63407433,0.590322038
2018/3/7 20:45,0,1.362088521,0.595406075
2018/3/7 21:00,0,5.217648188,3.66489021
2018/3/7 21:15,0,2.862013737,1.422809641
2018/3/7 21:30,0,3.021445513,1.549387097
2018/3/7 21:45,0,2.854659239,1.423622568
2018/3/7 22:00,0,4.246176958,2.765021324
2018/3/7 22:15,0,2.231192549,0.82753851
2018/3/7 22:30,0,2.036642551,0.640420079
2018/3/7 22:45,0,2.188502153,0.749127388
2018/3/7 23:00,0,2.235060334,0.827034433
2018/3/7 23:15,0,3.803238312,2.313886881
2018/3/7 23:30,0,8.551319598,6.875468095
2018/3/7 23:45,0,3.890435537,2.302768985
2018/3/8 0:00,0,2.413947106,0.881819188
2018/3/8 0:15,0,1.733986894,0.519926906
2018/3/8 0:30,0,2.571551045,1.038867812
2018/3/8 0:45,0,2.188841899,0.753207862
2018/3/8 1:00,0,1.874190092,0.538090309
2018/3/8 1:15,0,1.684277097,0.509946326
2018/3/8 1:30,0,4.136402528,2.667631686
2018/3/8 1:45,0,3.498373906,1.989541888
2018/3/8 2:00,0,2.530688286,1.01744318
2018/3/8 2:15,0,2.455366691,0.957976401
2018/3/8 2:30,0,2.328024626,0.817813535
2018/3/8 2:45,0,2.28951025,0.748157501
2018/3/8 3:00,0,2.063754241,0.637515724
2018/3/8 3:15,0,2.024837772,0.56813999
2018/3/8 3:30,0,2.027213891,0.575782458
2018/3/8 3:45,0,2.039351861,0.603503346
2018/3/8 4:00,0,1.847288012,0.524740696
2018/3/8 4:15,0,1.809423963,0.514434397
2018/3/8 4:30,0,1.927457055,0.541018387
2018/3/8 4:45,0,2.019058744,0.587317784
2018/3/8 5:00,0,1.926932494,0.531426609
2018/3/8 5:15,0,2.550879637,1.060419858
2018/3/8 5:30,0,2.15268302,0.676980575
2018/3/8 5:45,0,1.896116614,0.527735293
2018/3/8 6:00,0,2.087714593,0.647405148
2018/3/8 6:15,0,2.215952238,0.736306111
2018/3/8 6:30,0,2.944088618,1.482591748
2018/3/8 6:45,0,4.560155869,2.983050585
2018/3/8 7:00,0.018511108,11.25363493,9.59057061
2018/3/8 7:15,0.053977767,17.80873044,16.21637567
2018/3/8 7:30,0.095688874,25.29078611,23.80250804
2018/3/8 7:45,0.191155543,38.38019943,36.55224228
2018/3/8 8:00,0.39815552,76.06958008,74.33724213
2018/3/8 8:15,0.516311129,87.61596171,85.38712564
2018/3/8 8:30,0.862222155,150.5907186,147.3399251
2018/3/8 8:45,1.080155571,184.6031698,180.0312449
2018/3/8 9:00,1.359199961,246.970576,235.0338084
2018/3/8 9:15,0.808577756,161.9896393,158.3904978
2018/3/8 9:30,1.295688828,203.8829549,198.3325094
2018/3/8 9:45,1.008399963,180.3815613,176.6687521
2018/3/8 10:00,1.034266611,167.9577789,164.2718557
2018/3/8 10:15,0.88046662,148.4994761,143.831665
2018/3/8 10:30,1.368111134,217.055013,213.3586477
2018/3/8 10:45,1.490422209,249.6189677,244.9451345
2018/3/8 11:00,1.306911111,219.825882,216.2705637
2018/3/8 11:15,1.091177742,179.1155446,175.6685486
2018/3/8 11:30,1.07595553,168.2553965,166.1699829
2018/3/8 11:45,1.127888838,186.7274424,184.6872762
2018/3/8 12:00,0.949644426,146.4747518,144.7277985
2018/3/8 12:15,0.927733401,135.817688,132.1578751
2018/3/8 12:30,0.922288875,136.9780426,133.3835907
2018/3/8 12:45,1.22753338,197.9421438,192.7592316
2018/3/8 13:00,1.245866616,203.0432281,197.6879272
2018/3/8 13:15,0.903422197,147.2216772,142.5765127
2018/3/8 13:30,1.591355562,231.9496918,225.429835
2018/3/8 13:45,1.391177773,206.1819814,199.8416799
2018/3/8 14:00,1.060888847,167.4687907,164.2918345
2018/3/8 14:15,1.267511109,189.2147522,184.6266657
2018/3/8 14:30,1.553355575,247.7493897,242.3905792
2018/3/8 14:45,1.518533349,238.0211538,232.1208089
2018/3/8 15:00,1.24555554,208.0067902,201.843928
2018/3/8 15:15,1.178888957,181.1309458,177.544164
2018/3/8 15:30,0.904400011,156.5338847,154.0718079
2018/3/8 15:45,0.649000049,117.5171865,114.9444097
2018/3/8 16:00,0.616600056,102.5156072,100.1101939
2018/3/8 16:15,1.044711093,154.9226023,152.4338659
2018/3/8 16:30,1.038311084,176.5354614,173.8360087
2018/3/8 16:45,1.004288892,165.1381073,162.435379
2018/3/8 17:00,0.74846671,141.8423869,136.3921331
2018/3/8 17:15,0.614866634,115.9518738,113.7829615
2018/3/8 17:30,0.277355562,58.74980036,56.47811508
2018/3/8 17:45,0.130844449,31.92653148,30.38069407
2018/3/8 18:00,0.050399995,16.7159462,15.16313934
2018/3/8 18:15,0.031644438,14.47965399,12.88039748
2018/3/8 18:30,0.031199995,13.14942964,11.61309973
2018/3/8 18:45,-4.44E-05,6.030387402,4.462960879
2018/3/8 19:00,0,3.746733506,2.229251782
2018/3/8 19:15,0,2.767323256,1.282351474
2018/3/8 19:30,0,2.23779726,0.72232465
2018/3/8 19:45,0,2.060416818,0.647440851
2018/3/8 20:00,0,1.984372854,0.545692622
2018/3/8 20:15,0,2.077162822,0.626878977
2018/3/8 20:30,0,2.183595498,0.714957972
2018/3/8 20:45,0,2.764937798,1.222669125
2018/3/8 21:00,0,2.521950324,1.036723574
2018/3/8 21:15,0,2.631943782,1.144134581
2018/3/8 21:30,0,2.372820457,0.975624462
2018/3/8 21:45,0,2.247476419,0.701493939
2018/3/8 22:00,0,2.186447779,0.718570372
2018/3/8 22:15,0,2.295015255,0.807213108
2018/3/8 22:30,0,2.394445976,0.859157721
2018/3/8 22:45,0,2.69765679,1.16578122
2018/3/8 23:00,0,2.257017453,0.742947499
2018/3/8 23:15,0,2.131968498,0.694595516
2018/3/8 23:30,0,2.417196036,0.88114361
2018/3/8 23:45,0,2.257346232,0.762980144
2018/3/9 0:00,0,2.419645151,0.907447894
2018/3/9 0:15,0,2.456592162,0.945198894
2018/3/9 0:30,0,2.536675771,1.010193785
2018/3/9 0:45,0,2.277070443,0.749756813
2018/3/9 1:00,0,2.182983875,0.69906791
2018/3/9 1:15,0,2.478131373,0.951510767
2018/3/9 1:30,0,2.513057629,1.00726529
2018/3/9 1:45,0,2.476798375,0.956350644
2018/3/9 2:00,0,2.350170215,0.851997932
2018/3/9 2:15,0,2.349156777,0.848443846
2018/3/9 2:30,0,2.282153129,0.772296786
2018/3/9 2:45,0,2.316226721,0.795312524
2018/3/9 3:00,0,2.356294235,0.852072319
2018/3/9 3:15,0,2.647701581,1.192878207
2018/3/9 3:30,0,2.599896749,1.072247148
2018/3/9 3:45,0,2.452528715,0.930218279
2018/3/9 4:00,0,2.301691135,0.797922969
2018/3/9 4:15,0,2.889196157,1.431088924
2018/3/9 4:30,0,2.552128235,1.056567828
2018/3/9 4:45,0,2.280136109,0.708234847
2018/3/9 5:00,0,2.176465829,0.678823014
2018/3/9 5:15,0,2.465396961,0.936523358
2018/3/9 5:30,0,2.407855114,0.854645014
2018/3/9 5:45,0,2.318733772,0.786891103
2018/3/9 6:00,0,2.180021286,0.635699431
2018/3/9 6:15,0,2.207653125,0.679099818
2018/3/9 6:30,0,2.509737015,1.011465232
2018/3/9 6:45,0,3.67196099,2.123766661
2018/3/9 7:00,0.011511109,8.79515934,7.139652094
2018/3/9 7:15,0.059266657,16.84916496,15.35848617
2018/3/9 7:30,0.190377792,35.39661153,33.86154747
2018/3/9 7:45,0.235911111,47.6807518,46.11634191
2018/3/9 8:00,0.334600012,60.54482651,59.02577082
2018/3/9 8:15,0.483911117,80.69106928,79.10585658
2018/3/9 8:30,0.517755568,89.20999654,87.53065236
2018/3/9 8:45,0.553022265,94.64230093,92.73899078
2018/3/9 9:00,0.442977766,79.47251129,77.64254252
2018/3/9 9:15,0.611066639,97.05014801,94.86580657
2018/3/9 9:30,0.698888818,115.0227992,112.9906286
2018/3/9 9:45,0.813888888,131.5969238,129.2957128
2018/3/9 10:00,0.84082226,137.6575673,135.4059601
2018/3/9 10:15,1.014555534,159.9805603,157.1001383
2018/3/9 10:30,0.965355476,164.6181742,161.9166514
2018/3/9 10:45,1.067644378,172.5576426,169.8136393
2018/3/9 11:00,1.212133288,198.7454783,195.3411967
2018/3/9 11:15,1.197311123,188.8183441,184.712443
2018/3/9 11:30,1.395422319,213.0500743,210.3599294
2018/3/9 11:45,1.671155492,279.6785126,274.9909617
2018/3/9 12:00,1.71471107,288.2408346,284.4062347
2018/3/9 12:15,1.677977681,280.6611837,276.1364237
2018/3/9 12:30,1.517133395,249.0961253,246.22229
2018/3/9 12:45,1.534800092,259.4597117,255.3375143
2018/3/9 13:00,1.669066668,274.3038635,270.3952637
2018/3/9 13:15,1.48402218,246.8966217,241.0009867
2018/3/9 13:30,1.715200106,283.2923075,276.9831085
2018/3/9 13:45,1.56826667,263.2063294,260.572525
2018/3/9 14:00,1.873777827,286.1312256,281.4837087
2018/3/9 14:15,1.823244393,340.6546936,330.8508352
2018/3/9 14:30,1.251155456,215.310552,211.7007701
2018/3/9 14:45,1.418177803,238.123703,234.5226542
2018/3/9 15:00,1.145555496,200.8658041,196.563502
2018/3/9 15:15,1.047888855,172.8945465,168.7607778
2018/3/9 15:30,1.010711114,171.5325775,168.9059652
2018/3/9 15:45,0.949444453,165.4743398,162.5013682
2018/3/9 16:00,0.845111132,148.1834564,145.3911082
2018/3/9 16:15,0.587444464,109.0240707,107.1561915
2018/3/9 16:30,0.469466617,84.00798543,82.2262853
2018/3/9 16:45,0.675688883,113.6319097,111.6228993
2018/3/9 17:00,0.541888893,107.8074341,106.0787939
2018/3/9 17:15,0.361355543,70.83628336,68.98578898
2018/3/9 17:30,0.244977782,50.81597901,49.19299189
2018/3/9 17:45,0.268399989,55.73736064,54.18444061
2018/3/9 18:00,0.150177774,37.40157572,35.86493556
2018/3/9 18:15,0.09462221,27.33290482,25.80107244
2018/3/9 18:30,0.04715555,19.01276588,17.51236598
2018/3/9 18:45,0.001822211,6.882270653,5.378193617
2018/3/9 19:00,0,3.224186023,1.672747016
2018/3/9 19:15,0,2.449745417,0.912920912
2018/3/9 19:30,0,2.525304874,0.988494595
2018/3/9 19:45,0,2.638207038,1.1329301
2018/3/9 20:00,0,2.348080556,0.812108119
2018/3/9 20:15,0,2.622445504,1.035808245
2018/3/9 20:30,0,2.303846916,0.872934262
2018/3/9 20:45,0,2.311612924,0.799246669
2018/3/9 21:00,0,2.523798704,0.979165355
2018/3/9 21:15,0,2.306572676,0.764761051
2018/3/9 21:30,0,2.323943774,0.781086981
2018/3/9 21:45,0,2.349606355,0.785563409
2018/3/9 22:00,0,2.318484624,0.816709796
2018/3/9 22:15,0,2.355255048,0.789434056
2018/3/9 22:30,0,2.35759306,0.826804439
2018/3/9 22:45,0,2.398045302,0.83676068
2018/3/9 23:00,0,2.301135143,0.776066701
2018/3/9 23:15,0,2.229422728,0.755721847
2018/3/9 23:30,0,2.185005824,0.663517614
2018/3/9 23:45,0,2.184228102,0.705951949
2018/3/10 0:00,0,2.166037639,0.664671103
2018/3/10 0:15,0,2.199584881,0.648231625
2018/3/10 0:30,0,2.315589349,0.829182545
2018/3/10 0:45,0,2.330101093,0.798204799
2018/3/10 1:00,0,2.292033116,0.80693086
2018/3/10 1:15,0,2.239181916,0.68823121
2018/3/10 1:30,0,2.380337477,0.85096852
2018/3/10 1:45,0,2.269356966,0.781855027
2018/3/10 2:00,0,2.409911633,0.860642214
2018/3/10 2:15,0,2.450715542,0.92500035
2018/3/10 2:30,0,2.427400669,0.911168297
2018/3/10 2:45,0,2.491138697,0.989707053
2018/3/10 3:00,0,2.450573285,0.959784885
2018/3/10 3:15,0,2.214817365,0.709563474
2018/3/10 3:30,0,2.277477265,0.817282498
2018/3/10 3:45,0,2.262463411,0.72887069
2018/3/10 4:00,0,2.456138372,0.969755828
2018/3/10 4:15,0,2.622163534,1.100263317
2018/3/10 4:30,0,2.37152791,0.855419596
2018/3/10 4:45,0,2.351900498,0.859426578
2018/3/10 5:00,0,2.341887156,0.849974274
2018/3/10 5:15,0,2.306448936,0.766927461
2018/3/10 5:30,0,2.252228181,0.762127598
2018/3/10 5:45,0,2.444365581,0.921162129
2018/3/10 6:00,0,2.440163851,0.951144815
2018/3/10 6:15,0,2.563427528,1.091985583
2018/3/10 6:30,0,2.721974214,1.240606229
2018/3/10 6:45,0,4.668291251,3.081840634
2018/3/10 7:00,0.01211111,10.35256958,8.639931361
2018/3/10 7:15,0.061399997,17.20988528,15.65929222
2018/3/10 7:30,0.197288886,40.61327108,39.03059006
2018/3/10 7:45,0.109955557,29.16806094,27.59358279
2018/3/10 8:00,0.071755551,20.58115451,18.99338468
2018/3/10 8:15,0.164600014,33.91158867,32.36313311
2018/3/10 8:30,0.147955552,32.43525441,30.83824031
2018/3/10 8:45,0.283111106,53.18813705,51.61058299
2018/3/10 9:00,0.262333333,48.59644826,47.02346166
2018/3/10 9:15,0.431666642,74.08436584,72.3167394
2018/3/10 9:30,0.500844449,85.91408793,84.25924683
2018/3/10 9:45,0.565044463,94.46706389,92.4082896
2018/3/10 10:00,0.671022216,110.3497238,108.2889862
2018/3/10 10:15,1.236355464,198.5611216,194.6589712
2018/3/10 10:30,1.151777705,201.6062012,197.329188
2018/3/10 10:45,1.373977661,225.3044078,221.6016235
2018/3/10 11:00,1.73128887,299.8647868,294.0402018
2018/3/10 11:15,1.244222204,228.4894663,223.4226786
2018/3/10 11:30,1.680222273,285.4497782,280.0676676
2018/3/10 11:45,2.961755514,507.3493856,486.924235
2018/3/10 12:00,2.704822302,492.4368591,473.9586894
2018/3/10 12:15,2.127199928,396.0846659,378.9400838
2018/3/10 12:30,1.825755437,347.4063314,335.6907247
2018/3/10 12:45,1.905355533,290.9095103,279.8015086
2018/3/10 13:00,2.180355549,432.635142,406.6507568
2018/3/10 13:15,1.131422241,191.6717936,185.5573019
2018/3/10 13:30,1.30511117,215.9278615,208.3899994
2018/3/10 13:45,1.58748889,256.4844513,250.2972819
2018/3/10 14:00,2.013311108,333.6956685,327.343984
2018/3/10 14:15,1.908555666,326.7862956,317.8664449
2018/3/10 14:30,1.7637556,303.6154022,294.3191375
2018/3/10 14:45,0.998000006,161.0468394,154.8236694
2018/3/10 15:00,0.799444457,145.0586548,140.2285563
2018/3/10 15:15,0.773088932,125.6295166,119.6361872
2018/3/10 15:30,0.931288838,144.5665309,141.3531367
2018/3/10 15:45,0.47804446,96.3373998,93.91573587
2018/3/10 16:00,0.637333264,108.6328049,105.9460933
2018/3/10 16:15,0.466822237,84.45063782,82.31388346
2018/3/10 16:30,0.754266699,128.2190196,123.3858388
2018/3/10 16:45,0.186133337,46.92745527,44.51992035
2018/3/10 17:00,0.805266718,133.7962392,130.6949336
2018/3/10 17:15,0.877555669,154.9356283,151.0535228
2018/3/10 17:30,0.571644455,119.0124105,115.8456929
2018/3/10 17:45,0.257888888,59.19499588,57.14315542
2018/3/10 18:00,0.066577776,25.3429416,23.80495866
2018/3/10 18:15,0.006088889,9.297240256,7.744814078
2018/3/10 18:30,8.89E-05,6.477205594,4.947705905
2018/3/10 18:45,0,5.718205293,4.161895593
2018/3/10 19:00,0,3.468676805,1.956554095
2018/3/10 19:15,0,2.530095895,1.013077299
2018/3/10 19:30,0,2.206101656,0.734260956
2018/3/10 19:45,0,2.14613986,0.685314278
2018/3/10 20:00,0,2.075970888,0.621687114
2018/3/10 20:15,0,2.097312132,0.631821533
2018/3/10 20:30,0,2.302677075,0.747622291
2018/3/10 20:45,0,2.410475572,0.854340752
2018/3/10 21:00,0,2.286535025,0.783301791
2018/3/10 21:15,0,2.119066874,0.635059476
2018/3/10 21:30,0,2.055324396,0.60110573
2018/3/10 21:45,0,2.059714238,0.627234976
2018/3/10 22:00,0,2.122758786,0.652464012
2018/3/10 22:15,0,2.262860536,0.726284742
2018/3/10 22:30,0,2.389113824,0.904432138
2018/3/10 22:45,0,2.280953487,0.7490592
2018/3/10 23:00,0,2.40447863,0.920890748
2018/3/10 23:15,0,2.408048789,0.916142364
2018/3/10 23:30,0,2.159863392,0.683157643
2018/3/10 23:45,0,2.159371217,0.681254903
2018/3/11 0:00,0,2.253352563,0.747410019
2018/3/11 0:15,0,2.23051238,0.736686369
2018/3/11 0:30,0,2.207504431,0.717754483
2018/3/11 0:45,0,2.325487296,0.830292205
2018/3/11 1:00,0,2.304236174,0.782720447
2018/3/11 1:15,0,2.135388851,0.687846005
2018/3/11 1:30,0,2.228298903,0.769824982
2018/3/11 1:45,0,2.418967009,0.906190336
2018/3/11 2:00,0,2.440392653,0.937511504
2018/3/11 2:15,0,2.44641161,0.935092549
2018/3/11 2:30,0,2.559247653,1.070209185
2018/3/11 2:45,0,2.486065865,0.985914588
2018/3/11 3:00,0,2.414634387,0.858472784
2018/3/11 3:15,0,2.46601367,0.919814964
2018/3/11 3:30,0,2.72518158,1.29634424
2018/3/11 3:45,0,2.628757874,1.119363785
2018/3/11 4:00,0,2.408933719,0.867497106
2018/3/11 4:15,0,2.558991035,1.015061696
2018/3/11 4:30,0,2.899451653,1.427781383
2018/3/11 4:45,0,2.83457303,1.323064168
2018/3/11 5:00,0,2.794304212,1.31666704
2018/3/11 5:15,0,2.476990143,1.017055313
2018/3/11 5:30,0,2.287966967,0.786191066
2018/3/11 5:45,0,2.022459428,0.581752956
2018/3/11 6:00,0,2.118812561,0.606495758
2018/3/11 6:15,0,2.135396798,0.710731904
2018/3/11 6:30,0,3.748092651,2.206396063
2018/3/11 6:45,0.021644442,13.02111149,10.66263962
2018/3/11 7:00,0.130799999,39.35396639,29.75336711
2018/3/11 7:15,0.388866673,62.72912852,54.49278259
2018/3/11 7:30,1.031155606,144.9675954,104.0531006
2018/3/11 7:45,1.171066642,223.2169901,105.480868
2018/3/11 8:00,1.344000022,262.7329509,82.68386332
2018/3/11 8:15,1.482377847,271.4223226,150.8099975
2018/3/11 8:30,1.144399961,222.9279989,203.7514343
2018/3/11 8:45,1.32313335,256.9044139,237.8919678
2018/3/11 9:00,1.646355549,316.9645182,281.171051
2018/3/11 9:15,1.530444622,288.457723,279.3822937
2018/3/11 9:30,1.645533244,298.3170878,291.5791524
2018/3/11 9:45,2.101155599,373.2663473,368.0503031
2018/3/11 10:00,2.851111015,518.8488464,461.4167887
2018/3/11 10:15,2.83688879,537.1302592,459.3980103
2018/3/11 10:30,3.139111122,548.1450805,457.7966715
2018/3/11 10:45,3.854466518,727.3190918,516.7958171
2018/3/11 11:00,3.326177915,648.9568481,562.5709432
2018/3/11 11:15,4.175911109,787.3702392,530.4422607
2018/3/11 11:30,3.343622287,559.2281494,384.073171
2018/3/11 11:45,5.429910977,1038.32784,215.323115
2018/3/11 12:00,5.232577483,1050.487997,146.9342906
2018/3/11 12:15,4.422155619,965.7558998,294.2514852
2018/3/11 12:30,4.449800253,976.4394124,280.9114125
2018/3/11 12:45,2.069599946,405.2560323,297.0708821
2018/3/11 13:00,4.754377603,972.9898274,304.1001943
2018/3/11 13:15,2.834489067,563.1829376,239.1560008
2018/3/11 13:30,2.90106674,526.386261,253.4590963
2018/3/11 13:45,2.632800062,498.5718791,242.0993245
2018/3/11 14:00,2.771266619,616.8458252,235.1097666
2018/3/11 14:15,2.589222272,529.6135559,227.1330261
2018/3/11 14:30,2.752355615,524.622172,209.0368347
2018/3/11 14:45,3.71242245,716.3904419,195.5208639
2018/3/11 15:00,2.884333492,572.091095,135.6747564
2018/3/11 15:15,2.072311083,310.1434936,180.3361766
2018/3/11 15:30,4.178933144,743.3052572,103.1072591
2018/3/11 15:45,3.156400005,656.566508,181.2944845
2018/3/11 16:00,2.974511107,501.6578471,129.7516276
2018/3/11 16:15,2.247888803,396.2395121,135.3656464
2018/3/11 16:30,2.807688952,496.8264669,105.8074264
2018/3/11 16:45,1.502866805,289.3509878,100.0588455
2018/3/11 17:00,1.632266621,272.5949198,65.20467504
2018/3/11 17:15,1.888688882,307.7531433,86.18241627
2018/3/11 17:30,1.48906668,300.6484171,61.48911285
2018/3/11 17:45,0.439422205,119.9513016,42.96745809
2018/3/11 18:00,0.416688914,100.7141698,40.42175547
2018/3/11 18:15,0.323666657,88.99958801,28.33450254
2018/3/11 18:30,0.098688894,35.22742271,25.23349063
2018/3/11 18:45,0.013199999,14.08855311,12.32036559
2018/3/11 19:00,-0.000266667,5.766272863,4.275746425
2018/3/11 19:15,0,3.386887948,1.914999684
2018/3/11 19:30,0,3.327574015,1.892451008
2018/3/11 19:45,0,2.920796156,1.466444294
2018/3/11 20:00,0,3.068844716,1.580169241
2018/3/11 20:15,0,2.670922438,1.195592006
2018/3/11 20:30,0,2.935887416,1.509072025
2018/3/11 20:45,0,2.934468905,1.487209439
2018/3/11 21:00,0,3.288652261,1.791171114
2018/3/11 21:15,0,4.056524277,2.553988139
2018/3/11 21:30,0,4.106683254,2.593105078
2018/3/11 21:45,0,4.12927715,2.618751208
2018/3/11 22:00,0,3.799280484,2.190702677
2018/3/11 22:15,0,3.371927817,1.832330903
2018/3/11 22:30,0,3.303664923,1.757161578
2018/3/11 22:45,0,2.986385822,1.486512462
2018/3/11 23:00,0,2.881310383,1.261719028
2018/3/11 23:15,0,3.036346912,1.477840344
2018/3/11 23:30,0,2.491793315,0.971995791
2018/3/11 23:45,0,3.010079701,1.444748799
2018/3/12 0:00,0,2.681643089,1.129660527
2018/3/12 0:15,0,2.896284898,1.350901246
2018/3/12 0:30,0,2.444696585,0.825183292
2018/3/12 0:45,0,2.180799246,0.660799404
2018/3/12 1:00,0,2.997004986,1.403815945
2018/3/12 1:15,0,2.971606731,1.350607594
2018/3/12 1:30,0,2.604677916,1.064544439
2018/3/12 1:45,0,2.645411571,1.107931892
2018/3/12 2:00,0,2.82702891,1.238075813
2018/3/12 2:15,0,2.732594331,1.152967334
2018/3/12 2:30,0,2.692665259,1.110618671
2018/3/12 2:45,0,2.754851341,1.158566316
2018/3/12 3:00,0,2.907611052,1.364402374
2018/3/12 3:15,0,2.385034363,0.809104482
2018/3/12 3:30,0,2.398772359,0.934494247
2018/3/12 3:45,0,2.492869298,0.914427121
2018/3/12 4:00,0,2.643513044,1.09094123
2018/3/12 4:15,0,2.479321877,0.949557563
2018/3/12 4:30,0,2.719558477,1.165301621
2018/3/12 4:45,0,2.19723467,0.719563653
2018/3/12 5:00,0,2.473483881,0.930676977
2018/3/12 5:15,0,2.487379233,0.920264721
2018/3/12 5:30,0,2.479682843,0.907739798
2018/3/12 5:45,0,2.60976553,1.002251387
2018/3/12 6:00,0,2.82888039,1.201673587
2018/3/12 6:15,0,2.576407512,1.061278065
2018/3/12 6:30,0,4.342958689,2.713926712
2018/3/12 6:45,0.022755552,14.84276994,9.433059692
2018/3/12 7:00,0.070088887,40.58296839,13.80903498
2018/3/12 7:15,0.289377754,30.99514008,20.1326491
2018/3/12 7:30,0.73179998,43.98166402,23.16459529
2018/3/12 7:45,1.150577704,192.3738505,25.3783226
2018/3/12 8:00,1.593311111,316.1604513,30.17619006
2018/3/12 8:15,2.009733359,391.3086039,34.07347361
2018/3/12 8:30,2.38482213,459.8239136,36.73551687
2018/3/12 8:45,2.711844603,524.3416951,43.19736989
2018/3/12 9:00,3.015111129,567.295634,48.37445577
2018/3/12 9:15,3.321866592,620.2609253,56.6383222
2018/3/12 9:30,3.598466635,680.7726237,64.79526138
2018/3/12 9:45,3.853466749,731.3819987,64.18801371
2018/3/12 10:00,4.114266555,782.2525635,64.86360168
2018/3/12 10:15,4.333666483,832.5018921,64.55621592
2018/3/12 10:30,4.506533305,873.3737589,66.0800705
2018/3/12 10:45,4.668844223,914.15979,69.50232188
2018/3/12 11:00,4.819777966,954.0164999,69.0726064
2018/3/12 11:15,4.901266416,980.272522,69.07329559
2018/3/12 11:30,4.998555501,1002.699341,72.7881368
2018/3/12 11:45,5.073710601,1027.041484,76.52245585
2018/3/12 12:00,5.156621615,1037.572958,76.9810435
2018/3/12 12:15,5.196711063,1069.686768,83.03994497
2018/3/12 12:30,5.200555642,1081.020752,82.81000264
2018/3/12 12:45,5.1945556,1078.940511,86.39166514
2018/3/12 13:00,5.202889125,1070.42631,88.57436371
2018/3/12 13:15,5.146489302,1059.893433,85.83383688
2018/3/12 13:30,5.114977518,1031.856811,85.04403432
2018/3/12 13:45,5.025177797,1018.814982,83.3712794
2018/3/12 14:00,4.948133469,995.3742268,79.36464691
2018/3/12 14:15,4.822111289,960.7786255,71.97007752
2018/3/12 14:30,4.720800082,929.3815308,69.82701365
2018/3/12 14:45,4.55315574,890.093221,68.02397665
2018/3/12 15:00,4.367888927,843.8515625,66.36209107
2018/3/12 15:15,4.178222179,794.3454793,65.95304871
2018/3/12 15:30,3.965910991,754.1421916,70.19262187
2018/3/12 15:45,3.739333232,711.3723958,68.06704712
2018/3/12 16:00,3.480377833,659.7948608,66.30864716
2018/3/12 16:15,3.196533362,601.2960612,59.95364125
2018/3/12 16:30,2.894555569,542.318746,53.36434301
2018/3/12 16:45,2.549622218,477.5225627,48.92781067
2018/3/12 17:00,2.201444467,421.2848511,46.5925916
2018/3/12 17:15,1.817711234,356.2807515,41.06095505
2018/3/12 17:30,1.41900003,288.4218241,38.88957977
2018/3/12 17:45,1.014199992,218.5461223,34.86744944
2018/3/12 18:00,0.629488905,151.1252492,31.18729973
2018/3/12 18:15,0.308155557,93.27722677,26.67637507
2018/3/12 18:30,0.098911118,32.15899658,22.74273682
2018/3/12 18:45,0.016244442,14.27633985,12.51062457
2018/3/12 19:00,-0.000955556,6.285996119,4.793198427
2018/3/12 19:15,0,3.756005208,2.329410553
2018/3/12 19:30,0,3.264927943,1.845228394
2018/3/12 19:45,0,4.25365607,2.776289065
2018/3/12 20:00,0,4.919442018,3.371654908
2018/3/12 20:15,0,4.299908797,2.792400201
2018/3/12 20:30,0,4.25039657,2.741773844
2018/3/12 20:45,0,4.231119315,2.685971816
2018/3/12 21:00,0,3.93420283,2.48784709
2018/3/12 21:15,0,3.586838166,2.056594888
2018/3/12 21:30,0,3.048628569,1.553204218
2018/3/12 21:45,0,3.038310528,1.503039042
2018/3/12 22:00,0,2.646304448,1.156719804
2018/3/12 22:15,0,2.85526816,1.266102354
2018/3/12 22:30,0,2.612736941,1.052089512
2018/3/12 22:45,0,3.089766661,1.535386523
2018/3/12 23:00,0,2.683559497,1.161124388
2018/3/12 23:15,0,2.537912766,0.962918738
2018/3/12 23:30,0,3.144038518,1.612085581
2018/3/12 23:45,0,2.917835156,1.390646438
2018/3/13 0:00,0,2.923775752,1.366188307
2018/3/13 0:15,0,2.464491924,0.989094794
2018/3/13 0:30,0,1.969401002,0.736436645
2018/3/13 0:45,0,2.747420788,1.133468668
2018/3/13 1:00,0,2.937644641,1.3691202
2018/3/13 1:15,0,3.292830626,1.66061902
2018/3/13 1:30,0,3.239579996,1.675417622
2018/3/13 1:45,0,2.938800732,1.380489667
2018/3/13 2:00,0,2.803504706,1.240092953
2018/3/13 2:15,0,2.958937804,1.367901365
2018/3/13 2:30,0,2.527897914,0.944770237
2018/3/13 2:45,0,2.830644131,1.276214997
2018/3/13 3:00,0,2.453118404,0.861288667
2018/3/13 3:15,0,2.684940736,1.105046332
2018/3/13 3:30,0,2.804115693,1.188729842
2018/3/13 3:45,0,2.476525466,0.867350122
2018/3/13 4:00,0,2.645753463,1.069161415
2018/3/13 4:15,0,2.63103056,1.109722495
2018/3/13 4:30,0,2.551497539,0.997003277
2018/3/13 4:45,0,2.516641776,0.920253138
2018/3/13 5:00,0,2.507339398,0.928025762
2018/3/13 5:15,0,2.42349418,0.857361913
2018/3/13 5:30,0,2.909208774,1.29110686
2018/3/13 5:45,0,2.605057478,1.018066506
2018/3/13 6:00,0,2.58569924,0.959007025
2018/3/13 6:15,0,2.751784086,1.156479776
2018/3/13 6:30,0,4.642662287,2.858767986
2018/3/13 6:45,0.02654444,13.45973269,9.743580024
2018/3/13 7:00,0.092155546,34.12247976,16.41601435
2018/3/13 7:15,0.306388895,40.52743785,23.04792976
2018/3/13 7:30,0.725355586,55.46744919,26.43865585
2018/3/13 7:45,1.150477807,202.5515645,25.25354894
2018/3/13 8:00,1.569422205,289.2438863,33.13394419
2018/3/13 8:15,1.962144454,366.8659058,42.97446188
2018/3/13 8:30,2.332066615,452.599996,52.74082184
2018/3/13 8:45,2.696144501,515.5400391,58.18296941
2018/3/13 9:00,3.031688849,567.3654988,63.33953857
2018/3/13 9:15,3.341322422,616.063619,70.75652822
2018/3/13 9:30,3.63316679,674.5478109,77.14969635
2018/3/13 9:45,3.880477905,725.6492309,77.48114522
2018/3/13 10:00,4.095033646,772.7082926,77.59871928
2018/3/13 10:15,4.307722251,823.4839274,80.29487101
2018/3/13 10:30,4.48639981,865.4328003,84.64317322
2018/3/13 10:45,4.628410975,899.0182902,87.6056188
2018/3/13 11:00,4.754366875,940.6729736,85.6377182
2018/3/13 11:15,4.863599936,972.2784627,86.2430954
2018/3/13 11:30,4.972855568,983.9932047,89.61622619
2018/3/13 11:45,5.01915582,1023.6993,86.97992452
2018/3/13 12:00,5.075066567,1040.926269,89.33073425
2018/3/13 12:15,5.132600307,1064.129761,94.28455861
2018/3/13 12:30,5.138988654,1075.041707,96.4874115
2018/3/13 12:45,5.122077783,1079.385986,101.5801137
2018/3/13 13:00,5.150655429,1075.070272,98.79934439
2018/3/13 13:15,5.106978257,1068.606811,96.94186147
2018/3/13 13:30,5.070744514,1048.274088,95.51635742
2018/3/13 13:45,4.996955394,1031.410746,94.71192932
2018/3/13 14:00,4.878277938,1004.213989,88.36791992
2018/3/13 14:15,4.811166445,977.128011,82.7398351
2018/3/13 14:30,4.669055303,931.2694295,78.55780538
2018/3/13 14:45,4.520499706,895.950236,78.24668884
2018/3/13 15:00,4.372588952,852.9623006,76.76387024
2018/3/13 15:15,4.17425553,797.8863526,76.51888275
2018/3/13 15:30,3.935255607,747.7240397,77.95829265
2018/3/13 15:45,3.722500086,712.0395508,77.28882599
2018/3/13 16:00,3.465477705,657.2989502,71.55237579
2018/3/13 16:15,3.166199923,598.1311035,66.87748718
2018/3/13 16:30,2.850288868,535.1630859,59.75868988
2018/3/13 16:45,2.510644436,473.2710572,54.36474355
2018/3/13 17:00,2.158166647,413.2528382,51.88008118
2018/3/13 17:15,1.778166612,348.7812093,47.20897675
2018/3/13 17:30,1.38268888,282.0506185,44.90012614
2018/3/13 17:45,0.980033358,210.5808309,40.00692368
2018/3/13 18:00,0.604455541,143.0121231,34.69373195
2018/3/13 18:15,0.296111107,88.01377615,30.57305145
2018/3/13 18:30,0.098999997,31.84851519,25.10923703
2018/3/13 18:45,0.01753333,14.86984888,12.90067514
2018/3/13 19:00,-0.000955555,5.42421341,4.043892622
2018/3/13 19:15,0,3.895599445,2.51423653
2018/3/13 19:30,0,3.260896603,1.828635374
2018/3/13 19:45,0,3.085151514,1.697203755
2018/3/13 20:00,0,2.973195314,1.542181412
2018/3/13 20:15,0,3.511990944,2.030302366
2018/3/13 20:30,0,3.397046804,1.956749201
2018/3/13 20:45,0,4.124764283,2.578110139
2018/3/13 21:00,0,4.019910494,2.490341822
2018/3/13 21:15,0,4.20916144,2.657417536
2018/3/13 21:30,0,4.10926787,2.584541162
2018/3/13 21:45,0,3.990393638,2.459922314
2018/3/13 22:00,0,3.429653645,1.799603303
2018/3/13 22:15,0,3.049183289,1.464920282
2018/3/13 22:30,0,2.754867156,1.249040604
2018/3/13 22:45,0,2.650989373,1.117874165
2018/3/13 23:00,0,2.547226191,1.010665317
2018/3/13 23:15,0,2.384744565,0.966863046
2018/3/13 23:30,0,2.214800358,0.722873032
2018/3/13 23:45,0,2.086224238,0.675474505
2018/3/14 0:00,0,2.727585951,1.250432292
2018/3/14 0:15,0,2.747400363,1.213917216
2018/3/14 0:30,0,3.177781343,1.599899332
2018/3/14 0:45,0,3.485861699,1.879372915
2018/3/14 1:00,0,3.005301952,1.466794054
2018/3/14 1:15,0,2.720064958,1.170354009
2018/3/14 1:30,0,2.735404968,1.227973461
2018/3/14 1:45,0,2.890907526,1.318977893
2018/3/14 2:00,0,2.971294006,1.376432657
2018/3/14 2:15,0,2.618567546,1.038069923
2018/3/14 2:30,0,2.182346702,0.69400986
2018/3/14 2:45,0,2.048268795,0.602378925
2018/3/14 3:00,0,3.118263006,1.519450148
2018/3/14 3:15,0,2.625510057,1.070857505
2018/3/14 3:30,0,2.205288807,0.630820314
2018/3/14 3:45,0,2.507099628,0.885722955
2018/3/14 4:00,0,2.268425862,0.743096491
2018/3/14 4:15,0,2.766067187,1.187544704
2018/3/14 4:30,0,2.456605355,0.841265073
2018/3/14 4:45,0,2.950529258,1.322182934
2018/3/14 5:00,0,2.931162993,1.341266314
2018/3/14 5:15,0,2.998609304,1.411713997
2018/3/14 5:30,0,2.777904351,1.199913502
2018/3/14 5:45,0,2.94752876,1.353859623
2018/3/14 6:00,0,2.47524786,0.832543512
2018/3/14 6:15,0,2.664430539,1.059602618
2018/3/14 6:30,0,4.663209597,2.910458485
2018/3/14 6:45,0.028977771,13.86366336,10.6131374
2018/3/14 7:00,0.101455569,29.06771787,18.99863625
2018/3/14 7:15,0.325855543,38.95030594,24.96726163
2018/3/14 7:30,0.714344462,55.06612778,29.18856494
2018/3/14 7:45,1.123355528,188.4594218,28.52378718
2018/3/14 8:00,1.53177774,282.3299255,35.4164149
2018/3/14 8:15,1.923166633,361.2351786,43.8147672
2018/3/14 8:30,2.301622232,446.9309286,53.76737849
2018/3/14 8:45,2.661511183,509.7612101,60.88512675
2018/3/14 9:00,3.008088907,569.9700317,67.91377767
2018/3/14 9:15,3.314777851,616.8992716,74.8271815
2018/3/14 9:30,3.613255342,673.1919963,80.35437266
2018/3/14 9:45,3.8521777,721.3810221,78.15709686
2018/3/14 10:00,4.057511012,771.8524577,78.723231
2018/3/14 10:15,4.265411218,818.6399943,79.66784922
2018/3/14 10:30,4.447544416,862.8848877,86.94059499
2018/3/14 10:45,4.588377635,895.8765055,87.18005625
2018/3/14 11:00,4.693833033,940.8331909,79.32197062
2018/3/14 11:15,4.810266654,977.5085042,83.03343964
2018/3/14 11:30,4.872766812,1000.70048,80.68638102
2018/3/14 11:45,4.932955265,1027.065552,84.70991008
2018/3/14 12:00,4.986510912,1041.448527,86.05565135
2018/3/14 12:15,5.059866428,1063.458211,89.7237854
2018/3/14 12:30,5.054555734,1077.903849,94.22480265
2018/3/14 12:45,5.072144667,1082.270019,97.31182099
2018/3/14 13:00,5.094422181,1081.539307,97.85238393
2018/3/14 13:15,5.034433206,1070.512532,95.86712392
2018/3/14 13:30,4.997122288,1051.090943,91.66483815
2018/3/14 13:45,4.971788565,1026.150981,89.13397725
2018/3/14 14:00,4.847799937,1003.425598,84.26465861
2018/3/14 14:15,4.79597791,972.4996338,78.86736806
2018/3/14 14:30,4.652366956,932.0933634,73.02695974
2018/3/14 14:45,4.492388725,893.0228679,73.78680929
2018/3/14 15:00,4.348533313,852.5242513,73.8039093
2018/3/14 15:15,4.164711158,800.6847534,70.90364075
2018/3/14 15:30,3.97663331,746.6339518,72.13103739
2018/3/14 15:45,3.738111099,712.5598551,69.09366099
2018/3/14 16:00,3.468455633,660.8114421,68.15032959
2018/3/14 16:15,,601.7246094,63.30297216
2018/3/14 16:30,,540.9947917,58.14430237
2018/3/14 16:45,2.541355451,476.4884644,50.31563568
2018/3/14 17:00,2.185600042,418.1144613,48.20931498
2018/3/14 17:15,1.805966616,352.56191,43.05357106
2018/3/14 17:30,1.404144446,283.6033529,38.99190521
2018/3/14 17:45,1.001755555,213.2514648,34.85857646
2018/3/14 18:00,0.614355584,146.949028,32.27078501
2018/3/14 18:15,0.296788901,89.22589619,27.39206123
2018/3/14 18:30,0.093200003,30.81027158,23.50623385
2018/3/14 18:45,0.012544443,14.89238135,13.19648234
2018/3/14 19:00,-0.0008,7.248527527,5.701780637
2018/3/14 19:15,0,5.657839457,4.045226812
2018/3/14 19:30,0,5.117958228,3.504648447
2018/3/14 19:45,0,4.691456318,3.118739049
2018/3/14 20:00,0,3.684734106,2.175641457
2018/3/14 20:15,0,3.818040212,2.270765305
2018/3/14 20:30,0,4.095103502,2.553604285
2018/3/14 20:45,0,3.394150893,1.892929594
2018/3/14 21:00,0,3.674341917,2.060986678
2018/3/14 21:15,0,3.124219815,1.608848492
2018/3/14 21:30,0,2.767766476,1.178701321
2018/3/14 21:45,0,2.963966449,1.411122719
2018/3/14 22:00,0,2.822290579,1.284091393
2018/3/14 22:15,0,2.520461877,0.970464746
2018/3/14 22:30,0,2.788466851,1.299428821
2018/3/14 22:45,0,2.688887835,1.13495938
2018/3/14 23:00,0,2.800811847,1.230305473
2018/3/14 23:15,0,2.62642765,1.051504036
2018/3/14 23:30,0,2.953065077,1.386769056
2018/3/14 23:45,0,2.917285998,1.355288307
2018/3/15 0:00,0,2.993018389,1.380755504
2018/3/15 0:15,0,2.846221685,1.288426638
2018/3/15 0:30,0,2.885869582,1.305101633
2018/3/15 0:45,0,2.830846866,1.208187858
2018/3/15 1:00,0,2.985804955,1.344530066
2018/3/15 1:15,0,2.801461856,1.174915512
2018/3/15 1:30,0,2.73610576,1.170364499
2018/3/15 1:45,0,2.861331065,1.241832256
2018/3/15 2:00,0,2.943150838,1.348296563
2018/3/15 2:15,0,2.984064818,1.333573103
2018/3/15 2:30,0,2.82996734,1.235392769
2018/3/15 2:45,0,2.818311135,1.218234042
2018/3/15 3:00,0,3.078054428,1.46378843
2018/3/15 3:15,0,2.740975618,1.114044785
2018/3/15 3:30,0,2.916096528,1.287897547
2018/3/15 3:45,0,2.665082137,1.017644565
2018/3/15 4:00,0,2.480110407,0.940189719
2018/3/15 4:15,0,2.645888726,1.025264223
2018/3/15 4:30,0,2.786550522,1.162401855
2018/3/15 4:45,0,2.127524217,0.602752447
2018/3/15 5:00,0,2.284609516,0.789341181
2018/3/15 5:15,0,3.346856038,1.58531483
2018/3/15 5:30,0,2.492348432,0.905098836
2018/3/15 5:45,0,2.759801309,1.096763849
2018/3/15 6:00,0,2.643118064,0.991707941
2018/3/15 6:15,0,3.440035899,1.742887537
2018/3/15 6:30,0,4.973390261,3.258076032
2018/3/15 6:45,0.019566663,14.95854632,7.931201458
2018/3/15 7:00,0.06805555,34.82105001,13.05701129
2018/3/15 7:15,0.347033342,29.88538297,19.10528056
2018/3/15 7:30,0.794733346,36.7213459,20.40540441
2018/3/15 7:45,1.24756666,166.7681325,17.42433389
2018/3/15 8:00,1.692655603,314.8349711,21.68003146
2018/3/15 8:15,2.088222106,402.7242432,30.89537557
2018/3/15 8:30,2.461411158,493.03184,37.87699508
2018/3/15 8:45,2.816933632,559.0760091,43.23940404
2018/3/15 9:00,3.145899773,621.2694295,50.13684718
2018/3/15 9:15,3.451255798,669.0960897,58.36223984
2018/3/15 9:30,3.732621988,719.0947876,61.58605957
2018/3/15 9:45,3.988077958,769.5420125,58.87664795
2018/3/15 10:00,4.21020031,820.0768839,60.93669764
2018/3/15 10:15,4.391133149,865.6983642,62.27314504
2018/3/15 10:30,4.565333525,911.5587769,64.10227076
2018/3/15 10:45,4.713266373,946.7394613,68.99919891
2018/3/15 11:00,4.864088694,995.5337524,64.78344218
2018/3/15 11:15,4.961488883,1027.458659,64.94400787
2018/3/15 11:30,4.997399807,1050.003174,64.22479757
2018/3/15 11:45,5.088966211,1077.014771,70.59186808
2018/3/15 12:00,5.14935557,1097.373657,72.30892436
2018/3/15 12:15,5.137478033,1107.851481,72.80475871
2018/3/15 12:30,5.140177727,1126.898316,81.88726298
2018/3/15 12:45,5.129911264,1130.003499,84.8260498
2018/3/15 13:00,5.111155351,1125.753336,86.68466187
2018/3/15 13:15,5.06243372,1110.843506,84.16177622
2018/3/15 13:30,5.054299831,1089.682821,82.27348836
2018/3/15 13:45,4.998444875,1067.955892,89.86728414
2018/3/15 14:00,4.893822034,1051.867513,96.26033783
2018/3/15 14:15,4.841822306,1036.217082,126.8261413
2018/3/15 14:30,4.681833109,1002.963359,138.6967977
2018/3/15 14:45,4.567977587,927.7239787,121.6785812
2018/3/15 15:00,4.44987758,907.6222941,88.60931142
2018/3/15 15:15,4.205389023,842.8274536,73.08235423
2018/3/15 15:30,4.018000205,784.6253052,70.42449188
2018/3/15 15:45,3.767399947,747.3777466,70.44272359
2018/3/15 16:00,3.548411051,696.0236003,68.81310018
2018/3/15 16:15,3.26895539,637.8788452,65.574042
2018/3/15 16:30,2.926733255,557.2045085,50.22683588
2018/3/15 16:45,2.584499995,497.3890584,49.99622981
2018/3/15 17:00,2.225600163,436.0005391,46.03175608
2018/3/15 17:15,1.840977748,366.9564005,40.52699916
2018/3/15 17:30,1.381244421,285.017568,38.02300644
2018/3/15 17:45,0.923633357,199.8881531,32.94798978
2018/3/15 18:00,0.33552221,91.16111246,29.4492143
2018/3/15 18:15,0.298599988,86.98168437,20.69073041
2018/3/15 18:30,0.08696666,30.41817284,21.58616702
2018/3/15 18:45,0.008699999,14.34376939,12.70384089
2018/3/15 19:00,-0.000844444,7.349826972,5.743015448
2018/3/15 19:15,0,5.396175861,3.708595912
2018/3/15 19:30,0,5.422143459,3.859277646
2018/3/15 19:45,0,5.511714776,3.868145942
2018/3/15 20:00,0,4.683819214,3.036544482
2018/3/15 20:15,0,3.607409477,2.082212528
2018/3/15 20:30,0,3.573312203,2.0024062
2018/3/15 20:45,0,2.899019003,1.383997301
2018/3/15 21:00,0,2.811241706,1.291468958
2018/3/15 21:15,0,3.232666095,1.682052175
2018/3/15 21:30,0,3.189153512,1.599361181
2018/3/15 21:45,0,3.238147974,1.675323884
2018/3/15 22:00,0,2.937796513,1.415785789
2018/3/15 22:15,0,2.805382967,1.261991859
2018/3/15 22:30,0,2.700784286,1.176828027
2018/3/15 22:45,0,2.881513754,1.304815889
2018/3/15 23:00,0,2.86544919,1.302524011
2018/3/15 23:15,0,3.207219998,1.607928236
2018/3/15 23:30,0,3.020708879,1.443033775
2018/3/15 23:45,0,2.920171261,1.334201535
2018/3/16 0:00,0,3.055766662,1.471972108
2018/3/16 0:15,0,3.067186197,1.450333396
2018/3/16 0:30,0,2.443772872,0.886828959
2018/3/16 0:45,0,2.298074325,0.723890046
2018/3/16 1:00,0,2.589462598,1.029714823
2018/3/16 1:15,0,3.127610843,1.475828648
2018/3/16 1:30,0,2.943666379,1.375811656
2018/3/16 1:45,0,2.213797093,0.785121143
2018/3/16 2:00,0,2.444977999,0.892878791
2018/3/16 2:15,0,2.739624182,1.208192845
2018/3/16 2:30,0,3.105335871,1.446034273
2018/3/16 2:45,0,2.841848612,1.179760595
2018/3/16 3:00,0,3.467800061,1.800242941
2018/3/16 3:15,0,3.063263893,1.422632575
2018/3/16 3:30,0,3.344433467,1.655868808
2018/3/16 3:45,0,2.176693916,0.617546002
2018/3/16 4:00,0,3.0237902,1.346605977
2018/3/16 4:15,0,2.560049931,0.981938203
2018/3/16 4:30,0,2.836273193,1.198851784
2018/3/16 4:45,0,2.645817042,1.00912871
2018/3/16 5:00,0,2.760910432,1.162471572
2018/3/16 5:15,0,2.857951482,1.214348952
2018/3/16 5:30,0,2.839655955,1.1636705
2018/3/16 5:45,0,2.058872541,0.543325692
2018/3/16 6:00,0,2.547253688,0.940080246
2018/3/16 6:15,0,2.723655542,1.040658196
2018/3/16 6:30,0,4.873865287,3.133370638
2018/3/16 6:45,0.019411108,12.4205265,7.280800024
2018/3/16 7:00,0.06816666,24.85688845,11.83989271
2018/3/16 7:15,0.349566658,24.63764254,18.05868658
2018/3/16 7:30,0.788588881,27.02145577,20.10123825
2018/3/16 7:45,1.233144442,132.2539063,17.51041889
2018/3/16 8:00,1.653855562,305.8511149,20.75533994
2018/3/16 8:15,2.052255631,393.898112,29.47968483
2018/3/16 8:30,2.430788914,482.2473043,37.24443944
2018/3/16 8:45,2.778377692,546.1423136,42.80464935
2018/3/16 9:00,3.087244431,606.3326619,48.46912638
2018/3/16 9:15,3.396211068,660.6326294,57.03415807
2018/3/16 9:30,3.66677777,707.5794067,60.99182383
2018/3/16 9:45,3.897877932,757.9914958,58.54855474
2018/3/16 10:00,4.094344457,803.8577474,57.11909739
2018/3/16 10:15,4.285466671,853.4429932,61.62124125
2018/3/16 10:30,4.44245561,898.119161,64.5618693
2018/3/16 10:45,4.537055492,931.6949056,68.24757894
2018/3/16 11:00,4.670744419,975.4255168,63.30474854
2018/3/16 11:15,4.775766214,1011.772481,64.21299998
2018/3/16 11:30,4.873943965,1041.11263,67.39607747
2018/3/16 11:45,4.919411023,1061.620728,70.55316671
2018/3/16 12:00,4.957622051,1073.009074,71.63814799
2018/3/16 12:15,4.965144793,1087.059367,73.69512176
2018/3/16 12:30,4.947222074,1106.319539,83.61400096
2018/3/16 12:45,4.901310921,1106.666911,86.29092408
2018/3/16 13:00,4.888199965,1101.248535,83.62050374
2018/3/16 13:15,4.843511264,1092.42867,82.98387909
2018/3/16 13:30,4.873966694,1078.219971,87.02980805
2018/3/16 13:45,4.812211037,1051.787435,83.01254781
2018/3/16 14:00,4.711322467,1024.449402,78.61745453
2018/3/16 14:15,4.610144297,986.7790324,67.65743001
2018/3/16 14:30,4.481144746,951.6437582,66.16446177
2018/3/16 14:45,4.335622152,912.1312663,66.37480927
2018/3/16 15:00,4.226455847,866.2621256,63.99259821
2018/3/16 15:15,4.068477949,816.9873657,62.22869364
2018/3/16 15:30,3.857688983,758.1944377,62.89519374
2018/3/16 15:45,3.61830012,725.2542521,64.82080459
2018/3/16 16:00,3.358555714,671.1717936,62.27821859
2018/3/16 16:15,3.089388927,611.8806152,58.98494721
2018/3/16 16:30,2.790911198,539.0433553,49.398585
2018/3/16 16:45,2.466877858,481.4209697,45.92806753
2018/3/16 17:00,2.130688905,423.4485881,44.75824356
2018/3/16 17:15,1.763588985,356.5785828,41.57182694
2018/3/16 17:30,1.370222251,285.2724813,37.80401866
2018/3/16 17:45,0.975855529,214.054479,35.06761169
2018/3/16 18:00,0.595422209,146.0921046,31.2989413
2018/3/16 18:15,0.274277781,86.98553467,26.74286016
2018/3/16 18:30,0.07634443,30.27423414,22.73998261
2018/3/16 18:45,0.007288888,14.36408742,12.81982199
2018/3/16 19:00,-0.000244444,7.800547918,6.280756156
2018/3/16 19:15,0,6.21680212,4.688752492
2018/3/16 19:30,0,5.594715913,3.962048769
2018/3/16 19:45,0,4.579350233,3.019162496
2018/3/16 20:00,0,3.139369567,1.72349755
2018/3/16 20:15,0,1.853339235,0.738584042
2018/3/16 20:30,0,2.041993737,0.984687726
2018/3/16 20:45,0,4.772591432,3.217678865
2018/3/16 21:00,0,3.681663275,2.148774942
2018/3/16 21:15,0,2.585534016,1.102612297
2018/3/16 21:30,0,2.201492111,0.763159732
2018/3/16 21:45,0,1.512812495,0.521818856
2018/3/16 22:00,0,3.286916733,1.829849323
2018/3/16 22:15,0,3.82317702,2.300592184
2018/3/16 22:30,0,3.191417138,1.713385741
2018/3/16 22:45,0,2.947516044,1.493186275
2018/3/16 23:00,0,2.868385315,1.384163539
2018/3/16 23:15,0,2.626616478,1.150797983
2018/3/16 23:30,0,2.985362212,1.549251914
2018/3/16 23:45,0,2.511855523,1.034583827
2018/3/17 0:00,0,2.102822502,0.60922126
2018/3/17 0:15,0,1.977184017,0.558616966
2018/3/17 0:30,0,2.634733518,1.174526771
2018/3/17 0:45,0,2.718339364,1.212644736
2018/3/17 1:00,0,3.025843779,1.494031747
2018/3/17 1:15,0,2.737104495,1.244933327
2018/3/17 1:30,0,2.724002679,1.173615694
2018/3/17 1:45,0,2.850402832,1.381013552
2018/3/17 2:00,0,2.895225207,1.339842737
2018/3/17 2:15,0,2.45950683,0.947959761
2018/3/17 2:30,0,1.449996908,0.463669519
2018/3/17 2:45,0,2.108875314,0.771972527
2018/3/17 3:00,0,2.229303678,0.954376757
2018/3/17 3:15,0,3.545565685,2.014137745
2018/3/17 3:30,0,2.183514277,0.916970839
2018/3/17 3:45,0,1.943418066,0.544403851
2018/3/17 4:00,0,1.688595335,0.587816109
2018/3/17 4:15,0,1.197390834,0.485133598
2018/3/17 4:30,0,1.352894664,0.504235536
2018/3/17 4:45,0,2.640403033,1.164382001
2018/3/17 5:00,0,4.062657436,2.541630785
2018/3/17 5:15,0,4.421713352,2.854631742
2018/3/17 5:30,0,3.452240308,1.892902454
2018/3/17 5:45,0,2.934118112,1.414414604
2018/3/17 6:00,0,3.389879067,1.761678497
2018/3/17 6:15,0,2.147101959,0.789147178
2018/3/17 6:30,0,2.475282113,1.050261021
2018/3/17 6:45,0.018933331,9.321226914,4.982122421
2018/3/17 7:00,0.069633329,23.96912066,12.61569118
2018/3/17 7:15,0.345599994,27.90583674,18.30289841
2018/3/17 7:30,0.759288867,26.68929609,21.45031992
2018/3/17 7:45,1.162677845,122.7919693,19.86523883
2018/3/17 8:00,1.559522231,292.0535889,23.29235013
2018/3/17 8:15,1.955955585,378.5273539,32.46408272
2018/3/17 8:30,2.319066763,463.2713521,39.82773844
2018/3/17 8:45,2.668644587,528.3970947,46.44374975
2018/3/17 9:00,2.996855736,588.9305217,52.27295176
2018/3/17 9:15,3.306877693,638.6972249,58.13380559
2018/3/17 9:30,3.573122104,682.3259481,59.0904185
2018/3/17 9:45,3.806311051,735.0588176,58.27321371
2018/3/17 10:00,4.008033196,781.8900757,56.56614049
2018/3/17 10:15,4.175544421,827.3949788,60.53491084
2018/3/17 10:30,4.348289172,874.7904663,62.97498067
2018/3/17 10:45,4.452355861,911.6455892,69.7358195
2018/3/17 11:00,4.570400238,946.4133708,61.85160065
2018/3/17 11:15,4.643488884,986.5904337,64.11145401
2018/3/17 11:30,4.702488899,1010.689921,65.61817678
2018/3/17 11:45,4.805611133,1039.348429,71.26738485
2018/3/17 12:00,4.810955524,1052.578288,72.08829753
2018/3/17 12:15,4.921366692,1067.496134,75.53585561
2018/3/17 12:30,4.866566658,1079.794393,80.16819254
2018/3/17 12:45,4.857977708,1084.250814,88.34271495
2018/3/17 13:00,4.873944442,1077.647746,85.65953064
2018/3/17 13:15,4.816922029,1064.454142,82.99322764
2018/3/17 13:30,4.711955706,1040.338623,79.67203267
2018/3/17 13:45,4.688089053,1019.059692,81.46074676
2018/3/17 14:00,4.644822438,996.195353,79.40511068
2018/3/17 14:15,4.491711457,961.0789998,68.2726771
2018/3/17 14:30,4.407666524,933.1800537,71.47662862
2018/3/17 14:45,4.272822539,887.1326294,64.75353241
2018/3/17 15:00,4.147344589,839.3606567,59.78341802
2018/3/17 15:15,3.948755741,793.5958455,61.10880661
2018/3/17 15:30,3.755511125,738.8334961,64.20714951
2018/3/17 15:45,3.529266596,704.2916667,65.05013657
2018/3/17 16:00,3.275288979,651.1299235,62.91314697
2018/3/17 16:15,3.018944343,591.3693238,57.99970881
2018/3/17 16:30,2.721155564,523.2678019,52.09488678
2018/3/17 16:45,2.406166633,466.4181926,47.99181112
2018/3/17 17:00,2.060744325,403.4957479,42.35865148
2018/3/17 17:15,1.694622198,340.2625936,40.8146375
2018/3/17 17:30,1.31147778,272.4140778,38.31874847
2018/3/17 17:45,0.926255544,201.152832,33.06457075
2018/3/17 18:00,0.56006664,134.9164886,28.9168307
2018/3/17 18:15,0.258133357,79.79591497,25.8351771
2018/3/17 18:30,0.071211108,29.24912389,23.13662148
2018/3/17 18:45,0.006177777,15.39544773,13.79749107
2018/3/17 19:00,0,8.510185243,7.029215018
2018/3/17 19:15,0,5.991960049,4.491126219
2018/3/17 19:30,0,5.422242324,3.85635972
2018/3/17 19:45,0,4.269761085,2.846187989
2018/3/17 20:00,0,3.447199424,2.053952456
2018/3/17 20:15,0,2.196370443,0.87308389
2018/3/17 20:30,0,3.300201178,1.855836391
2018/3/17 20:45,0,3.797551791,2.324257175
2018/3/17 21:00,0,3.500211318,2.063627322
2018/3/17 21:15,0,2.86882019,1.429569483
2018/3/17 21:30,0,2.832135359,1.353814046
2018/3/17 21:45,0,2.672994057,1.191349765
2018/3/17 22:00,0,1.702769955,0.742202679
2018/3/17 22:15,0,1.405648828,0.546024521
2018/3/17 22:30,0,2.668362379,1.236388882
2018/3/17 22:45,0,2.068894545,0.853072226
2018/3/17 23:00,0,2.177991549,0.797639787
2018/3/17 23:15,0,1.429368416,0.586049875
2018/3/17 23:30,0,1.509171168,0.623805841
2018/3/17 23:45,0,2.281909704,0.909514348
2018/3/18 0:00,0,3.222839355,1.741015235
2018/3/18 0:15,0,2.169965188,0.841843506
2018/3/18 0:30,0,3.000412146,1.592325489
2018/3/18 0:45,0,2.568426212,1.187718192
2018/3/18 1:00,0,2.294527888,0.954191645
2018/3/18 1:15,0,1.217809955,0.563807488
2018/3/18 1:30,0,1.27556022,0.592278818
2018/3/18 1:45,0,2.162542383,0.851351559
2018/3/18 2:00,0,1.903444052,0.650334001
2018/3/18 2:15,0,2.225633701,0.882620871
2018/3/18 2:30,0,3.063893318,1.625959794
2018/3/18 2:45,0,2.744290829,1.284738422
2018/3/18 3:00,0,2.572966417,1.154441337
2018/3/18 3:15,0,1.88487943,0.611501713
2018/3/18 3:30,0,1.783297141,0.618520458
2018/3/18 3:45,0,2.557263931,1.203568836
2018/3/18 4:00,0,2.355697234,0.942153116
2018/3/18 4:15,0,1.908833424,0.645763636
2018/3/18 4:30,0,2.596773306,1.19100523
2018/3/18 4:45,0,2.119274616,0.824011385
2018/3/18 5:00,0,1.409324765,0.572044313
2018/3/18 5:15,0,1.389816642,0.583915154
2018/3/18 5:30,0,2.040815274,0.810752153
2018/3/18 5:45,0,1.928042928,0.771065116
2018/3/18 6:00,0,2.6234351,1.241456648
2018/3/18 6:15,0,2.428037643,1.048678219
2018/3/18 6:30,0,3.157741865,1.771028022
2018/3/18 6:45,0.015299999,10.24860907,6.401020686
2018/3/18 7:00,0.069299995,23.30842527,13.78141181
2018/3/18 7:15,0.357788875,28.29752223,19.26239713
2018/3/18 7:30,0.727044483,27.66260465,22.43652026
2018/3/18 7:45,1.12217776,85.2431558,22.89701716
2018/3/18 8:00,1.521499991,284.078064,25.6154658
2018/3/18 8:15,1.918622255,370.6465047,36.38426717
2018/3/18 8:30,2.283922195,449.9389445,43.46924337
2018/3/18 8:45,2.615422249,508.6434224,47.18158849
2018/3/18 9:00,2.936122258,566.1835937,52.74807103
2018/3/18 9:15,3.241455316,616.7972412,60.68380483
2018/3/18 9:30,3.495911042,658.3326009,60.72040431
2018/3/18 9:45,3.734733343,706.2313436,57.6804479
2018/3/18 10:00,3.904078007,749.488505,57.92102051
2018/3/18 10:15,4.086300055,795.8111776,61.1939799
2018/3/18 10:30,4.214844068,838.7454427,65.87078857
2018/3/18 10:45,4.352855047,869.9208984,69.61509705
2018/3/18 11:00,4.438122273,905.3914998,62.9698995
2018/3/18 11:15,4.507100423,946.8586019,64.34648132
2018/3/18 11:30,4.574500243,976.9947103,69.20918783
2018/3/18 11:45,4.698366642,993.2610677,72.69398244
2018/3/18 12:00,4.724221865,1012.184713,73.94791158
2018/3/18 12:15,4.756744226,21.51669502,2.671836217
2018/3/18 12:30,4.709811211,15.32990297,2.248507977
2018/3/18 12:45,4.749677976,15.18001875,2.281081597
2018/3/18 13:00,4.74453338,15.43393421,2.252981504
2018/3/18 13:15,4.757166545,15.78878625,2.195984443
2018/3/18 13:30,4.726332982,15.79055055,2.096899986
2018/3/18 13:45,4.72432216,16.27249146,2.041286071
2018/3/18 14:00,4.640600204,17.02126439,1.960174839
2018/3/18 14:15,2.522622188,17.38070488,1.900798281
2018/3/18 14:30,2.37701114,16.59929784,1.923130115
2018/3/18 14:45,4.574922402,17.24610583,1.87787207
2018/3/18 15:00,3.614166657,18.9388663,1.71444126
2018/3/18 15:15,4.194044113,20.34450404,1.566889485
2018/3/18 15:30,2.882722139,21.57128398,1.534297665
2018/3/18 15:45,1.136766712,19.977005,1.70817101
2018/3/18 16:00,3.028455576,19.50826772,1.799960812
2018/3/18 16:15,3.123511235,21.37220764,1.604483724
2018/3/18 16:30,2.236499627,22.31236013,1.498166839
2018/3/18 16:45,1.717377742,19.80793826,1.757160822
2018/3/18 17:00,2.194011052,19.38597425,1.835403879
2018/3/18 17:15,1.797899961,21.25517782,1.608687997
2018/3/18 17:30,1.356755575,21.57706515,1.562124173
2018/3/18 17:45,0.914088925,20.99879011,1.618844469
2018/3/18 18:00,0.530133367,18.68893178,1.980838379
2018/3/18 18:15,0.245111143,16.45107905,2.439480543
2018/3/18 18:30,0.072588883,13.70549679,3.076676051
2018/3/18 18:45,0.00561111,12.05689907,3.596351464
2018/3/18 19:00,0,11.5266676,3.839416027
2018/3/18 19:15,0,11.32162571,3.942450126
2018/3/18 19:30,0,11.21947352,4.079223474
2018/3/18 19:45,0,11.1714077,4.193693638
2018/3/18 20:00,0,11.20310211,4.276229699
2018/3/18 20:15,0,11.25899569,4.36975352
2018/3/18 20:30,0,11.38411554,4.55175972
2018/3/18 20:45,0,11.49005827,4.727833271
2018/3/18 21:00,0,11.60205078,4.904275417
2018/3/18 21:15,0,11.73755074,5.09194088
2018/3/18 21:30,0,11.87512398,5.265291532
2018/3/18 21:45,0,12.01106389,5.415711085
2018/3/18 22:00,0,12.37301699,5.743358294
2018/3/18 22:15,0,12.82481066,6.125950019
2018/3/18 22:30,0,13.27969933,6.48816808
2018/3/18 22:45,0,13.58664163,6.730565866
2018/3/18 23:00,0,13.7938207,6.881194115
2018/3/18 23:15,0,13.72594229,6.923821767
2018/3/18 23:30,0,13.39328798,6.695122719
2018/3/18 23:45,0,13.04930941,6.462272167
2018/3/19 0:00,0,13.07128461,6.531156699
2018/3/19 0:15,0,13.58187644,6.85783879
2018/3/19 0:30,0,14.18304475,7.31213363
2018/3/19 0:45,0,14.66836897,7.676960627
2018/3/19 1:00,0,14.92800394,7.852256298
2018/3/19 1:15,0,15.15371577,7.93957154
2018/3/19 1:30,0,15.48752085,8.220182737
2018/3/19 1:45,0,15.55227852,8.279413859
2018/3/19 2:00,0,15.53633372,8.286302248
2018/3/19 2:15,0,15.65145334,8.363542557
2018/3/19 2:30,0,16.09662851,8.66085879
2018/3/19 2:45,0,16.31987826,8.864587148
2018/3/19 3:00,0,16.12742201,8.714798292
2018/3/19 3:15,0,16.09217071,8.746804555
2018/3/19 3:30,0,16.52049764,8.997603416
2018/3/19 3:45,0,16.82999674,9.166715622
2018/3/19 4:00,0,16.94484711,9.260487874
2018/3/19 4:15,0,16.27066295,8.781067213
2018/3/19 4:30,0,16.25278155,8.843421936
2018/3/19 4:45,0,16.89112409,9.248047511
2018/3/19 5:00,0,17.39367231,9.530554771
2018/3/19 5:15,0,16.92659378,9.222219467
2018/3/19 5:30,0,16.59480794,9.02622509
2018/3/19 5:45,0,16.20100276,8.799666723
2018/3/19 6:00,0,16.1617438,8.742413839
2018/3/19 6:15,0,16.31290372,8.87557888
2018/3/19 6:30,0,16.85255432,9.251632055
2018/3/19 6:45,0.038788885,17.46420034,9.631732941
2018/3/19 7:00,0.12138888,16.9549319,9.23423481
2018/3/19 7:15,0.399366647,16.79261589,8.803435643
2018/3/19 7:30,0.696955522,16.28700988,8.200794379
2018/3/19 7:45,1.157000025,14.71952057,7.227595488
2018/3/19 8:00,1.539388776,12.38560677,5.764048735
2018/3/19 8:15,1.952444434,11.80634594,4.765512943
2018/3/19 8:30,2.336911202,12.8200051,4.166986306
2018/3/19 8:45,2.302933375,13.40564886,3.982098262
2018/3/19 9:00,2.581911007,13.43737316,3.704777877
2018/3/19 9:15,3.231611331,13.35983276,3.583352566
2018/3/19 9:30,3.104044358,13.24600506,3.467440923
2018/3/19 9:45,3.015844584,12.9243323,3.207214832
2018/3/19 10:00,3.474566777,12.69886271,3.481245995
2018/3/19 10:15,4.420277754,12.2718811,3.089164734
2018/3/19 10:30,4.095133464,12.69008096,2.790392875
2018/3/19 10:45,4.720822334,12.67983627,2.754581769
2018/3/19 11:00,4.391489029,12.4068311,2.677907149
2018/3/19 11:15,4.736622174,12.31045564,2.689552943
2018/3/19 11:30,4.981444359,12.13744768,2.672302723
2018/3/19 11:45,4.967422327,11.74204222,2.651832898
2018/3/19 12:00,5.030433178,11.63521258,2.647723834
2018/3/19 12:15,5.026711305,11.40605386,2.636147737
2018/3/19 12:30,5.013522148,11.30379486,2.668538253
2018/3/19 12:45,5.08493344,11.47886721,2.64444224
2018/3/19 13:00,1.392360667,11.68130144,2.60204943
2018/3/19 13:15,1.392360667,11.80498982,2.571769873
2018/3/19 13:30,1.392360667,12.2147913,2.486986478
2018/3/19 13:45,1.392360667,12.6711057,2.427561919
2018/3/19 14:00,1.392360667,13.17308172,2.361709833
2018/3/19 14:15,1.392360667,13.98904991,2.256484191
2018/3/19 14:30,1.392360667,14.56491153,2.194241524
2018/3/19 14:45,1.392360667,15.27349599,2.117544492
2018/3/19 15:00,1.392360667,15.89739545,2.04744339
2018/3/19 15:15,1.392360667,16.61300214,1.966782848
2018/3/19 15:30,1.392360667,17.20485179,1.905753017
2018/3/19 15:45,1.392360667,17.86540731,1.832782428
2018/3/19 16:00,1.392360667,18.36467552,1.787376642
2018/3/19 16:15,1.392360667,18.54712995,1.796130021
2018/3/19 16:30,1.392360667,18.90281614,1.767574191
2018/3/19 16:45,1.392360667,19.01037979,1.776022077
2018/3/19 17:00,1.392360667,19.17719396,1.801020662
2018/3/19 17:15,1.392360667,19.25521406,1.82182769
2018/3/19 17:30,1.392360667,18.78843816,1.955216289
2018/3/19 17:45,1.392360667,18.32999802,2.11267074
2018/3/19 18:00,1.392360667,16.94080289,2.439600547
2018/3/19 18:15,1.392360667,15.17812697,2.905876319
2018/3/19 18:30,1.392360667,13.20404975,3.610825062
2018/3/19 18:45,1.392360667,12.00855923,4.130154451
2018/3/19 19:00,1.392360667,11.72062143,4.462618987
2018/3/19 19:15,1.392360667,11.74141566,4.753446261
2018/3/19 19:30,1.392360667,11.84178257,4.978830178
2018/3/19 19:45,1.392360667,12.0052646,5.221359253
2018/3/19 20:00,1.392360667,12.1653916,5.382877509
2018/3/19 20:15,1.392360667,12.26369794,5.544894377
2018/3/19 20:30,1.392360667,12.27098687,5.849221388
2018/3/19 20:45,1.392360667,12.38313643,5.987927119
2018/3/19 21:00,1.392360667,12.57062467,6.162353039
2018/3/19 21:15,1.392360667,12.84344832,6.395595551
2018/3/19 21:30,1.392360667,13.27786637,6.740577062
2018/3/19 21:45,1.392360667,13.8426164,7.153929552
2018/3/19 22:00,1.392360667,14.51417859,7.62546428
2018/3/19 22:15,1.392360667,15.13775603,8.081566175
2018/3/19 22:30,1.392360667,15.61422316,8.404387792
2018/3/19 22:45,1.392360667,15.92727788,8.6518116
2018/3/19 23:00,1.392360667,16.3467865,8.814910253
2018/3/19 23:15,1.392360667,16.57171949,9.101982753
2018/3/19 23:30,1.392360667,16.68789355,9.161712328
2018/3/19 23:45,1.392360667,16.51468468,9.072141012
2018/3/20 0:00,1.392360667,16.17603683,8.864686648
2018/3/20 0:15,1.392360667,16.28491402,8.968935966
2018/3/20 0:30,1.392360667,16.77236112,9.297913869
2018/3/20 0:45,1.392360667,17.29030164,9.659286181
2018/3/20 1:00,1.392360667,17.84608078,10.01594416
2018/3/20 1:15,1.392360667,18.44660441,10.4014705
2018/3/20 1:30,1.392360667,18.84589513,10.66611576
2018/3/20 1:45,1.392360667,19.40033595,11.04256789
2018/3/20 2:00,1.392360667,19.74703407,11.27290853
2018/3/20 2:15,1.392360667,20.06741206,11.48367818
2018/3/20 2:30,1.392360667,20.40086746,11.69908778
2018/3/20 2:45,1.392360667,20.47747676,11.75732104
2018/3/20 3:00,1.392360667,20.26613172,11.62339242
2018/3/20 3:15,1.392360667,20.44743792,11.75119686
2018/3/20 3:30,1.392360667,20.53573672,11.81880697
2018/3/20 3:45,1.392360667,20.44106674,11.73235544
2018/3/20 4:00,1.392360667,20.39344343,11.71156724
2018/3/20 4:15,1.392360667,20.75295893,11.95887947
2018/3/20 4:30,1.392360667,21.00860087,12.10966269
2018/3/20 4:45,1.392360667,21.1021436,12.16424115
2018/3/20 5:00,1.392360667,21.19002533,12.19849586
2018/3/20 5:15,1.392360667,21.01198006,12.0638663
2018/3/20 5:30,1.392360667,21.11557897,12.16204103
2018/3/20 5:45,1.392360667,21.32250277,12.28370221
2018/3/20 6:00,1.392360667,21.39175733,12.34559663
2018/3/20 6:15,1.392360667,21.81868235,12.62368584
2018/3/20 6:30,1.392360667,22.36070824,13.09394519
2018/3/20 6:45,1.392360667,22.48603694,13.05357551
2018/3/20 7:00,1.392360667,21.75082652,12.52623431
2018/3/20 7:15,1.392360667,20.71909014,11.67780813
2018/3/20 7:30,1.392360667,19.44052061,10.60581748
2018/3/20 7:45,1.392360667,17.47534943,9.242759705
2018/3/20 8:00,1.392360667,13.63234425,6.803452968
2018/3/20 8:15,1.392360667,12.47177029,5.42534399
2018/3/20 8:30,1.392360667,12.89338303,4.673371315
2018/3/20 8:45,1.392360667,13.25303586,4.718625228
2018/3/20 9:00,1.392360667,12.95592562,4.488140742
2018/3/20 9:15,1.392360667,12.70298417,3.991702398
2018/3/20 9:30,1.392360667,12.73709424,3.680675904
2018/3/20 9:45,1.392360667,12.52227211,3.534796477
2018/3/20 10:00,1.392360667,12.32104874,3.348457813
2018/3/20 10:15,1.392360667,12.23931249,3.115035693
2018/3/20 10:30,1.392360667,12.01570733,3.089974483
2018/3/20 10:45,1.392360667,11.90265656,3.03524216
2018/3/20 11:00,1.392360667,11.74637477,2.942720334
2018/3/20 11:15,1.392360667,11.53713767,2.847134828
2018/3/20 11:30,1.392360667,11.3830061,2.872047981
2018/3/20 11:45,1.392360667,11.27971872,2.849143426
2018/3/20 12:00,1.392360667,11.11616294,2.838664373
2018/3/20 12:15,2.137762692,10.77090327,2.832977374
2018/3/20 12:30,5.115166823,10.70100371,2.817733765
2018/3/20 12:45,5.115499973,10.78907839,2.756571929
2018/3/20 13:00,5.069655736,11.10712528,2.71534133
2018/3/20 13:15,5.029466629,11.42865117,2.665316025
2018/3/20 13:30,4.971944491,11.79779403,2.569008668
2018/3/20 13:45,4.895310879,12.34716511,2.486210664
2018/3/20 14:00,4.792522271,12.95423635,2.415443977
2018/3/20 14:15,4.681755702,13.58753045,2.334373156
2018/3/20 14:30,4.560522556,14.19279957,2.277579705
2018/3/20 14:45,4.401644548,14.73912843,2.221592267
2018/3/20 15:00,4.225399812,15.27873707,2.162845532
2018/3/20 15:15,4.051344713,16.05092939,2.067829768
2018/3/20 15:30,3.848877748,16.62009811,2.0105323
2018/3/20 15:45,3.600855668,17.18531545,1.938768943
2018/3/20 16:00,3.34980003,17.61997414,1.903673411
2018/3/20 16:15,3.059011142,17.89462217,1.911692699
2018/3/20 16:30,2.743055662,18.03342756,1.926268061
2018/3/20 16:45,2.401611169,18.04802004,1.960728407
2018/3/20 17:00,2.047122161,17.98810069,2.022247592
2018/3/20 17:15,1.668422182,17.35567029,2.18526713
2018/3/20 17:30,1.273100018,17.22749519,2.295844794
2018/3/20 17:45,0.883544485,16.86795998,2.444755157
2018/3/20 18:00,0.523311128,15.47700151,2.802641074
2018/3/20 18:15,0.235011121,14.09292475,3.229647001
2018/3/20 18:30,0.062566658,12.84263293,4.804158449
2018/3/20 18:45,0.002711111,9.040487765,7.557459989
2018/3/20 19:00,0,3.817535877,2.356492559
2018/3/20 19:15,0,3.139145454,1.739980817
2018/3/20 19:30,0,3.417858998,2.033582449
2018/3/20 19:45,0,3.330655972,1.899793068
2018/3/20 20:00,0,2.822376648,1.366235256
2018/3/20 20:15,0,2.60676535,1.233123144
2018/3/20 20:30,0,2.838224173,1.441776435
2018/3/20 20:45,0,2.67608587,1.239609718
2018/3/20 21:00,0,2.732371807,1.261762639
2018/3/20 21:15,0,3.453119755,1.953172127
2018/3/20 21:30,0,3.206388394,1.703755259
2018/3/20 21:45,0,3.209029198,1.727143963
2018/3/20 22:00,0,3.421712637,1.914913177
2018/3/20 22:15,0,3.153583209,1.672266642
2018/3/20 22:30,0,3.326388915,1.804212888
2018/3/20 22:45,0,2.770673831,1.315045198
2018/3/20 23:00,0,2.836996158,1.379830043
2018/3/20 23:15,0,2.593784889,1.154411952
2018/3/20 23:30,0,2.945668221,1.439259092
2018/3/20 23:45,0,2.696070512,1.271589875
2018/3/21 0:00,0,2.484483481,1.072888057
2018/3/21 0:15,0,2.542224805,1.0353176
2018/3/21 0:30,0,2.517133752,1.070713619
2018/3/21 0:45,0,2.222101212,0.783886135
2018/3/21 1:00,0,3.459038575,1.909279545
2018/3/21 1:15,0,3.426851114,1.91233023
2018/3/21 1:30,0,3.110240857,1.599322121
2018/3/21 1:45,0,3.033534209,1.511970361
2018/3/21 2:00,0,1.866915862,0.503240138
2018/3/21 2:15,0,1.907834411,0.524337153
2018/3/21 2:30,0,1.783790231,0.52108705
2018/3/21 2:45,0,2.894833724,1.362448017
2018/3/21 3:00,0,2.282948414,0.800547083
2018/3/21 3:15,0,2.845155796,1.339232564
2018/3/21 3:30,0,3.198252757,1.646808108
2018/3/21 3:45,0,2.816661596,1.295755545
2018/3/21 4:00,0,2.829972267,1.267903725
2018/3/21 4:15,0,2.842142343,1.305577477
2018/3/21 4:30,0,3.007335504,1.47129643
2018/3/21 4:45,0,2.585874875,0.975758056
2018/3/21 5:00,0,2.501040538,0.968939046
2018/3/21 5:15,0,2.616288662,1.047119856
2018/3/21 5:30,0,2.850346327,1.313419223
2018/3/21 5:45,0,2.666748365,1.079231143
2018/3/21 6:00,0,2.255033811,0.711066534
2018/3/21 6:15,0,2.271077474,0.709297021
2018/3/21 6:30,0,3.058407704,1.469744802
2018/3/21 6:45,0.02351111,11.0994614,8.580249072
2018/3/21 7:00,0.150900006,35.13580831,30.37173907
2018/3/21 7:15,0.403955549,47.64949417,39.42554347
2018/3/21 7:30,0.707122226,48.14965312,35.43634669
2018/3/21 7:45,1.076622188,138.0552788,34.79278564
2018/3/21 8:00,1.48321108,261.5736033,42.797479
2018/3/21 8:15,1.882000009,346.1881409,53.8005778
2018/3/21 8:30,2.258933306,420.5288798,63.64275614
2018/3/21 8:45,2.624866724,481.1204732,70.19691467
2018/3/21 9:00,2.960244417,541.6263021,80.09127808
2018/3/21 9:15,3.260833263,590.0394694,84.09027863
2018/3/21 9:30,3.543200016,633.1218669,85.13048553
2018/3/21 9:45,3.788555463,683.2667236,86.01545207
2018/3/21 10:00,4.013888757,729.1044515,87.60942332
2018/3/21 10:15,4.198055744,771.3526001,91.86158753
2018/3/21 10:30,4.370022297,814.4170532,97.11924489
2018/3/21 10:45,4.53598849,850.0323283,99.61306763
2018/3/21 11:00,4.682588895,877.9746501,94.05247752
2018/3/21 11:15,4.780955632,914.5819295,91.80127462
2018/3/21 11:30,4.903532982,947.3304647,96.3593928
2018/3/21 11:45,4.954844634,966.1640218,98.14817556
2018/3/21 12:00,4.998578231,981.986145,102.4512583
2018/3/21 12:15,4.999144554,991.8729655,103.2531204
2018/3/21 12:30,5.027366638,1005.064677,108.9424362
2018/3/21 12:45,5.04496638,1019.659342,119.1943563
2018/3/21 13:00,5.090955416,1039.344198,150.6120554
2018/3/21 13:15,5.095378081,1039.311076,155.0629679
2018/3/21 13:30,4.959788799,1002.881612,131.2125753
2018/3/21 13:45,4.900866509,980.3607992,129.1718776
2018/3/21 14:00,4.786533674,948.878357,123.231631
2018/3/21 14:15,4.798555374,938.8687541,142.7887166
2018/3/21 14:30,3.985644579,852.8332113,157.4329122
2018/3/21 14:45,4.352311134,833.5231933,92.52015177
2018/3/21 15:00,4.162077904,788.8557129,88.62956238
2018/3/21 15:15,3.965399981,739.4031576,86.58145142
2018/3/21 15:30,3.684344609,682.0794271,85.82930501
2018/3/21 15:45,3.520722071,651.5561117,85.39901988
2018/3/21 16:00,3.267300049,599.9699097,79.27195485
2018/3/21 16:15,2.965800047,538.4634603,70.09814962
2018/3/21 16:30,2.653288921,480.5816345,66.58722687
2018/3/21 16:45,2.321744521,421.1274923,59.81755066
2018/3/21 17:00,1.964399974,362.0952352,54.42017492
2018/3/21 17:15,1.588855584,297.198466,48.0613327
2018/3/21 17:30,1.209233363,233.4752095,44.64833069
2018/3/21 17:45,0.828944405,168.9104665,39.07051087
2018/3/21 18:00,0.481899987,109.735995,33.89083227
2018/3/21 18:15,0.208344445,49.76611646,29.09329287
2018/3/21 18:30,0.05325555,20.82429632,18.34155019
2018/3/21 18:45,0.001533333,8.80058352,7.334984938
2018/3/21 19:00,0,4.181154569,2.789398432
2018/3/21 19:15,0,3.927293539,2.51707538
2018/3/21 19:30,0,3.879594326,2.445536772
2018/3/21 19:45,0,4.13523523,2.699181319
2018/3/21 20:00,0,3.583407482,2.104391575
2018/3/21 20:15,0,3.194811106,1.697038134
2018/3/21 20:30,0,3.261299054,1.826575438
2018/3/21 20:45,0,3.19889903,1.738280614
2018/3/21 21:00,0,3.234695355,1.744538148
2018/3/21 21:15,0,3.283171971,1.841723998
2018/3/21 21:30,0,2.318657319,0.894605994
2018/3/21 21:45,0,2.114857991,0.761750678
2018/3/21 22:00,0,3.218657573,1.664768656
2018/3/21 22:15,0,2.813762824,1.325498939
2018/3/21 22:30,0,2.901382128,1.38200132
2018/3/21 22:45,0,3.046375275,1.55905056
2018/3/21 23:00,0,2.736685991,1.212240617
2018/3/21 23:15,0,2.856419245,1.373734792
2018/3/21 23:30,0,2.871886333,1.354198456
2018/3/21 23:45,0,2.805253824,1.238257011
2018/3/22 0:00,0,2.866680861,1.277467767
2018/3/22 0:15,0,2.82197698,1.309161941
2018/3/22 0:30,0,2.200687806,0.684373836
2018/3/22 0:45,0,2.525339524,0.923638562
2018/3/22 1:00,0,2.519384464,0.979775329
2018/3/22 1:15,0,2.4780581,0.934532027
2018/3/22 1:30,0,2.396723747,0.86947157
2018/3/22 1:45,0,3.081598441,1.518421928
2018/3/22 2:00,0,2.858907541,1.278787533
2018/3/22 2:15,0,2.303079923,0.745871266
2018/3/22 2:30,0,2.622650782,1.102632125
2018/3/22 2:45,0,2.681762457,1.151238183
2018/3/22 3:00,0,2.510654768,0.914100349
2018/3/22 3:15,0,2.562340975,1.062232296
2018/3/22 3:30,0,2.667113383,1.119497538
2018/3/22 3:45,0,2.620224873,1.121109068
2018/3/22 4:00,0,2.519381444,0.986125072
2018/3/22 4:15,0,2.808407386,1.257193963
2018/3/22 4:30,0,2.276969274,0.731162349
2018/3/22 4:45,0,2.622478247,1.058312694
2018/3/22 5:00,0,2.620620569,1.044288238
2018/3/22 5:15,0,2.740812699,1.161313017
2018/3/22 5:30,0,2.656518618,1.083291173
2018/3/22 5:45,0,2.12521855,0.73933354
2018/3/22 6:00,0,2.594688177,1.053777258
2018/3/22 6:15,0,2.382571538,0.874404331
2018/3/22 6:30,0,4.192964713,2.50618573
2018/3/22 6:45,0.011511109,9.94351228,7.505550067
2018/3/22 7:00,0.087633334,19.0191555,15.02009964
2018/3/22 7:15,0.352755547,25.89220683,21.47486115
2018/3/22 7:30,0.701388856,32.97717222,24.89768918
2018/3/22 7:45,1.089211086,168.7828674,23.66666285
2018/3/22 8:00,1.488233288,261.0465291,33.56109937
2018/3/22 8:15,1.874177813,347.3439941,44.68303172
2018/3/22 8:30,2.249122222,418.6562195,52.53380457
2018/3/22 8:45,2.59151117,478.0906881,58.07095973
2018/3/22 9:00,2.895399888,534.0445964,63.57550812
2018/3/22 9:15,3.199322303,586.7174072,71.8998464
2018/3/22 9:30,3.463622093,622.9893392,68.51254781
2018/3/22 9:45,3.69936657,674.346639,69.98482513
2018/3/22 10:00,3.892189026,718.3330485,70.31778208
2018/3/22 10:15,4.098522027,761.5614828,74.13229116
2018/3/22 10:30,4.27072223,803.9020183,77.44091288
2018/3/22 10:45,4.424499829,840.7196655,79.95239003
2018/3/22 11:00,4.534866969,869.9523112,75.30078888
2018/3/22 11:15,4.651510875,904.4453735,73.63526662
2018/3/22 11:30,4.743310928,937.8317667,76.30540975
2018/3/22 11:45,4.812433402,960.7312215,78.21619924
2018/3/22 12:00,4.873933474,976.9676514,79.53422292
2018/3/22 12:15,4.90512228,987.5489502,83.43276214
2018/3/22 12:30,4.952711264,997.8659057,85.73376973
2018/3/22 12:45,4.959199905,1009.116679,91.37934367
2018/3/22 13:00,4.941677729,1008.461487,95.14833323
2018/3/22 13:15,4.914866607,994.986145,90.90200043
2018/3/22 13:30,4.877222538,979.359904,92.79417419
2018/3/22 13:45,4.792377631,953.5612793,87.60795593
2018/3/22 14:00,4.69501098,933.2851359,93.84774781
2018/3/22 14:15,4.70263354,934.546285,125.1985804
2018/3/22 14:30,4.139177958,900.3424276,195.8685608
2018/3/22 14:45,2.248444478,493.6325785,169.8296509
2018/3/22 15:00,4.054255486,694.6190287,177.6659902
2018/3/22 15:15,1.829911113,431.1534526,165.3849487
2018/3/22 15:30,3.330555717,482.3034363,119.700498
2018/3/22 15:45,3.74024415,675.4563802,109.7998352
2018/3/22 16:00,3.201411247,587.252065,104.376915
2018/3/22 16:15,3.195611,587.9142253,110.5848694
2018/3/22 16:30,2.689388991,491.1125997,97.24627685
2018/3/22 16:45,2.288077831,415.7389425,74.5687917
2018/3/22 17:00,2.012544552,367.6732788,56.87697347
2018/3/22 17:15,1.612044573,299.0110168,47.71416092
2018/3/22 17:30,1.214511156,232.8978475,41.21038055
2018/3/22 17:45,0.578866671,119.3833059,35.88705635
2018/3/22 18:00,0.474399974,105.9318085,28.57724571
2018/3/22 18:15,0.199611117,41.74824714,26.19832293
2018/3/22 18:30,0.041488883,17.74748453,15.66446241
2018/3/22 18:45,-0.000233333,7.432391643,5.973042885
2018/3/22 19:00,0,3.878371715,2.54199783
2018/3/22 19:15,0,3.372247935,1.945843101
2018/3/22 19:30,0,3.445193211,2.013754964
2018/3/22 19:45,0,3.613161564,2.208955129
2018/3/22 20:00,0,2.747750441,1.361089031
2018/3/22 20:15,0,2.661153793,1.278637727
2018/3/22 20:30,0,3.918322563,2.461150726
2018/3/22 20:45,0,4.750656446,3.172879537
2018/3/22 21:00,0,4.147303661,2.730917533
2018/3/22 21:15,0,3.207506657,1.738080104
2018/3/22 21:30,0,3.093867381,1.669415434
2018/3/22 21:45,0,3.076641401,1.600400448
2018/3/22 22:00,0,2.508279244,1.027566552
2018/3/22 22:15,0,2.836070935,1.354675253
2018/3/22 22:30,0,2.849752824,1.38297081
2018/3/22 22:45,0,2.859935522,1.408871253
2018/3/22 23:00,0,3.041549047,1.563723485
2018/3/22 23:15,0,2.328301271,0.885375659
2018/3/22 23:30,0,2.495497704,1.017463883
2018/3/22 23:45,0,2.78025802,1.317485809
2018/3/23 0:00,0,2.859459241,1.369391759
2018/3/23 0:15,0,2.643596411,1.096855402
2018/3/23 0:30,0,2.380583366,0.814710637
2018/3/23 0:45,0,2.38619701,0.860442221
2018/3/23 1:00,0,2.80636557,1.291657646
2018/3/23 1:15,0,2.195569595,0.733241439
2018/3/23 1:30,0,2.539049387,1.086758733
2018/3/23 1:45,0,2.804634969,1.240372578
2018/3/23 2:00,0,3.016785463,1.485298514
2018/3/23 2:15,0,3.068054438,1.492915233
2018/3/23 2:30,0,2.957254648,1.39397633
2018/3/23 2:45,0,2.19762969,0.702345987
2018/3/23 3:00,0,2.405986627,0.906232139
2018/3/23 3:15,0,2.70487078,1.192587912
2018/3/23 3:30,0,2.67263476,1.143574834
2018/3/23 3:45,0,2.688339154,1.06698513
2018/3/23 4:00,0,2.192058643,0.687546829
2018/3/23 4:15,0,2.550034364,1.0085301
2018/3/23 4:30,0,2.553260803,1.045383533
2018/3/23 4:45,0,2.704801401,1.132800162
2018/3/23 5:00,0,2.409540812,0.847604632
2018/3/23 5:15,0,2.583079338,1.036658903
2018/3/23 5:30,0,2.948635975,1.396637042
2018/3/23 5:45,0,2.734331051,1.168897629
2018/3/23 6:00,0,2.477983475,0.923857311
2018/3/23 6:15,0,2.739101251,1.20298032
2018/3/23 6:30,0,3.214276711,1.579611818
2018/3/23 6:45,0.013644442,9.373160044,7.427634874
2018/3/23 7:00,0.099711115,18.00761859,15.37608528
2018/3/23 7:15,0.36499999,26.60045751,19.38471476
2018/3/23 7:30,0.716299991,33.87327004,22.95998891
2018/3/23 7:45,1.110755503,180.4979553,21.09030215
2018/3/23 8:00,1.509711067,263.2731984,30.0355657
2018/3/23 8:15,1.895744483,352.4819946,38.50128555
2018/3/23 8:30,2.250577847,423.7332967,46.08039475
2018/3/23 8:45,2.588811,486.3416443,54.67735926
2018/3/23 9:00,2.911822319,547.1068319,64.26431529
2018/3/23 9:15,3.227611144,595.0616048,67.51839193
2018/3/23 9:30,3.472411156,631.4364624,64.99079386
2018/3/23 9:45,3.726255496,684.4913126,67.82680257
2018/3/23 10:00,3.955711126,734.7435099,71.24737803
2018/3/23 10:15,4.182944616,777.7104696,75.97346497
2018/3/23 10:30,4.33625555,815.2851359,74.03578186
2018/3/23 10:45,4.494122346,854.6154989,80.77626546
2018/3/23 11:00,4.608678023,883.8052979,72.14361827
2018/3/23 11:15,4.707277457,917.5802409,70.77333578
2018/3/23 11:30,4.807799816,951.7099609,75.13478343
2018/3/23 11:45,4.889499982,984.8198649,83.43189239
2018/3/23 12:00,4.973744233,1004.409017,95.13658906
2018/3/23 12:15,5.092089017,1037.572266,111.0238317
2018/3/23 12:30,5.057955901,1019.585327,89.89698283
2018/3/23 12:45,5.088188648,1041.115845,104.3815664
2018/3/23 13:00,5.076366743,1068.542928,157.5217489
2018/3/23 13:15,5.054544449,1040.696086,119.3804397
2018/3/23 13:30,4.985099633,1010.124593,106.1300608
2018/3/23 13:45,4.897122383,979.2916056,95.86403656
2018/3/23 14:00,4.783421993,955.3447062,98.28148906
2018/3/23 14:15,4.611166795,919.8250326,87.49618022
2018/3/23 14:30,4.529422124,888.8907877,73.57430013
2018/3/23 14:45,4.373266856,845.4877523,69.19937897
2018/3/23 15:00,4.201833566,799.274231,72.56952158
2018/3/23 15:15,4.017544587,749.7273966,65.88392131
2018/3/23 15:30,3.796299855,700.3287964,64.26691437
2018/3/23 15:45,3.568033218,659.6866862,67.13410695
2018/3/23 16:00,3.319100142,613.8534546,66.48375448
2018/3/23 16:15,3.019855499,551.6158651,60.58857473
2018/3/23 16:30,2.701022228,489.1908976,56.67338816
2018/3/23 16:45,2.361444394,427.8113912,50.39257177
2018/3/23 17:00,2.001544436,368.242157,46.68080902
2018/3/23 17:15,1.609344363,298.0966288,41.16283035
2018/3/23 17:30,1.217755596,233.0369364,38.54584249
2018/3/23 17:45,0.833877782,168.7161916,33.76992925
2018/3/23 18:00,0.473933309,106.4056727,28.60754331
2018/3/23 18:15,0.197700004,38.38245392,26.85599009
2018/3/23 18:30,0.039677772,17.18729083,15.13737742
2018/3/23 18:45,-0.000555556,7.381127993,5.883707126
2018/3/23 19:00,0,4.081141631,2.645249208
2018/3/23 19:15,0,3.89599371,2.447865963
2018/3/23 19:30,0,3.057976008,1.63882494
2018/3/23 19:45,0,3.823960702,2.368003369
2018/3/23 20:00,0,3.818407933,2.313732386
2018/3/23 20:15,0,3.006360213,1.521431526
2018/3/23 20:30,0,1.671965122,0.590032657
2018/3/23 20:45,0,1.842878024,0.57937781
2018/3/23 21:00,0,2.161563198,0.766452511
2018/3/23 21:15,0,3.8486348,2.320610682
2018/3/23 21:30,0,5.165666739,3.427494526
2018/3/23 21:45,0,4.859157085,3.291114251
2018/3/23 22:00,0,3.595658303,2.089082321
2018/3/23 22:15,0,3.738619487,2.224289258
2018/3/23 22:30,0,3.318656603,1.785316586
2018/3/23 22:45,0,2.867943366,1.347692053
2018/3/23 23:00,0,3.051252206,1.52306366
2018/3/23 23:15,0,2.877180179,1.368577679
2018/3/23 23:30,0,2.76546669,1.281805396
2018/3/23 23:45,0,2.757192453,1.247386734
2018/3/24 0:00,0,2.912711779,1.365534544
2018/3/24 0:15,0,2.900267919,1.376435757
2018/3/24 0:30,0,2.601175944,1.110077918
2018/3/24 0:45,0,2.319339117,0.85282741
2018/3/24 1:00,0,2.757030884,1.221025467
2018/3/24 1:15,0,1.522022486,0.478544354
2018/3/24 1:30,0,1.917623639,0.501134286
2018/3/24 1:45,0,2.667916934,1.139883499
2018/3/24 2:00,0,3.108245134,1.557675203
2018/3/24 2:15,0,3.354310512,1.782987237
2018/3/24 2:30,0,3.119224072,1.518517772
2018/3/24 2:45,0,2.623743296,1.103545408
2018/3/24 3:00,0,2.194573323,0.733875732
2018/3/24 3:15,0,2.501616955,0.941167355
2018/3/24 3:30,0,2.14013656,0.670363665
2018/3/24 3:45,0,2.492346922,0.936221242
2018/3/24 4:00,0,2.423125824,0.823512813
2018/3/24 4:15,0,2.571294705,1.015122175
2018/3/24 4:30,0,2.491693735,0.947529236
2018/3/24 4:45,0,2.287620465,0.755857845
2018/3/24 5:00,0,2.273741126,0.793519358
2018/3/24 5:15,0,2.568297148,1.056950629
2018/3/24 5:30,0,2.505992174,0.928960144
2018/3/24 5:45,0,2.76231583,1.197303335
2018/3/24 6:00,0,2.830581745,1.272430221
2018/3/24 6:15,0,2.423175335,0.871975243
2018/3/24 6:30,0,3.802077294,2.123725931
2018/3/24 6:45,0.011733332,8.561493395,6.679361025
2018/3/24 7:00,0.102288887,14.68605868,12.68317699
2018/3/24 7:15,0.372644444,24.35970942,17.3911438
2018/3/24 7:30,0.72543335,35.52561633,19.31233343
2018/3/24 7:45,1.119611104,184.026179,17.15156492
2018/3/24 8:00,1.51982228,262.1304626,25.53093592
2018/3/24 8:15,1.912522197,354.4408468,34.28506343
2018/3/24 8:30,2.279266755,424.9819946,42.61244583
2018/3/24 8:45,2.625566642,486.2442118,49.42858378
2018/3/24 9:00,2.953844388,544.4369914,55.68219121
2018/3/24 9:15,3.25375549,591.0880534,58.58680216
2018/3/24 9:30,3.55592227,628.6040039,57.31576665
2018/3/24 9:45,3.799844662,677.2767741,57.02741496
2018/3/24 10:00,3.998944282,722.7291056,56.91100693
2018/3/24 10:15,4.2079223,762.2576701,60.71999105
2018/3/24 10:30,4.390233199,803.1565348,65.94328054
2018/3/24 10:45,4.548644384,842.3322957,66.79088592
2018/3/24 11:00,4.655344645,870.786438,61.61382166
2018/3/24 11:15,4.781155427,899.7369792,61.06908162
2018/3/24 11:30,4.841399988,933.5363973,62.68136724
2018/3/24 11:45,4.939599991,956.7147013,66.53485616
2018/3/24 12:00,4.981422106,965.1654256,66.95106252
2018/3/24 12:15,5.008111318,970.7378744,70.34940338
2018/3/24 12:30,5.016710758,981.9402872,73.31096649
2018/3/24 12:45,5.027821859,1000.567729,79.88110606
2018/3/24 13:00,4.97272253,990.9508057,85.72691345
2018/3/24 13:15,4.964555581,989.9008993,85.01183319
2018/3/24 13:30,4.895055612,963.0533244,84.9960734
2018/3/24 13:45,4.455866575,902.1671753,99.02785745
2018/3/24 14:00,4.769633452,921.3344523,101.5976206
2018/3/24 14:15,4.578000227,876.8828939,108.9026922
2018/3/24 14:30,4.025777499,775.0269775,103.2485275
2018/3/24 14:45,4.449811299,860.7484334,124.5468699
2018/3/24 15:00,4.339000066,810.5453898,113.9980647
2018/3/24 15:15,4.076400042,761.773173,104.8192622
2018/3/24 15:30,3.404111068,646.770813,95.23265075
2018/3/24 15:45,3.294944286,559.7856547,75.16064962
2018/3/24 16:00,3.340322335,591.8042603,75.77120717
2018/3/24 16:15,3.027744452,541.0019938,74.92127482
2018/3/24 16:30,2.397122304,427.8244222,62.01050186
2018/3/24 16:45,2.340388854,412.9108683,50.21205012
2018/3/24 17:00,1.958411177,351.2323303,45.10930761
2018/3/24 17:15,1.564077656,283.2382202,39.98520533
2018/3/24 17:30,1.182833274,221.7344614,37.1461614
2018/3/24 17:45,0.804666619,159.8201599,34.76516215
2018/3/24 18:00,0.457277785,99.90355684,28.83727392
2018/3/24 18:15,0.183888892,31.19964981,25.28367678
2018/3/24 18:30,0.035444442,15.64750481,13.73157883
2018/3/24 18:45,-0.000555556,6.608140469,5.176100095
2018/3/24 19:00,0,3.535805782,2.135118206
2018/3/24 19:15,0,3.343172947,1.967713118
2018/3/24 19:30,0,2.63335975,1.195030629
2018/3/24 19:45,0,3.193391721,1.81545496
2018/3/24 20:00,0,2.531757037,1.095916013
2018/3/24 20:15,0,2.748896996,1.343146602
2018/3/24 20:30,0,3.037370682,1.655182322
2018/3/24 20:45,0,3.755734921,2.302428722
2018/3/24 21:00,0,3.676809788,2.20759511
2018/3/24 21:15,0,3.708330711,2.137150129
2018/3/24 21:30,0,3.371507883,1.881151636
2018/3/24 21:45,0,2.952421983,1.504021684
2018/3/24 22:00,0,2.859672864,1.429310401
2018/3/24 22:15,0,2.530269703,1.012471398
2018/3/24 22:30,0,2.600491047,1.08989644
2018/3/24 22:45,0,2.878120502,1.414009253
2018/3/24 23:00,0,2.753754059,1.238515814
2018/3/24 23:15,0,2.886496146,1.348325729
2018/3/24 23:30,0,2.184959252,0.733612538
2018/3/24 23:45,0,2.564794779,1.060431322
2018/3/25 0:00,0,2.451292435,0.956294716
2018/3/25 0:15,0,2.805001497,1.285144806
2018/3/25 0:30,0,2.637703816,1.103619575
2018/3/25 0:45,0,2.72949942,1.21433417
2018/3/25 1:00,0,2.693578561,1.178246498
2018/3/25 1:15,0,2.140954971,0.670087318
2018/3/25 1:30,0,2.783376852,1.325258295
2018/3/25 1:45,0,2.71727093,1.21872139
2018/3/25 2:00,0,2.64599967,1.188554982
2018/3/25 2:15,0,2.592783849,1.03632458
2018/3/25 2:30,0,2.574931304,1.08901914
2018/3/25 2:45,0,2.30546236,0.78667281
2018/3/25 3:00,0,2.838032007,1.329188784
2018/3/25 3:15,0,2.575360537,1.047674298
2018/3/25 3:30,0,2.451424678,0.892619054
2018/3/25 3:45,0,2.667146126,1.189620296
2018/3/25 4:00,0,2.717065652,1.166769028
2018/3/25 4:15,0,2.712015708,1.205712278
2018/3/25 4:30,0,2.675684532,1.130960465
2018/3/25 4:45,0,2.682918548,1.148314536
2018/3/25 5:00,0,2.65061752,1.142233252
2018/3/25 5:15,0,2.299689054,0.759306888
2018/3/25 5:30,0,2.412576516,0.889737984
2018/3/25 5:45,0,2.566969712,0.989114543
2018/3/25 6:00,0,2.587815682,1.0736533
2018/3/25 6:15,0,2.510824124,1.001598954
2018/3/25 6:30,0,6.728196144,5.064457973
2018/3/25 6:45,0.024599994,11.23370028,9.261503854
2018/3/25 7:00,0.133688887,24.52755419,21.45130412
2018/3/25 7:15,0.388633331,38.83227666,29.85499064
2018/3/25 7:30,0.695600073,62.61893336,37.2533315
2018/3/25 7:45,1.070533335,174.7579956,43.54133861
2018/3/25 8:00,1.391544382,241.6650289,53.70959218
2018/3/25 8:15,1.659544468,300.0359802,60.6118749
2018/3/25 8:30,2.172988812,397.8357747,67.05286153
2018/3/25 8:45,2.542566697,470.958842,77.24630737
2018/3/25 9:00,2.826055606,526.2147319,92.23497264
2018/3/25 9:15,3.075644652,558.169047,97.12980396
2018/3/25 9:30,3.346066793,609.0992228,111.2548345
2018/3/25 9:45,3.577755451,650.2327067,117.2470321
2018/3/25 10:00,3.727311373,680.3268432,115.9055176
2018/3/25 10:15,4.008222501,735.1057536,122.1940282
2018/3/25 10:30,4.233655771,781.410258,129.2530594
2018/3/25 10:45,4.365344365,818.6606649,134.2126821
2018/3/25 11:00,4.015300036,709.3608703,126.6657461
2018/3/25 11:15,4.730488777,883.2219442,109.6472244
2018/3/25 11:30,4.849777857,945.1566366,125.8286311
2018/3/25 11:45,4.886211077,970.3081869,126.8143361
2018/3/25 12:00,4.920444489,971.7883301,121.9285024
2018/3/25 12:15,4.89071099,931.8727417,124.6263173
2018/3/25 12:30,5.031866551,982.9875081,100.9300334
2018/3/25 12:45,5.027533213,1002.850199,108.387319
2018/3/25 13:00,5.013744513,1021.511535,126.7909749
2018/3/25 13:15,4.017399708,846.2298584,139.6871262
2018/3/25 13:30,4.910188675,948.2776896,117.8739929
2018/3/25 13:45,4.733766556,928.7072143,111.3075155
2018/3/25 14:00,4.643011093,904.831665,97.46193949
2018/3/25 14:15,4.585166454,884.227478,92.0793279
2018/3/25 14:30,4.470755577,853.2103068,87.026474
2018/3/25 14:45,4.255722046,803.0211996,82.15909576
2018/3/25 15:00,4.072977543,756.9642741,84.89699555
2018/3/25 15:15,3.907644431,717.3256836,78.16212209
2018/3/25 15:30,3.718433539,675.0183309,73.47201284
2018/3/25 15:45,3.484877984,628.4050903,70.80310822
2018/3/25 16:00,3.227377891,582.2765096,68.37508901
2018/3/25 16:15,2.941677809,529.2335103,62.11703109
2018/3/25 16:30,2.632110993,469.7080383,54.94010544
2018/3/25 16:45,2.303277811,413.316925,48.85501099
2018/3/25 17:00,1.939988971,350.1345418,43.2552681
2018/3/25 17:15,1.532544494,280.6615092,39.60896683
2018/3/25 17:30,1.170699914,218.9219716,35.45292155
2018/3/25 17:45,0.787666619,156.0385183,31.36933263
2018/3/25 18:00,0.444811106,92.61037953,28.9780922
2018/3/25 18:15,0.172633335,25.61828868,22.49191348
2018/3/25 18:30,0.027522218,13.72284667,12.18264103
2018/3/25 18:45,-0.000688889,5.789631208,4.378374735
2018/3/25 19:00,0,3.447373469,2.0841103
2018/3/25 19:15,0,3.353155931,1.951478163
2018/3/25 19:30,0,3.419770479,1.963446895
2018/3/25 19:45,0,4.284605344,2.85194087
2018/3/25 20:00,0,4.320490519,2.864180724
2018/3/25 20:15,0,3.693154176,2.237155199
2018/3/25 20:30,0,3.403783242,1.891107678
2018/3/25 20:45,0,3.462256193,1.968926668
2018/3/25 21:00,0,3.240691741,1.749340892
2018/3/25 21:15,0,3.065912167,1.618803143
2018/3/25 21:30,0,2.552436988,1.06178385
2018/3/25 21:45,0,2.477684577,1.010905683
2018/3/25 22:00,0,2.5956436,1.154301127
2018/3/25 22:15,0,2.773894151,1.299146255
2018/3/25 22:30,0,2.744047324,1.255732298
2018/3/25 22:45,0,2.473988851,1.038000922
2018/3/25 23:00,0,2.855732759,1.43251439
2018/3/25 23:15,0,2.910671472,1.391479572
2018/3/25 23:30,0,2.258522193,0.794698953
2018/3/25 23:45,0,2.572695414,1.036955019
2018/3/26 0:00,0,2.671761195,1.200486223
2018/3/26 0:15,0,2.131079992,0.671976924
2018/3/26 0:30,0,2.396818002,0.884797494
2018/3/26 0:45,0,2.826203187,1.326801618
2018/3/26 1:00,0,1.33359166,0.508232037
2018/3/26 1:15,0,1.297503511,0.504149755
2018/3/26 1:30,0,1.984172741,0.656744261
2018/3/26 1:45,0,1.362580856,0.52102224
2018/3/26 2:00,0,1.555101633,0.541923583
2018/3/26 2:15,0,2.399817228,0.930550694
2018/3/26 2:30,0,2.446050326,0.970412691
2018/3/26 2:45,0,3.047604958,1.561906497
2018/3/26 3:00,0,3.430710951,1.86083595
2018/3/26 3:15,0,2.845113277,1.312728047
2018/3/26 3:30,0,2.481633504,0.989053527
2018/3/26 3:45,0,2.911314805,1.381522655
2018/3/26 4:00,0,2.489581426,0.953637938
2018/3/26 4:15,0,2.470681906,0.964517673
2018/3/26 4:30,0,2.790891409,1.309909801
2018/3/26 4:45,0,4.286431233,2.718779326
2018/3/26 5:00,0,3.410719712,1.873627067
2018/3/26 5:15,0,2.401760578,0.868137499
2018/3/26 5:30,0,2.517275095,1.042670687
2018/3/26 5:45,0,3.039709806,1.485411445
2018/3/26 6:00,0,3.261733929,1.690042456
2018/3/26 6:15,0,3.369123538,1.753127933
2018/3/26 6:30,0,4.031184832,2.444376985
2018/3/26 6:45,0.009255554,8.539482275,6.687800884
2018/3/26 7:00,0.115044444,16.24528885,13.9027516
2018/3/26 7:15,0.364411096,32.87707329,18.20713425
2018/3/26 7:30,0.704066713,55.40485891,22.18192673
2018/3/26 7:45,1.097288867,181.7137655,24.69606654
2018/3/26 8:00,1.507122278,259.3159943,35.92420578
2018/3/26 8:15,1.90536662,345.2382406,46.39209366
2018/3/26 8:30,2.282366594,410.0553182,52.89452743
2018/3/26 8:45,2.646255573,470.1942647,60.0045077
2018/3/26 9:00,2.986233155,526.6131083,64.43296305
2018/3/26 9:15,3.307177782,569.3042602,66.45416769
2018/3/26 9:30,3.579611142,610.8858643,65.23202769
2018/3/26 9:45,3.829444568,661.901123,69.03711192
2018/3/26 10:00,4.06352218,706.3361816,70.08841451
2018/3/26 10:15,4.260955493,747.3666789,75.83216349
2018/3/26 10:30,4.42797788,787.8651123,78.64223989
2018/3/26 10:45,4.596033255,826.1064046,81.08239746
2018/3/26 11:00,4.732966423,854.3892212,72.92543284
2018/3/26 11:15,4.836566925,879.8382365,71.48585765
2018/3/26 11:30,4.932733536,918.0161133,73.19817352
2018/3/26 11:45,5.017611345,944.3107096,77.51040904
2018/3/26 12:00,5.076978047,956.4055786,78.06293742
2018/3/26 12:15,5.083133539,963.7997843,80.84349823
2018/3/26 12:30,5.092777888,972.6327921,83.75800323
2018/3/26 12:45,5.092511336,982.9275106,87.16421255
2018/3/26 13:00,5.132488728,994.3720906,95.94492594
2018/3/26 13:15,5.045522054,978.4052124,90.52456919
2018/3/26 13:30,5.01556619,960.8598022,92.85936991
2018/3/26 13:45,4.933533351,938.1282349,87.39781697
2018/3/26 14:00,4.840855757,913.0255534,85.21121979
2018/3/26 14:15,4.709366639,886.4995321,84.31544749
2018/3/26 14:30,4.582944552,855.3145345,77.55975851
2018/3/26 14:45,4.41452233,813.5240275,73.84962463
2018/3/26 15:00,4.23811086,770.7880859,72.25142161
2018/3/26 15:15,4.025822163,726.8853963,69.45906067
2018/3/26 15:30,3.824344555,674.8334758,63.86448542
2018/3/26 15:45,3.563566685,632.6515707,68.13146464
2018/3/26 16:00,3.298688968,585.9895019,69.47168986
2018/3/26 16:15,3.014455716,527.8389384,62.41566467
2018/3/26 16:30,2.686899821,468.4595439,56.56310018
2018/3/26 16:45,2.339389006,409.2740987,51.48834992
2018/3/26 17:00,1.972955545,347.0750427,45.00415929
2018/3/26 17:15,1.587144415,283.9266968,41.55992254
2018/3/26 17:30,1.188355645,218.8248901,38.29090754
2018/3/26 17:45,0.797922194,155.6898092,34.11527125
2018/3/26 18:00,0.442500015,76.53013992,30.24287542
2018/3/26 18:15,0.171644452,26.7592659,22.56398709
2018/3/26 18:30,0.026277777,14.50920391,12.69404793
2018/3/26 18:45,2.22E-05,6.684873581,5.103839636
2018/3/26 19:00,0,3.652083556,2.131919305
2018/3/26 19:15,0,3.406685034,1.906481067
2018/3/26 19:30,0,3.38345178,1.831279158
2018/3/26 19:45,0,3.599151214,2.054102619
2018/3/26 20:00,0,3.241479158,1.719801386
2018/3/26 20:15,0,3.106615066,1.598011374
2018/3/26 20:30,0,3.961621284,2.35230279
2018/3/26 20:45,0,4.048975309,2.525206486
2018/3/26 21:00,0,4.039899349,2.504838308
2018/3/26 21:15,0,3.739853382,2.126747767
2018/3/26 21:30,0,3.450755437,1.844728271
2018/3/26 21:45,0,3.236908436,1.642377098
2018/3/26 22:00,0,2.629021883,1.029757957
2018/3/26 22:15,0,2.826958418,1.237901131
2018/3/26 22:30,0,2.134131431,0.649137477
2018/3/26 22:45,0,2.208933035,0.716409008
2018/3/26 23:00,0,3.342850526,1.74344182
2018/3/26 23:15,0,3.501427412,1.941358924
2018/3/26 23:30,0,3.562145074,1.914788922
2018/3/26 23:45,0,3.465708176,1.816763679
2018/3/27 0:00,0,2.811094284,1.209262292
2018/3/27 0:15,0,3.170927048,1.549390197
2018/3/27 0:30,0,3.020681779,1.425691485
2018/3/27 0:45,0,2.852691889,1.292933623
2018/3/27 1:00,0,2.834056854,1.256997943
2018/3/27 1:15,0,3.083237728,1.438455621
2018/3/27 1:30,0,2.628811598,1.05625089
2018/3/27 1:45,0,2.858492772,1.24447906
2018/3/27 2:00,0,3.198009729,1.484393318
2018/3/27 2:15,0,3.242492119,1.558582544
2018/3/27 2:30,0,2.909646352,1.300439636
2018/3/27 2:45,0,2.136405945,0.562007377
2018/3/27 3:00,0,2.723186175,1.12893343
2018/3/27 3:15,0,3.01240778,1.330356161
2018/3/27 3:30,0,2.935131788,1.316939871
2018/3/27 3:45,0,3.102088769,1.435087442
2018/3/27 4:00,0,2.747512738,1.092906813
2018/3/27 4:15,0,2.785561005,1.155186852
2018/3/27 4:30,0,3.256636461,1.551808437
2018/3/27 4:45,0,3.426431974,1.625048558
2018/3/27 5:00,0,3.10100468,1.365268986
2018/3/27 5:15,0,3.186859051,1.43871367
2018/3/27 5:30,0,2.601310492,0.97579066
2018/3/27 5:45,0,2.924323082,1.284909288
2018/3/27 6:00,0,2.989385366,1.301314433
2018/3/27 6:15,0,2.865714947,1.171298901
2018/3/27 6:30,0,3.602213144,1.824879408
2018/3/27 6:45,0.008977776,7.870179653,5.909757296
2018/3/27 7:00,0.141055564,13.4128863,11.37716802
2018/3/27 7:15,0.417388896,27.70237986,15.87969049
2018/3/27 7:30,0.79246668,66.63698958,18.0793635
2018/3/27 7:45,1.221666694,202.175354,18.19965267
2018/3/27 8:00,1.643811067,283.9087474,26.39161301
2018/3/27 8:15,2.044933279,377.0248617,35.32097689
2018/3/27 8:30,2.430488825,451.2727254,44.66169739
2018/3/27 8:45,2.7934889,517.6964925,52.17399979
2018/3/27 9:00,3.134977818,576.8221232,57.75522232
2018/3/27 9:15,3.440877914,619.1118978,58.56600444
2018/3/27 9:30,3.724477847,663.4111532,56.94083659
2018/3/27 9:45,3.972644647,715.8036702,58.37776311
2018/3/27 10:00,4.206822396,762.9185384,59.17494965
2018/3/27 10:15,4.398533503,804.2843221,61.5955925
2018/3/27 10:30,4.561944485,845.6734416,63.7294515
2018/3/27 10:45,4.704922358,885.660258,68.23238881
2018/3/27 11:00,4.83757782,914.6144206,61.45700836
2018/3/27 11:15,4.952111085,942.7397054,59.51918411
2018/3/27 11:30,5.023644606,978.1308797,59.46706645
2018/3/27 11:45,5.072878361,1003.413086,62.31218211
2018/3/27 12:00,5.10731109,1019.721293,68.21982066
2018/3/27 12:15,5.095499833,1024.424967,69.98741658
2018/3/27 12:30,5.120844364,1029.196696,71.41144816
2018/3/27 12:45,5.076455434,1037.991455,75.98712667
2018/3/27 13:00,5.121278286,1055.030192,83.85994212
2018/3/27 13:15,5.035633405,1031.051961,79.08626302
2018/3/27 13:30,4.976699829,1007.669922,82.53344218
2018/3/27 13:45,4.934566657,983.7869873,79.13434601
2018/3/27 14:00,4.824777762,957.4261474,79.4588267
2018/3/27 14:15,4.730577946,930.3283081,76.63573456
2018/3/27 14:30,4.580266794,890.9960327,68.39894104
2018/3/27 14:45,4.45894432,853.8294067,64.80712128
2018/3/27 15:00,4.272266547,807.0645752,64.03328196
2018/3/27 15:15,4.102077802,761.8414103,58.40954463
2018/3/27 15:30,3.902566433,711.6015625,58.57608287
2018/3/27 15:45,3.636544466,662.9426066,58.11795044
2018/3/27 16:00,3.355522076,614.7463786,64.65412903
2018/3/27 16:15,3.07994469,554.5521647,58.09812165
2018/3/27 16:30,2.737200022,490.8902283,54.0177002
2018/3/27 16:45,2.399055481,431.9569092,50.22900518
2018/3/27 17:00,2.038266659,368.4488729,43.43669764
2018/3/27 17:15,1.640155633,299.4851481,39.17761739
2018/3/27 17:30,1.228211045,229.6360575,35.76764552
2018/3/27 17:45,0.822888851,163.2148794,32.18718656
2018/3/27 18:00,0.453433355,68.59419505,29.85104942
2018/3/27 18:15,0.16233332,24.97484588,21.3203036
2018/3/27 18:30,0.018388885,13.71820609,12.02052053
2018/3/27 18:45,-0.000311111,7.065380732,5.545814514
2018/3/27 19:00,0,5.441167037,3.847210089
2018/3/27 19:15,0,4.440272967,2.916871786
2018/3/27 19:30,0,5.119164308,3.556920528
2018/3/27 19:45,0,4.704369863,3.050248623
2018/3/27 20:00,0,4.989495277,3.263202588
2018/3/27 20:15,0,3.838276704,2.296419621
2018/3/27 20:30,0,3.606674194,2.064905286
2018/3/27 20:45,0,3.077266852,1.507840912
2018/3/27 21:00,0,3.01464208,1.405079166
2018/3/27 21:15,0,3.376314004,1.767131051
2018/3/27 21:30,0,2.825932423,1.305697521
2018/3/27 21:45,0,2.732403278,1.219656289
2018/3/27 22:00,0,3.124232849,1.529668411
2018/3/27 22:15,0,2.822931767,1.26114889
2018/3/27 22:30,0,3.008559227,1.394586444
2018/3/27 22:45,0,2.946810245,1.373111486
2018/3/27 23:00,0,3.148763577,1.521428585
2018/3/27 23:15,0,2.69602116,1.109105269
2018/3/27 23:30,0,2.877402306,1.324396491
2018/3/27 23:45,0,3.165599823,1.526699225
2018/3/28 0:00,0,2.817037582,1.230344057
2018/3/28 0:15,0,3.015894175,1.405233184
2018/3/28 0:30,0,3.102624416,1.517345706
2018/3/28 0:45,0,3.042358637,1.404509346
2018/3/28 1:00,0,3.029360612,1.421715259
2018/3/28 1:15,0,2.071204146,0.598834048
2018/3/28 1:30,0,2.48124063,0.923222741
2018/3/28 1:45,0,2.934856653,1.318440596
2018/3/28 2:00,0,3.055228313,1.402117213
2018/3/28 2:15,0,2.975441376,1.315362732
2018/3/28 2:30,0,2.866186142,1.195503871
2018/3/28 2:45,0,3.041744709,1.368502657
2018/3/28 3:00,0,3.055339734,1.469802221
2018/3/28 3:15,0,1.858049075,0.547243068
2018/3/28 3:30,0,3.146130323,1.479085068
2018/3/28 3:45,0,3.356266022,1.707426786
2018/3/28 4:00,0,2.922873497,1.280946414
2018/3/28 4:15,0,2.787222783,1.100153327
2018/3/28 4:30,0,3.01221768,1.351776878
2018/3/28 4:45,0,2.772470395,1.131872873
2018/3/28 5:00,0,2.615421216,0.964384357
2018/3/28 5:15,0,2.773998499,1.144216895
2018/3/28 5:30,0,2.49731485,0.855585595
2018/3/28 5:45,0,2.647319158,1.016913215
2018/3/28 6:00,0,2.465141932,0.912620326
2018/3/28 6:15,0,2.341490984,0.802844882
2018/3/28 6:30,0,2.8534108,1.18010668
2018/3/28 6:45,0.00801111,7.486135006,5.598947684
2018/3/28 7:00,0.121222229,13.71057478,11.7475783
2018/3/28 7:15,0.395400017,26.34225527,14.55028121
2018/3/28 7:30,0.761855523,74.42444104,16.55050945
2018/3/28 7:45,1.168733279,189.6868388,20.16398557
2018/3/28 8:00,1.580844442,270.7003377,28.12096023
2018/3/28 8:15,1.969555616,356.2606913,36.2825292
2018/3/28 8:30,2.335022131,426.4006755,42.24365489
2018/3/28 8:45,2.679322322,491.6898702,52.3019956
2018/3/28 9:00,3.006422281,548.8669433,57.12200037
2018/3/28 9:15,3.310044368,590.4188843,58.78444163
2018/3/28 9:30,3.582522313,636.5195923,58.00633748
2018/3/28 9:45,3.826533397,687.9891154,59.81745275
2018/3/28 10:00,4.047033151,745.2268066,62.77991231
2018/3/28 10:15,4.23528862,804.8881429,64.81025569
2018/3/28 10:30,4.399944465,844.3864339,69.62638601
2018/3/28 10:45,4.546511173,880.289388,66.91544342
2018/3/28 11:00,4.67260011,913.1248983,64.02419789
2018/3/28 11:15,4.79562219,951.3648275,65.21334839
2018/3/28 11:30,4.886822065,975.0376587,66.15252431
2018/3/28 11:45,4.930066903,997.6118572,68.55794525
2018/3/28 12:00,4.944800059,1010.822306,70.28716278
2018/3/28 12:15,4.984600067,1016.623535,73.90610758
2018/3/28 12:30,4.982855638,1028.90332,77.4453481
2018/3/28 12:45,4.959722201,1034.864013,85.30887095
2018/3/28 13:00,4.960911115,1028.082194,82.84657796
2018/3/28 13:15,4.925300121,1013.665405,80.57843017
2018/3/28 13:30,4.886000156,989.9177246,79.49843852
2018/3/28 13:45,4.807621638,965.6667684,75.8920695
2018/3/28 14:00,4.719466686,941.0542399,74.58926392
2018/3/28 14:15,4.564833164,904.9622599,67.85648092
2018/3/28 14:30,4.446944872,861.2877604,62.884552
2018/3/28 14:45,4.301533222,824.5901896,65.51092784
2018/3/28 15:00,4.14028883,776.5308024,60.20546468
2018/3/28 15:15,3.985566616,731.7810872,59.42286809
2018/3/28 15:30,3.752366861,678.8938395,58.94857152
2018/3/28 15:45,3.543233474,638.1147258,64.57259877
2018/3/28 16:00,2.939244588,518.4981588,65.6679573
2018/3/28 16:15,2.966666619,519.1950073,52.91257604
2018/3/28 16:30,2.633677721,457.823232,51.87208557
2018/3/28 16:45,2.304199934,396.2463175,44.72397995
2018/3/28 17:00,1.94092226,332.578949,39.7221311
2018/3/28 17:15,1.550766667,268.2380015,39.37320328
2018/3/28 17:30,1.154511134,198.4250844,34.64521789
2018/3/28 17:45,0.761077801,131.5681737,30.651865
2018/3/28 18:00,0.416344454,44.79508463,29.16485342
2018/3/28 18:15,0.133955551,21.74211566,18.79506206
2018/3/28 18:30,0.010833333,11.37764804,9.888850687
2018/3/28 18:45,-0.0004,5.326102893,3.88786308
2018/3/28 19:00,0,3.55983901,2.20440193
2018/3/28 19:15,0,3.17350928,1.766410907
2018/3/28 19:30,0,3.033436298,1.666539192
2018/3/28 19:45,0,3.089885871,1.708654483
2018/3/28 20:00,0,3.710019747,2.32303222
2018/3/28 20:15,0,4.155962626,2.790619214
2018/3/28 20:30,0,3.935351213,2.517250458
2018/3/28 20:45,0,3.74107639,2.240380764
2018/3/28 21:00,0,3.949320396,2.510353406
2018/3/28 21:15,0,3.440333922,1.960166136
2018/3/28 21:30,0,2.990948438,1.578063925
2018/3/28 21:45,0,2.622267405,1.123236418
2018/3/28 22:00,0,2.742552439,1.281706015
2018/3/28 22:15,0,2.017931144,0.618674517
2018/3/28 22:30,0,2.195191781,0.893510143
2018/3/28 22:45,0,2.765325864,1.282925049
2018/3/28 23:00,0,3.147464116,1.691101551
2018/3/28 23:15,0,2.526839813,1.085514824
2018/3/28 23:30,0,1.994625092,0.611233612
2018/3/28 23:45,0,2.054343383,0.661805967
2018/3/29 0:00,0,3.088156938,1.556441824
2018/3/29 0:15,0,3.063334703,1.53471442
2018/3/29 0:30,0,2.910186291,1.45650204
2018/3/29 0:45,0,2.700456381,1.171273808
2018/3/29 1:00,0,3.035301049,1.550244133
2018/3/29 1:15,0,3.020966689,1.480943759
2018/3/29 1:30,0,2.456561407,0.858067632
2018/3/29 1:45,0,2.814229568,1.327927073
2018/3/29 2:00,0,2.461310864,0.960221767
2018/3/29 2:15,0,2.749318918,1.27435573
2018/3/29 2:30,0,2.785468261,1.255093177
2018/3/29 2:45,0,2.514467319,0.986391326
2018/3/29 3:00,0,2.814575672,1.313578685
2018/3/29 3:15,0,2.516114473,1.003299455
2018/3/29 3:30,0,1.879693468,0.493726979
2018/3/29 3:45,0,2.38380901,0.809490562
2018/3/29 4:00,0,2.294062773,0.754999181
2018/3/29 4:15,0,2.547630072,1.018374841
2018/3/29 4:30,0,2.86172684,1.314763288
2018/3/29 4:45,0,2.871035099,1.300836245
2018/3/29 5:00,0,2.709054072,1.111965537
2018/3/29 5:15,0,2.645434618,1.022055805
2018/3/29 5:30,0,2.591316938,1.015494446
2018/3/29 5:45,0,2.937876384,1.411709666
2018/3/29 6:00,0,2.354242166,0.830880722
2018/3/29 6:15,0,2.604106347,1.117866695
2018/3/29 6:30,0,3.508024851,1.925431569
2018/3/29 6:45,0.011655553,8.852172375,6.730185509
2018/3/29 7:00,0.131422232,22.3733921,18.54092026
2018/3/29 7:15,0.362477759,38.81068166,24.75527318
2018/3/29 7:30,0.714344442,106.833828,24.71265411
2018/3/29 7:45,1.090511123,209.0421244,27.42623774
2018/3/29 8:00,1.487211068,290.2412618,33.56005033
2018/3/29 8:15,1.860666712,371.1106669,42.32986704
2018/3/29 8:30,2.212877671,435.3156433,51.84874217
2018/3/29 8:45,2.534089009,493.1787109,64.13489278
2018/3/29 9:00,2.849922339,546.5627238,69.67361959
2018/3/29 9:15,3.148055315,585.2072957,69.79886118
2018/3/29 9:30,3.416033506,635.9261068,70.19831085
2018/3/29 9:45,3.688678106,689.5809123,72.86364746
2018/3/29 10:00,3.915100018,734.3658854,74.36840057
2018/3/29 10:15,4.084833463,778.6571655,81.88535055
2018/3/29 10:30,4.257511139,813.7691854,85.52687073
2018/3/29 10:45,4.384177526,845.8739217,86.01813507
2018/3/29 11:00,4.520633539,877.2295125,79.51886749
2018/3/29 11:15,4.632500172,917.3039347,78.93508911
2018/3/29 11:30,4.748455365,943.1326904,82.44960785
2018/3/29 11:45,4.783055782,958.2531128,84.98962403
2018/3/29 12:00,4.856489181,974.0786336,93.27693685
2018/3/29 12:15,5.027311007,1016.46759,129.891922
2018/3/29 12:30,5.222366492,1098.849731,217.9343414
2018/3/29 12:45,4.898344358,1030.709025,141.4412715
2018/3/29 13:00,4.818144321,994.8528239,104.9999593
2018/3/29 13:15,4.751255036,966.9668783,98.49910736
2018/3/29 13:30,4.720199585,945.410787,97.60988108
2018/3/29 13:45,4.609722138,922.7994588,91.74044291
2018/3/29 14:00,4.549922149,896.0417277,91.17548879
2018/3/29 14:15,4.418355306,860.7615764,80.92350006
2018/3/29 14:30,4.311066786,821.6691488,82.3382314
2018/3/29 14:45,4.125088692,775.9105225,76.86458079
2018/3/29 15:00,3.969355424,735.2926229,71.2485911
2018/3/29 15:15,3.812499762,691.2244466,71.17711385
2018/3/29 15:30,3.613778035,643.2832642,70.03351593
2018/3/29 15:45,3.306389014,604.9725342,75.63103231
2018/3/29 16:00,3.009855668,545.1968587,78.63753255
2018/3/29 16:15,2.869666815,501.7157593,82.47125753
2018/3/29 16:30,2.573688984,417.5787964,73.96673075
2018/3/29 16:45,2.206033309,381.4938253,60.58045196
2018/3/29 17:00,1.804844539,308.8469747,50.25011698
2018/3/29 17:15,1.429077864,243.3975118,43.11513265
2018/3/29 17:30,1.05246669,178.7832387,38.17053731
2018/3/29 17:45,0.702499986,112.8975271,33.88065211
2018/3/29 18:00,0.376388868,34.86022059,30.33623632
2018/3/29 18:15,0.131088883,21.81249428,19.25705147
2018/3/29 18:30,0.013244442,11.90149148,10.29246903
2018/3/29 18:45,-0.000155556,4.966995875,3.596713781
2018/3/29 19:00,0,3.331640164,2.019981861
2018/3/29 19:15,0,2.904616594,1.580684304
2018/3/29 19:30,0,2.79544878,1.46518151
2018/3/29 19:45,0,2.929321528,1.548986515
2018/3/29 20:00,0,3.167148749,1.756658713
2018/3/29 20:15,0,2.80939587,1.418840448
2018/3/29 20:30,0,2.770217578,1.410600305
2018/3/29 20:45,0,2.177138408,0.822251836
2018/3/29 21:00,0,2.041194598,0.682385822
2018/3/29 21:15,0,2.932127396,1.503468792
2018/3/29 21:30,0,3.596805573,2.203019698
2018/3/29 21:45,0,3.95726045,2.548689207
2018/3/29 22:00,0,4.946938038,3.35008502
2018/3/29 22:15,0,3.934227387,2.439076583
2018/3/29 22:30,0,3.377544165,1.925365051
2018/3/29 22:45,0,2.887462139,1.368577957
2018/3/29 23:00,0,2.339847008,0.966336449
2018/3/29 23:15,0,3.076844851,1.615333955
2018/3/29 23:30,0,3.14191548,1.690740426
2018/3/29 23:45,0,2.724415382,1.220498264
2018/3/30 0:00,0,3.107785781,1.614008983
2018/3/30 0:15,0,2.908338308,1.387312412
2018/3/30 0:30,0,2.739985784,1.309995095
2018/3/30 0:45,0,2.907244841,1.470329563
2018/3/30 1:00,0,3.075575749,1.563092152
2018/3/30 1:15,0,2.818374634,1.276564161
2018/3/30 1:30,0,2.892076493,1.399109046
2018/3/30 1:45,0,2.914324045,1.376295726
2018/3/30 2:00,0,2.872478406,1.367799362
2018/3/30 2:15,0,2.974788189,1.449528257
2018/3/30 2:30,0,2.567775726,1.062110206
2018/3/30 2:45,0,2.735313654,1.221445004
2018/3/30 3:00,0,2.71270601,1.145837684
2018/3/30 3:15,0,3.014087995,1.467088024
2018/3/30 3:30,0,2.870347023,1.308096051
2018/3/30 3:45,0,2.638029098,1.105537733
2018/3/30 4:00,0,2.915561358,1.347538352
2018/3/30 4:15,0,2.759083668,1.240112265
2018/3/30 4:30,0,2.693282445,1.223000328
2018/3/30 4:45,0,2.586395343,1.065239668
2018/3/30 5:00,0,2.823683739,1.322557608
2018/3/30 5:15,0,2.891473373,1.307649454
2018/3/30 5:30,0,2.775938829,1.223228693
2018/3/30 5:45,0,2.494557142,0.980598509
2018/3/30 6:00,0,2.817480644,1.236776591
2018/3/30 6:15,0,2.212855975,0.714589357
2018/3/30 6:30,0,2.516032696,1.046549747
2018/3/30 6:45,0.013333332,10.77158213,8.706706682
2018/3/30 7:00,0.144822218,26.15573946,21.78583082
2018/3/30 7:15,0.386422237,46.02856827,23.00660197
2018/3/30 7:30,0.743944446,103.5575739,21.32859993
2018/3/30 7:45,1.124477824,211.4658966,24.10255686
2018/3/30 8:00,1.518988887,297.1371257,32.72767703
2018/3/30 8:15,1.919966618,382.3259888,42.3547643
2018/3/30 8:30,2.300589005,451.1879679,50.21029663
2018/3/30 8:45,2.657133261,509.8262228,54.80591583
2018/3/30 9:00,2.983155568,565.8925374,58.76266607
2018/3/30 9:15,3.283611377,603.7927653,59.138635
2018/3/30 9:30,3.556833347,658.3167725,60.40325038
2018/3/30 9:45,3.792333206,705.1654053,59.7339948
2018/3/30 10:00,4.029477755,751.9393717,62.09763591
2018/3/30 10:15,4.20203352,792.7446899,63.12706121
2018/3/30 10:30,4.366089344,836.3841553,68.85711415
2018/3/30 10:45,4.509355704,868.8611654,65.0040067
2018/3/30 11:00,4.640777747,900.0204265,62.54481506
2018/3/30 11:15,4.719322045,941.1829223,63.23537191
2018/3/30 11:30,4.822488785,970.0829061,66.79457347
2018/3/30 11:45,4.870121956,990.7972819,68.33420308
2018/3/30 12:00,4.909910997,1003.679871,70.18799083
2018/3/30 12:15,4.962644577,1008.851746,71.42796326
2018/3/30 12:30,4.977310975,1014.185771,74.9778773
2018/3/30 12:45,4.979067008,1020.578288,82.42277273
2018/3/30 13:00,4.959566593,1016.480326,82.73565674
2018/3/30 13:15,4.883577823,1002.07133,78.87130738
2018/3/30 13:30,4.847666741,981.9550171,80.12989299
2018/3/30 13:45,4.80498902,957.5494181,78.00772858
2018/3/30 14:00,4.684366226,927.9194946,74.97270711
2018/3/30 14:15,4.566188654,893.1680908,70.49698131
2018/3/30 14:30,4.458589077,855.1583252,63.85385768
2018/3/30 14:45,4.277789275,810.810262,61.08752696
2018/3/30 15:00,4.098499775,761.3083293,60.10159556
2018/3/30 15:15,3.913088958,711.9385986,57.83469137
2018/3/30 15:30,3.711855571,665.0184123,57.78575007
2018/3/30 15:45,3.466233174,617.2854818,58.3395017
2018/3/30 16:00,3.198188782,566.8677775,60.57702764
2018/3/30 16:15,2.89455541,505.9504089,54.96052424
2018/3/30 16:30,2.582366625,446.3294169,50.7679952
2018/3/30 16:45,2.249733368,385.1793823,45.35069402
2018/3/30 17:00,1.890822251,321.7084249,41.65950903
2018/3/30 17:15,1.499622226,253.7616526,37.53485107
2018/3/30 17:30,1.104544481,186.1846364,33.79606755
2018/3/30 17:45,0.715988875,104.2211024,32.26758003
2018/3/30 18:00,0.379177759,28.95058886,26.38153585
2018/3/30 18:15,0.12427778,19.01355807,16.94761022
2018/3/30 18:30,0.008699999,10.81794199,9.281784057
2018/3/30 18:45,-0.000111111,4.870866617,3.435806195
2018/3/30 19:00,0,3.630817652,2.226997852
2018/3/30 19:15,0,2.487226248,1.078435222
2018/3/30 19:30,0,3.554866791,2.100500425
2018/3/30 19:45,0,3.034282684,1.652735074
2018/3/30 20:00,0,2.73175629,1.328054667
2018/3/30 20:15,0,2.343776743,0.990046382
2018/3/30 20:30,0,3.158094645,1.757721305
2018/3/30 20:45,0,4.219897906,2.805568139
2018/3/30 21:00,0,5.269384702,3.638773998
2018/3/30 21:15,0,4.345079581,2.834967216
2018/3/30 21:30,0,3.461463452,1.992119272
2018/3/30 21:45,0,2.740120093,1.24383841
2018/3/30 22:00,0,2.534583092,1.050509095
2018/3/30 22:15,0,3.369041443,1.844877958
2018/3/30 22:30,0,3.268022696,1.729285439
2018/3/30 22:45,0,3.052563985,1.509548068
2018/3/30 23:00,0,3.184580803,1.592665553
2018/3/30 23:15,0,2.758477847,1.216179093
2018/3/30 23:30,0,2.630898714,1.109314203
2018/3/30 23:45,0,2.125592589,0.648508887
2018/3/31 0:00,0,2.561681827,1.049687882
2018/3/31 0:15,0,3.023349047,1.490249514
2018/3/31 0:30,0,2.851428429,1.279934804
2018/3/31 0:45,0,2.56722331,1.088202337
2018/3/31 1:00,0,2.920724313,1.416885853
2018/3/31 1:15,0,3.034944216,1.473269622
2018/3/31 1:30,0,2.72056222,1.202627659
2018/3/31 1:45,0,2.786036889,1.245268742
2018/3/31 2:00,0,2.814057827,1.250577609
2018/3/31 2:15,0,2.313637813,0.76286312
2018/3/31 2:30,0,2.60504055,1.097140392
2018/3/31 2:45,0,3.018587192,1.42854468
2018/3/31 3:00,0,2.801850557,1.266887704
2018/3/31 3:15,0,2.553720236,0.981831968
2018/3/31 3:30,0,2.628674348,1.001626035
2018/3/31 3:45,0,3.0205338,1.40967083
2018/3/31 4:00,0,3.085972945,1.476029515
2018/3/31 4:15,0,2.83848842,1.25372076
2018/3/31 4:30,0,2.475304763,0.997386793
2018/3/31 4:45,0,2.892360687,1.300319712
2018/3/31 5:00,0,3.205228249,1.597256621
2018/3/31 5:15,0,2.807427088,1.269339363
2018/3/31 5:30,0,2.58622853,1.003142079
2018/3/31 5:45,0,2.864874442,1.30347387
2018/3/31 6:00,0,2.144620617,0.711117486
2018/3/31 6:15,0,2.618862788,1.067466537
2018/3/31 6:30,0,3.721486489,2.094293038
2018/3/31 6:45,0.006277777,8.375153065,6.471093178
2018/3/31 7:00,0.091222224,15.64130561,13.01826414
2018/3/31 7:15,0.325788895,28.84366862,17.8048083
2018/3/31 7:30,0.753522178,98.34887185,19.81729062
2018/3/31 7:45,1.170022289,216.5645752,24.28025754
2018/3/31 8:00,1.568944375,305.046346,33.67801348
2018/3/31 8:15,1.942511121,385.8182271,41.77684275
2018/3/31 8:30,2.307466825,452.7801107,47.33950297
2018/3/31 8:45,2.647255421,512.306132,53.44921875
2018/3/31 9:00,2.954233408,567.1767171,57.88466899
2018/3/31 9:15,3.266989072,607.8782552,63.47742335
2018/3/31 9:30,3.562344472,658.7243652,64.66478729
2018/3/31 9:45,3.845344623,722.6875814,78.33800507
2018/3/31 10:00,3.809322198,725.8964437,88.92505391
2018/3/31 10:15,4.156277816,793.8582967,70.66440328
2018/3/31 10:30,4.318800131,834.8778483,73.65988668
2018/3/31 10:45,4.467955748,868.9281413,70.90871175
2018/3/31 11:00,4.586699645,898.6412557,67.61967722
2018/3/31 11:15,4.674277624,934.6190593,70.40484365
2018/3/31 11:30,4.765833378,962.8088176,70.76450856
2018/3/31 11:45,4.798722108,969.5446574,76.06816355
2018/3/31 12:00,4.927666664,1006.187357,86.7231369
2018/3/31 12:15,4.904399872,1005.488363,82.01027171
2018/3/31 12:30,4.935799758,1014.061869,80.58133952
2018/3/31 12:45,4.906677882,1018.031229,86.37067413
2018/3/31 13:00,4.885666688,1016.378275,88.16563416
2018/3/31 13:15,4.86482207,1003.548503,83.7787323
2018/3/31 13:30,4.788988431,978.3068238,81.068367
2018/3/31 13:45,4.693188826,948.9028524,79.8355662
2018/3/31 14:00,4.605144342,927.5997518,82.3189977
2018/3/31 14:15,4.488655567,895.2571411,82.45562744
2018/3/31 14:30,4.426610947,869.6559855,113.2590764
2018/3/31 14:45,4.293455283,844.7753906,96.51156107
2018/3/31 15:00,4.074322382,796.7976685,135.7212474
2018/3/31 15:15,3.427011013,657.7022502,268.4756419
2018/3/31 15:30,3.356822014,619.8546346,266.398234
2018/3/31 15:45,2.692922075,530.1930847,239.1056976
2018/3/31 16:00,2.707499981,462.4602152,202.5076752
2018/3/31 16:15,2.609900157,484.6684367,194.7543182
2018/3/31 16:30,1.639155547,321.2976481,188.79422
2018/3/31 16:45,1.29279995,231.0629171,143.7311961
2018/3/31 17:00,0.740833342,157.5515594,129.711848
2018/3/31 17:15,0.600511114,117.8459066,92.99832155
2018/3/31 17:30,0.967044413,162.4494349,94.54953766
2018/3/31 17:45,0.661044429,120.6102982,89.92499542
2018/3/31 18:00,0.530899991,73.21585846,65.38476817
2018/3/31 18:15,0.195544439,40.8845094,37.23043442
2018/3/31 18:30,0.015244441,14.80004057,12.91695372
2018/3/31 18:45,-0.000311111,6.298832734,4.800744057
2018/3/31 19:00,0,5.267808438,3.753223657
2018/3/31 19:15,0,5.740675926,4.174303293
2018/3/31 19:30,0,4.674202601,3.221506516
2018/3/31 19:45,0,4.010471264,2.581171592
2018/3/31 20:00,0,4.050780535,2.613921006
2018/3/31 20:15,0,3.282072147,1.872394562
2018/3/31 20:30,0,3.502301772,2.058284759
2018/3/31 20:45,0,2.635470629,1.202391088
2018/3/31 21:00,0,2.877437433,1.352768699
2018/3/31 21:15,0,2.297989448,0.926299433
2018/3/31 21:30,0,2.440199772,1.035308937
2018/3/31 21:45,0,2.759242217,1.310876787
2018/3/31 22:00,0,2.288290262,0.839672009
2018/3/31 22:15,0,2.486652692,1.053139309
2018/3/31 22:30,0,2.703087648,1.27506276
2018/3/31 22:45,0,2.825641076,1.346842209
2018/3/31 23:00,0,2.85880963,1.340678096
2018/3/31 23:15,0,2.81444931,1.277982851
2018/3/31 23:30,0,2.991306067,1.513746023
2018/3/31 23:45,0,2.777440389,1.261792103
2018/4/1 0:00,0,3.166188001,1.614344676
2018/4/1 0:15,0,2.785556793,1.296773036
2018/4/1 0:30,0,2.693013986,1.229673028
2018/4/1 0:45,0,2.683603287,1.212792993
2018/4/1 1:00,0,2.6865774,1.115754445
2018/4/1 1:15,0,2.786034902,1.239626566
2018/4/1 1:30,0,3.07460014,1.524080873
2018/4/1 1:45,0,2.882603963,1.356891116
2018/4/1 2:00,0,2.841452122,1.293302933
2018/4/1 2:15,0,2.75117596,1.196533879
2018/4/1 2:30,0,2.372352044,0.807085852
2018/4/1 2:45,0,2.617334048,1.047976255
2018/4/1 3:00,0,2.762536288,1.244009694
2018/4/1 3:15,0,2.683823506,1.086995403
2018/4/1 3:30,0,2.613329808,1.068701426
2018/4/1 3:45,0,2.618985573,1.063114742
2018/4/1 4:00,0,2.788655599,1.204615831
2018/4/1 4:15,0,2.803917567,1.239403764
2018/4/1 4:30,0,2.680264552,1.081404825
2018/4/1 4:45,0,2.261426767,0.713803738
2018/4/1 5:00,0,2.211044312,0.734254231
2018/4/1 5:15,0,3.177233299,1.590247194
2018/4/1 5:30,0,3.418235064,1.685637832
2018/4/1 5:45,0,2.854340394,1.297287345
2018/4/1 6:00,0,2.907897075,1.350968957
2018/4/1 6:15,0,2.789928595,1.207509279
2018/4/1 6:30,0,3.32755216,1.741664191
2018/4/1 6:45,0.004499999,7.128274918,5.366734982
2018/4/1 7:00,0.083699999,14.88058789,12.33223121
2018/4/1 7:15,0.285000016,31.69609578,17.06489309
2018/4/1 7:30,0.729922235,110.1311467,17.79102134
2018/4/1 7:45,1.116644442,208.8893636,22.38305219
2018/4/1 8:00,1.526255488,296.5414327,29.46624247
2018/4/1 8:15,1.904788891,374.3314819,38.00293859
2018/4/1 8:30,2.261777878,442.3430583,44.52901459
2018/4/1 8:45,2.59244442,501.6307678,51.49637858
2018/4/1 9:00,2.894733429,559.420105,57.72138087
2018/4/1 9:15,3.192022244,598.1480509,59.97616068
2018/4/1 9:30,3.462544203,650.423584,62.57969666
2018/4/1 9:45,3.707911332,698.1798299,60.69344711
2018/4/1 10:00,3.934400002,743.8869222,65.49474716
2018/4/1 10:15,4.115900199,781.6243897,65.80224864
2018/4/1 10:30,4.293044726,824.7502238,70.71348826
2018/4/1 10:45,4.434422652,858.6341553,68.47451909
2018/4/1 11:00,4.541233539,885.1032308,63.57747268
2018/4/1 11:15,4.614133358,919.7247314,65.03464508
2018/4/1 11:30,4.675855637,947.1150309,65.88483938
2018/4/1 11:45,4.720744451,970.532491,69.47673543
2018/4/1 12:00,4.765777906,984.2234294,72.59457906
2018/4/1 12:15,4.808677832,993.0434367,76.37147776
2018/4/1 12:30,4.804233233,994.9628703,75.23574829
2018/4/1 12:45,4.835766792,1004.292826,82.97643789
2018/4/1 13:00,4.81646665,1001.035929,84.06814321
2018/4/1 13:15,4.761777878,986.7482707,82.26206716
2018/4/1 13:30,4.68005546,965.7433879,82.23724874
2018/4/1 13:45,4.673433304,937.9298909,77.00616709
2018/4/1 14:00,4.576944351,915.446167,78.75261943
2018/4/1 14:15,4.498767058,880.4991252,77.09235382
2018/4/1 14:30,4.339811166,841.3209228,66.79944865
2018/4/1 14:45,4.209667047,799.0610962,63.83886083
2018/4/1 15:00,4.065311034,751.6424764,61.8244222
2018/4/1 15:15,3.857300122,704.4961954,60.22566986
2018/4/1 15:30,3.656366746,656.8193156,54.76168442
2018/4/1 15:45,3.408244451,614.8068848,56.47879156
2018/4/1 16:00,3.154666742,562.3863729,57.59116872
2018/4/1 16:15,2.872733355,504.1430766,53.96568807
2018/4/1 16:30,2.561877648,444.9057515,51.45909882
2018/4/1 16:45,2.220744451,383.1878662,45.66992442
2018/4/1 17:00,1.851744493,317.2072042,40.95278549
2018/4/1 17:15,1.473144452,250.5994618,38.27079137
2018/4/1 17:30,1.080111106,181.6859385,33.52907308
2018/4/1 17:45,0.698266665,82.30144755,33.44364675
2018/4/1 18:00,0.36145555,26.72667948,24.30438423
2018/4/1 18:15,0.104433336,17.87905439,16.08706824
2018/4/1 18:30,0.005666666,9.636196295,8.19220384
2018/4/1 18:45,0,5.311059952,3.876645326
2018/4/1 19:00,0,4.544018428,3.111365
2018/4/1 19:15,0,4.20240736,2.891539892
2018/4/1 19:30,0,4.319089572,2.849245071
2018/4/1 19:45,0,5.070010503,3.520027955
2018/4/1 20:00,0,4.520231565,3.04169186
2018/4/1 20:15,0,4.49032863,2.962709824
2018/4/1 20:30,0,3.817215681,2.303865194
2018/4/1 20:45,0,3.599799871,2.093533238
2018/4/1 21:00,0,2.943526427,1.458952983
2018/4/1 21:15,0,3.341922919,1.809263428
2018/4/1 21:30,0,3.058591525,1.568296949
2018/4/1 21:45,0,2.775475105,1.275546153
2018/4/1 22:00,0,2.843476216,1.31727763
2018/4/1 22:15,0,2.786204259,1.272978902
2018/4/1 22:30,0,2.579625766,1.083254894
2018/4/1 22:45,0,2.454329888,0.940330645
2018/4/1 23:00,0,2.788593372,1.25326548
2018/4/1 23:15,0,2.429486354,0.941517612
2018/4/1 23:30,0,2.694674095,1.143238823
2018/4/1 23:45,0,2.789327304,1.260556539
2018/4/2 0:00,0,3.140923659,1.599922061
2018/4/2 0:15,0,2.829335372,1.351923506
2018/4/2 0:30,0,2.536204417,1.025139292
2018/4/2 0:45,0,2.630049308,1.116361698
2018/4/2 1:00,0,2.725635131,1.17546459
2018/4/2 1:15,0,2.811592499,1.288684567
2018/4/2 1:30,0,2.871202866,1.330027024
2018/4/2 1:45,0,2.980670373,1.423878153
2018/4/2 2:00,0,2.739607095,1.156593045
2018/4/2 2:15,0,2.715087255,1.147800704
2018/4/2 2:30,0,2.688064257,1.083546599
2018/4/2 2:45,0,2.654645364,1.12424008
2018/4/2 3:00,0,2.569583575,1.038144986
2018/4/2 3:15,0,2.467015028,0.947895169
2018/4/2 3:30,0,2.760743459,1.196380099
2018/4/2 3:45,0,2.530008713,0.995747983
2018/4/2 4:00,0,2.560691674,1.02526619
2018/4/2 4:15,0,2.532898824,0.971352299
2018/4/2 4:30,0,2.539867163,1.018713772
2018/4/2 4:45,0,2.931246281,1.357774337
2018/4/2 5:00,0,2.600270192,1.057083706
2018/4/2 5:15,0,2.392066956,0.812900384
2018/4/2 5:30,0,2.895430485,1.348207037
2018/4/2 5:45,0,2.807535887,1.274874846
2018/4/2 6:00,0,2.316636602,0.778564195
2018/4/2 6:15,0,2.233230591,0.688764095
2018/4/2 6:30,0,3.950100978,2.31845661
2018/4/2 6:45,0.005855555,8.22924296,6.460003694
2018/4/2 7:00,0.087299991,16.030152,13.72949123
2018/4/2 7:15,0.271088888,41.48602994,17.15143076
2018/4/2 7:30,0.737322171,133.603007,18.97920799
2018/4/2 7:45,1.143488924,213.4576772,24.30850856
2018/4/2 8:00,1.541011056,299.6580811,31.786431
2018/4/2 8:15,1.919977824,373.1542663,41.3956693
2018/4/2 8:30,2.26609985,441.202474,45.99357605
2018/4/2 8:45,2.596822421,499.1447652,51.56932704
2018/4/2 9:00,2.903988759,556.8410441,55.7256101
2018/4/2 9:15,3.201411088,595.4467163,60.34142176
2018/4/2 9:30,3.489033302,647.5333659,62.68113327
2018/4/2 9:45,3.723522027,697.1636556,62.14105479
2018/4/2 10:00,3.971955776,744.300293,67.11369324
2018/4/2 10:15,4.144677798,784.1621908,69.43692016
2018/4/2 10:30,4.297221978,822.2224528,71.38841248
2018/4/2 10:45,4.46537749,858.5411173,71.21606954
2018/4/2 11:00,4.601744175,884.8596395,66.99010976
2018/4/2 11:15,4.714944681,918.8093262,68.30035146
2018/4/2 11:30,4.819033305,945.3325806,70.01664479
2018/4/2 11:45,4.877322356,963.7738648,74.46177928
2018/4/2 12:00,4.934411367,982.0299479,78.7678121
2018/4/2 12:15,5.001766841,991.5644938,79.66735331
2018/4/2 12:30,4.970033646,993.2695923,79.045283
2018/4/2 12:45,5.011277993,1006.677755,86.91808065
2018/4/2 13:00,5.000366688,1002.106445,90.08200836
2018/4/2 13:15,4.973800183,991.3227743,85.84296417
2018/4/2 13:30,4.87016662,967.8566691,83.70727539
2018/4/2 13:45,4.812277794,944.8893433,82.5657018
2018/4/2 14:00,4.728833357,915.5306803,81.70699819
2018/4/2 14:15,4.584177653,877.4277344,74.52642822
2018/4/2 14:30,4.464055697,844.6828206,71.10157267
2018/4/2 14:45,4.319411119,799.9322917,68.492335
2018/4/2 15:00,4.119277636,749.416565,65.98008982
2018/4/2 15:15,3.928866704,698.5882365,63.16961416
2018/4/2 15:30,3.710477749,649.0473633,60.56207275
2018/4/2 15:45,3.443788926,604.4093018,61.19872538
2018/4/2 16:00,3.188655456,553.6241048,62.67651367
2018/4/2 16:15,2.882099867,495.3381246,59.67716726
2018/4/2 16:30,2.54943339,433.6201172,55.19284948
2018/4/2 16:45,2.210311095,372.2430216,47.48804092
2018/4/2 17:00,1.847211123,309.2286987,43.65825017
2018/4/2 17:15,1.462122242,242.2313537,38.25050481
2018/4/2 17:30,1.069511115,175.2574463,34.12162781
2018/4/2 17:45,0.68425558,70.59884261,33.9695886
2018/4/2 18:00,0.351577759,26.8950119,23.83021228
2018/4/2 18:15,0.09367778,17.37034798,15.62488969
2018/4/2 18:30,0.005022222,8.99254052,7.450139681
2018/4/2 18:45,0,3.959451437,2.520831188
2018/4/2 19:00,0,3.219715198,1.825574517
2018/4/2 19:15,0,3.154894114,1.814762711
2018/4/2 19:30,0,2.903679291,1.528131326
2018/4/2 19:45,0,3.022196849,1.630274018
2018/4/2 20:00,0,3.507482449,2.068586389
2018/4/2 20:15,0,2.897380988,1.516376655
2018/4/2 20:30,0,2.829948028,1.451708396
2018/4/2 20:45,0,2.737006585,1.322477142
2018/4/2 21:00,0,2.42797788,0.968586207
2018/4/2 21:15,0,3.335341135,1.892377615
2018/4/2 21:30,0,4.041023413,2.568680366
2018/4/2 21:45,0,3.18852663,1.7771734
2018/4/2 22:00,0,3.686548631,2.172345718
2018/4/2 22:15,0,2.659969648,1.237470766
2018/4/2 22:30,0,3.542189678,2.077660441
2018/4/2 22:45,0,4.5643905,3.003079891
2018/4/2 23:00,0,4.052439054,2.524097761
2018/4/2 23:15,0,2.390918414,0.965272824
2018/4/2 23:30,0,2.534962098,1.050002138
2018/4/2 23:45,0,2.161419392,0.717358371
2018/4/3 0:00,0,2.054200014,0.642967949
2018/4/3 0:15,0,3.246592681,1.730447014
2018/4/3 0:30,0,3.165439129,1.558712602
2018/4/3 0:45,0,3.110367616,1.615448793
2018/4/3 1:00,0,3.090833982,1.546686371
2018/4/3 1:15,0,2.752674103,1.225050807
2018/4/3 1:30,0,2.582670132,0.978214681
2018/4/3 1:45,0,2.875492891,1.361221989
2018/4/3 2:00,0,2.726238171,1.199532986
2018/4/3 2:15,0,2.679104328,1.128820181
2018/4/3 2:30,0,2.857495944,1.293169538
2018/4/3 2:45,0,3.169160446,1.566474001
2018/4/3 3:00,0,2.13272051,0.669136127
2018/4/3 3:15,0,1.975586295,0.553634763
2018/4/3 3:30,0,2.832836231,1.234380663
2018/4/3 3:45,0,2.925880512,1.369225383
2018/4/3 4:00,0,2.862793366,1.281916261
2018/4/3 4:15,0,2.394114971,0.877107541
2018/4/3 4:30,0,2.585658312,1.039105495
2018/4/3 4:45,0,2.778031588,1.227962216
2018/4/3 5:00,0,3.03303655,1.432249745
2018/4/3 5:15,0,2.805517117,1.256848713
2018/4/3 5:30,0,2.31620121,0.73684897
2018/4/3 5:45,0,2.907459816,1.324164907
2018/4/3 6:00,0,2.864504735,1.303855419
2018/4/3 6:15,0,2.724865039,1.140733043
2018/4/3 6:30,0,3.240151723,1.587335348
2018/4/3 6:45,0.003922222,6.983121236,5.290023327
2018/4/3 7:00,0.073577768,14.42190997,12.06623364
2018/4/3 7:15,0.227133346,53.46011226,16.17470646
2018/4/3 7:30,0.720200002,140.9237162,19.55319977
2018/4/3 7:45,1.152777751,219.9396311,26.08504995
2018/4/3 8:00,1.558677793,307.107432,35.73838298
2018/4/3 8:15,1.960800131,383.2286784,43.07339096
2018/4/3 8:30,2.341044426,452.5245666,49.23928197
2018/4/3 8:45,2.695799907,510.2698263,54.84478505
2018/4/3 9:00,3.027433395,563.5756632,57.2451973
2018/4/3 9:15,3.344477733,603.6062419,58.87398529
2018/4/3 9:30,3.630744298,656.1887818,58.83108775
2018/4/3 9:45,3.892022133,708.5814209,60.5469106
2018/4/3 10:00,4.109210809,755.6385295,63.83105977
2018/4/3 10:15,4.299077829,792.3687541,65.98581441
2018/4/3 10:30,4.501488844,837.3878581,72.86508179
2018/4/3 10:45,4.634755453,871.0747477,69.36518606
2018/4/3 11:00,4.778733412,895.8504232,62.72467168
2018/4/3 11:15,4.902833144,928.5125936,66.2301356
2018/4/3 11:30,4.982967059,958.9335124,66.58096822
2018/4/3 11:45,5.018988451,984.1758219,71.0643514
2018/4/3 12:00,5.041433016,999.3385212,73.5702184
2018/4/3 12:15,5.093788942,1005.57725,73.3903478
2018/4/3 12:30,5.130811214,1009.646383,75.55171458
2018/4/3 12:45,5.097423077,1015.246867,80.38591766
2018/4/3 13:00,5.054533481,1012.538249,85.05756633
2018/4/3 13:15,5.033100128,1003.942627,82.60261027
2018/4/3 13:30,4.978599866,976.7166748,79.30126699
2018/4/3 13:45,4.880588691,957.173584,77.447848
2018/4/3 14:00,4.76465559,927.5530802,74.56871542
2018/4/3 14:15,4.653011004,886.8206584,71.96073405
2018/4/3 14:30,4.535911401,852.0588582,64.54850388
2018/4/3 14:45,4.350422382,814.2588501,63.48874156
2018/4/3 15:00,4.197988669,767.0091553,59.25332006
2018/4/3 15:15,3.984188875,716.4809163,55.08181763
2018/4/3 15:30,3.759100119,664.237915,54.20328776
2018/4/3 15:45,3.505488952,617.6549479,55.20704778
2018/4/3 16:00,3.238588969,563.4877726,57.75605774
2018/4/3 16:15,2.93047746,505.6259664,56.33595403
2018/4/3 16:30,2.58484451,440.1509501,51.37044271
2018/4/3 16:45,2.242344459,379.0578613,46.17476273
2018/4/3 17:00,1.872844378,313.589915,42.84463628
2018/4/3 17:15,1.481988867,245.3840484,38.13366572
2018/4/3 17:30,1.074566682,169.3163096,34.81626129
2018/4/3 17:45,0.681155582,46.97785568,33.46746317
2018/4/3 18:00,0.341944446,26.79937871,22.19181124
2018/4/3 18:15,0.080222217,17.50120862,15.43291187
2018/4/3 18:30,0.004066656,8.596393426,7.086920103
2018/4/3 18:45,0,4.866775672,3.350208362
2018/4/3 19:00,0,3.625041087,2.174843033
2018/4/3 19:15,0,3.944826921,2.477733056
2018/4/3 19:30,0,3.509627898,1.994654814
2018/4/3 19:45,0,4.548113028,3.100837072
2018/4/3 20:00,0,3.92476964,2.416582306
2018/4/3 20:15,0,3.939237197,2.434527636
2018/4/3 20:30,0,3.783923308,2.292521238
2018/4/3 20:45,0,3.59558479,2.048845609
2018/4/3 21:00,0,3.245952924,1.664984186
2018/4/3 21:15,0,2.977456093,1.45601205
2018/4/3 21:30,0,2.697259982,1.178956588
2018/4/3 21:45,0,2.589261929,1.07199653
2018/4/3 22:00,0,1.657496293,0.508304844
2018/4/3 22:15,0,2.533132076,1.047335367
2018/4/3 22:30,0,2.586956898,1.041685124
2018/4/3 22:45,0,2.760280212,1.244304538
2018/4/3 23:00,0,2.799865484,1.304428577
2018/4/3 23:15,0,2.713973919,1.178083301
2018/4/3 23:30,0,2.829167127,1.315335353
2018/4/3 23:45,0,3.108331362,1.564954003
2018/4/4 0:00,0,3.040904919,1.515765508
2018/4/4 0:15,0,2.876765728,1.314165711
2018/4/4 0:30,0,2.846954107,1.315561771
2018/4/4 0:45,0,2.871661583,1.298488657
2018/4/4 1:00,0,2.526135763,0.969402452
2018/4/4 1:15,0,2.25898548,0.735413998
2018/4/4 1:30,0,2.711627643,1.210516413
2018/4/4 1:45,0,2.740308285,1.197726567
2018/4/4 2:00,0,2.789724906,1.306499839
2018/4/4 2:15,0,2.920258522,1.285198728
2018/4/4 2:30,0,2.806694905,1.223011732
2018/4/4 2:45,0,2.799820423,1.268069188
2018/4/4 3:00,0,2.332131624,0.776200354
2018/4/4 3:15,0,2.1611437,0.690428754
2018/4/4 3:30,0,2.753667196,1.209346751
2018/4/4 3:45,0,2.89541173,1.356729587
2018/4/4 4:00,0,2.885601282,1.351391753
2018/4/4 4:15,0,2.505917946,0.91276137
2018/4/4 4:30,0,2.830849489,1.268225292
2018/4/4 4:45,0,2.912781954,1.333068609
2018/4/4 5:00,0,2.145852645,0.607794523
2018/4/4 5:15,0,2.772304296,1.267271241
2018/4/4 5:30,0,2.287176132,0.727202892
2018/4/4 5:45,0,2.508576393,0.917119622
2018/4/4 6:00,0,2.505285899,0.955027342
2018/4/4 6:15,0,2.728139162,1.193978906
2018/4/4 6:30,0,2.030911565,0.630346119
2018/4/4 6:45,0.002544444,6.726323525,5.026876211
2018/4/4 7:00,0.073966654,17.73561287,14.54024315
2018/4/4 7:15,0.221666669,52.57393392,20.50181898
2018/4/4 7:30,0.634166658,127.6823909,26.79101117
2018/4/4 7:45,1.082566639,204.4362284,35.58456929
2018/4/4 8:00,1.483666579,283.3663839,44.58093389
2018/4/4 8:15,1.875655532,358.5836894,52.94062169
2018/4/4 8:30,2.242144426,424.8770955,58.14121501
2018/4/4 8:45,2.590677818,484.2106934,65.94177755
2018/4/4 9:00,2.915944497,537.3505656,70.04157257
2018/4/4 9:15,3.210255385,579.4853922,72.53513082
2018/4/4 9:30,3.471077839,629.5299276,75.26582336
2018/4/4 9:45,3.731233279,679.641154,77.37812297
2018/4/4 10:00,3.908688704,721.3944702,79.32087962
2018/4/4 10:15,4.102977911,763.196167,83.43828074
2018/4/4 10:30,4.257555643,803.659607,88.31535594
2018/4/4 10:45,4.402088801,836.3024292,83.76287079
2018/4/4 11:00,4.484100183,860.4227905,77.67946879
2018/4/4 11:15,4.588866393,893.7704671,81.4609553
2018/4/4 11:30,4.68636624,923.6939697,80.15873972
2018/4/4 11:45,4.717243989,945.4561768,82.59695689
2018/4/4 12:00,4.810544809,960.8946126,87.74254862
2018/4/4 12:15,4.882933617,967.3116048,89.1541036
2018/4/4 12:30,4.886111101,968.2124023,91.62730662
2018/4/4 12:45,4.81165568,973.8967895,93.2747523
2018/4/4 13:00,4.78147761,977.3311157,100.8801015
2018/4/4 13:15,4.749700228,955.608195,93.92736308
2018/4/4 13:30,4.725444317,936.9953614,96.65815734
2018/4/4 13:45,4.613233407,933.364034,110.7482605
2018/4/4 14:00,3.307344278,573.0890605,115.0899989
2018/4/4 14:15,3.841477712,778.2407226,91.58659363
2018/4/4 14:30,4.398366769,839.1903076,102.6801682
2018/4/4 14:45,4.223233541,792.5593262,106.9684474
2018/4/4 15:00,3.96308891,741.3315227,95.02457172
2018/4/4 15:15,3.824333429,692.5633952,85.74648539
2018/4/4 15:30,3.609144291,644.076945,85.7100296
2018/4/4 15:45,1.715922137,325.2130127,94.86805979
2018/4/4 16:00,3.094033321,500.0835877,71.92170969
2018/4/4 16:15,2.792700052,474.9990641,67.21219635
2018/4/4 16:30,2.467255513,417.9006551,60.94067001
2018/4/4 16:45,2.102500121,352.5540161,52.94840749
2018/4/4 17:00,1.756677826,291.0254313,47.61285401
2018/4/4 17:15,1.378588835,226.9986369,42.44199117
2018/4/4 17:30,0.989222229,144.2323608,38.88702011
2018/4/4 17:45,0.620055556,42.34851329,36.1859169
2018/4/4 18:00,0.303322226,29.58113988,24.09003194
2018/4/4 18:15,0.069177768,18.36831919,16.37475204
2018/4/4 18:30,0.001555555,8.744201821,7.307629744
2018/4/4 18:45,0,4.417192856,2.897052447
2018/4/4 19:00,0,3.645628691,2.158913135
2018/4/4 19:15,0,3.588199615,2.080937942
2018/4/4 19:30,0,3.15439407,1.735722979
2018/4/4 19:45,0,3.633148194,2.169055104
2018/4/4 20:00,0,4.687774023,3.125837644
2018/4/4 20:15,0,4.701618671,3.101487239
2018/4/4 20:30,0,3.942405065,2.40372475
2018/4/4 20:45,0,3.659972747,2.150901
2018/4/4 21:00,0,3.365429322,1.852186044
2018/4/4 21:15,0,3.145171881,1.652365049
2018/4/4 21:30,0,2.545917988,1.053816159
2018/4/4 21:45,0,2.769693216,1.25994273
2018/4/4 22:00,0,2.966822465,1.438672543
2018/4/4 22:15,0,2.515775998,1.01511697
2018/4/4 22:30,0,2.421177943,0.90280805
2018/4/4 22:45,0,1.811680158,0.553075582
2018/4/4 23:00,0,2.626244068,1.144415478
2018/4/4 23:15,0,2.989140192,1.496029854
2018/4/4 23:30,0,2.558946768,1.030640105
2018/4/4 23:45,0,3.045161088,1.529940367
2018/4/5 0:00,0,3.334409317,1.752040029
2018/4/5 0:15,0,2.679853995,1.180836479
2018/4/5 0:30,0,2.580004215,1.088377198
2018/4/5 0:45,0,2.741025924,1.234980146
2018/4/5 1:00,0,2.97679162,1.405525366
2018/4/5 1:15,0,2.834258477,1.258728345
2018/4/5 1:30,0,2.658814033,1.147151788
2018/4/5 1:45,0,2.798912128,1.250276407
2018/4/5 2:00,0,2.804217815,1.255594373
2018/4/5 2:15,0,2.885599296,1.380709807
2018/4/5 2:30,0,2.822946549,1.293843945
2018/4/5 2:45,0,2.543292364,0.985376854
2018/4/5 3:00,0,2.76128753,1.209006667
2018/4/5 3:15,0,2.728186369,1.174725056
2018/4/5 3:30,0,2.105182092,0.596106817
2018/4/5 3:45,0,1.950897614,0.536647688
2018/4/5 4:00,0,1.547628005,0.452483724
2018/4/5 4:15,0,1.224911491,0.450760464
2018/4/5 4:30,0,1.983875473,0.730440835
2018/4/5 4:45,0,3.484538794,1.914124807
2018/4/5 5:00,0,3.852417231,2.148832202
2018/4/5 5:15,0,3.796817541,2.155542731
2018/4/5 5:30,0,3.138917685,1.548995137
2018/4/5 5:45,0,3.077891032,1.474644224
2018/4/5 6:00,0,2.885621309,1.333675504
2018/4/5 6:15,0,2.503487508,0.920224687
2018/4/5 6:30,0,3.317971548,1.702721278
2018/4/5 6:45,0.001788888,7.574774425,5.829989195
2018/4/5 7:00,0.065544442,16.94333331,14.49183941
2018/4/5 7:15,0.199199994,53.86224747,20.17979367
2018/4/5 7:30,0.465977758,115.7861099,24.65836271
2018/4/5 7:45,0.921077807,169.8019613,36.88382594
2018/4/5 8:00,1.662111004,308.2943624,66.54715347
2018/4/5 8:15,1.562700033,343.4191895,73.30760956
2018/4/5 8:30,1.85821108,376.000117,76.72754924
2018/4/5 8:45,2.578666608,470.1188558,73.81109873
2018/4/5 9:00,2.976477623,555.9728393,82.87357584
2018/4/5 9:15,3.310322285,601.8915405,100.2309774
2018/4/5 9:30,3.458966573,640.2846679,93.32739257
2018/4/5 9:45,3.727311214,689.3847453,83.14749654
2018/4/5 10:00,3.943277915,729.1659953,83.15802511
2018/4/5 10:15,4.123033206,768.8673503,86.61654663
2018/4/5 10:30,4.274377823,805.4407552,85.72460683
2018/4/5 10:45,4.414533615,834.995341,82.0697937
2018/4/5 11:00,4.556266467,860.6381022,76.45267232
2018/4/5 11:15,4.638410886,894.636556,77.23238118
2018/4/5 11:30,4.721955935,925.2721151,78.55882009
2018/4/5 11:45,4.768811385,942.2024536,79.50439199
2018/4/5 12:00,4.859944502,958.6774699,85.34474182
2018/4/5 12:15,4.889544328,965.4275513,85.42417145
2018/4/5 12:30,4.877222379,969.9101766,88.55893199
2018/4/5 12:45,4.83854421,970.8243205,90.45997111
2018/4/5 13:00,4.824533463,974.0318196,97.6746165
2018/4/5 13:15,4.80802234,961.9869995,95.57128652
2018/4/5 13:30,4.7178998,939.9120687,92.71441142
2018/4/5 13:45,3.365011056,653.0656433,159.912117
2018/4/5 14:00,4.089022398,775.6904906,206.9082489
2018/4/5 14:15,4.694055239,775.2559407,140.2479197
2018/4/5 14:30,4.052266757,744.8876749,173.9670817
2018/4/5 14:45,2.374700189,514.3715668,198.5708974
2018/4/5 15:00,3.966233413,598.0961507,202.4183807
2018/4/5 15:15,4.342333635,820.7848104,215.1768901
2018/4/5 15:30,2.707411289,390.4721578,188.425003
2018/4/5 15:45,3.213277737,511.7735698,123.3299001
2018/4/5 16:00,2.793599844,504.6935628,114.6910299
2018/4/5 16:15,3.017488718,517.8397624,104.5405756
2018/4/5 16:30,2.715822299,469.4307251,102.4968287
2018/4/5 16:45,2.277266582,391.7718811,85.18957774
2018/4/5 17:00,1.858377695,317.2357687,65.03653717
2018/4/5 17:15,1.326600075,217.8724365,51.88670985
2018/4/5 17:30,0.789733291,103.6209869,43.17170843
2018/4/5 17:45,0.626988868,41.52423096,34.6587499
2018/4/5 18:00,0.307433347,29.15477816,24.93154716
2018/4/5 18:15,0.056122221,16.57352765,14.4991471
2018/4/5 18:30,0.000588889,7.534533342,6.069200039
2018/4/5 18:45,0,3.913595677,2.44345204
2018/4/5 19:00,0,3.862465779,2.46242404
2018/4/5 19:15,0,3.883753538,2.42831866
2018/4/5 19:30,0,3.972080231,2.53558445
2018/4/5 19:45,0,4.432160219,2.977015336
2018/4/5 20:00,0,4.24963808,2.774416288
2018/4/5 20:15,0,3.63768665,2.152386665
2018/4/5 20:30,0,3.952385823,2.475084225
2018/4/5 20:45,0,3.627850135,2.090142528
2018/4/5 21:00,0,3.491255442,1.970671733
2018/4/5 21:15,0,3.001158238,1.45045038
2018/4/5 21:30,0,2.902302981,1.380566001
2018/4/5 21:45,0,2.796833356,1.268601815
2018/4/5 22:00,0,2.76154995,1.282436331
2018/4/5 22:15,0,3.061511994,1.466882865
2018/4/5 22:30,0,2.682679494,1.157487353
2018/4/5 22:45,0,2.940210183,1.394876043
2018/4/5 23:00,0,2.946353833,1.440082828
2018/4/5 23:15,0,2.830225785,1.300670862
2018/4/5 23:30,0,2.738716682,1.207920392
2018/4/5 23:45,0,2.321133534,0.791337133
2018/4/6 0:00,0,2.748512348,1.22644639
2018/4/6 0:15,0,2.920930226,1.365837415
2018/4/6 0:30,0,2.054822723,0.580755621
2018/4/6 0:45,0,2.349932591,0.894667397
2018/4/6 1:00,0,2.783438126,1.189443409
2018/4/6 1:15,0,3.119771004,1.556907256
2018/4/6 1:30,0,2.638677438,1.068484505
2018/4/6 1:45,0,2.922986428,1.357618769
2018/4/6 2:00,0,3.370179097,1.772882183
2018/4/6 2:15,0,2.844675461,1.259566466
2018/4/6 2:30,0,2.762608051,1.196830889
2018/4/6 2:45,0,2.889804045,1.306816538
2018/4/6 3:00,0,3.011762619,1.429662387
2018/4/6 3:15,0,2.504557212,0.939926704
2018/4/6 3:30,0,2.640902917,1.038968404
2018/4/6 3:45,0,2.962409258,1.350588083
2018/4/6 4:00,0,2.500456095,0.888923963
2018/4/6 4:15,0,2.837540547,1.229620973
2018/4/6 4:30,0,3.25713404,1.654171824
2018/4/6 4:45,0,2.538407564,0.944244782
2018/4/6 5:00,0,2.910585006,1.293704748
2018/4/6 5:15,0,3.139943123,1.491198579
2018/4/6 5:30,0,2.707885742,1.157388131
2018/4/6 5:45,0,2.793181578,1.2240388
2018/4/6 6:00,0,2.688205799,1.050409039
2018/4/6 6:15,0,2.833863735,1.234069625
2018/4/6 6:30,0,3.212818384,1.539173643
2018/4/6 6:45,0.001522222,7.150873979,5.327269793
2018/4/6 7:00,0.059055552,14.13095506,11.91338603
2018/4/6 7:15,0.156288892,50.20904986,16.35796325
2018/4/6 7:30,0.608399997,139.2303568,19.91537603
2018/4/6 7:45,1.137277722,215.8327688,26.16223653
2018/4/6 8:00,1.540000002,293.890859,33.0998853
2018/4/6 8:15,1.926533341,369.0139567,39.78267924
2018/4/6 8:30,2.30288895,442.2208455,49.05151876
2018/4/6 8:45,2.656144381,501.1259664,52.99568431
2018/4/6 9:00,2.980200131,554.890686,57.68590419
2018/4/6 9:15,3.279166778,595.7278646,58.42741394
2018/4/6 9:30,3.543388764,647.2714233,59.33302816
2018/4/6 9:45,3.799911102,700.1875407,62.57807541
2018/4/6 10:00,4.003366788,744.1909179,64.51240158
2018/4/6 10:15,4.184388797,784.3872681,67.40049998
2018/4/6 10:30,4.363633474,827.357137,73.22328949
2018/4/6 10:45,4.50036637,857.8284302,67.94154358
2018/4/6 11:00,4.608333588,885.6222331,64.83962504
2018/4/6 11:15,4.724399885,923.238322,66.92375437
2018/4/6 11:30,4.785133203,950.5908407,64.85194524
2018/4/6 11:45,4.856277625,972.7730103,70.21791077
2018/4/6 12:00,4.910933336,983.8427531,71.75965373
2018/4/6 12:15,4.909677664,989.5906983,73.70688629
2018/4/6 12:30,4.918033282,996.4113363,77.59485118
2018/4/6 12:45,4.896910986,990.9900513,78.37785848
2018/4/6 13:00,4.904889107,995.2434692,85.29889425
2018/4/6 13:15,4.815733592,979.4869792,84.24871063
2018/4/6 13:30,4.834166368,963.4014485,84.56035869
2018/4/6 13:45,4.747911294,939.8954264,78.94049581
2018/4/6 14:00,4.618477821,909.9044189,78.2258962
2018/4/6 14:15,4.515933355,872.4200643,75.66738383
2018/4/6 14:30,4.417355855,834.4302368,70.68757629
2018/4/6 14:45,4.231289069,790.0121257,65.84046682
2018/4/6 15:00,4.082055251,744.1841227,66.13928604
2018/4/6 15:15,3.843666792,693.2600301,59.28894552
2018/4/6 15:30,3.643511216,644.928894,59.5656484
2018/4/6 15:45,3.419011116,597.2229207,55.48216502
2018/4/6 16:00,3.156900247,544.9375,57.9197375
2018/4/6 16:15,2.851344427,486.4715373,54.73156738
2018/4/6 16:30,2.522488753,428.9956767,52.75457382
2018/4/6 16:45,2.182988803,369.134196,50.26168188
2018/4/6 17:00,1.807444413,299.2747091,42.79735438
2018/4/6 17:15,1.416311185,231.9997253,38.44267654
2018/4/6 17:30,1.024422228,128.7021281,36.60934576
2018/4/6 17:45,0.637377779,33.27933121,29.88949649
2018/4/6 18:00,0.304266657,24.46943919,20.30841383
2018/4/6 18:15,0.057299996,15.68085957,13.97213427
2018/4/6 18:30,0.000988889,8.367700417,6.835482121
2018/4/6 18:45,0,4.24380215,2.795032263
2018/4/6 19:00,0,4.261720021,2.779549599
2018/4/6 19:15,0,5.244599978,3.639040788
2018/4/6 19:30,0,4.647757689,3.090148052
2018/4/6 19:45,0,3.529777288,2.08981049
2018/4/6 20:00,0,3.920513471,2.42666026
2018/4/6 20:15,0,4.064199924,2.6030279
2018/4/6 20:30,0,3.143975179,1.642824849
2018/4/6 20:45,0,2.614038467,1.132644355
2018/4/6 21:00,0,2.833698988,1.350395441
2018/4/6 21:15,0,2.971135616,1.45479246
2018/4/6 21:30,0,2.300651868,0.835999976
2018/4/6 21:45,0,2.815524578,1.289275169
2018/4/6 22:00,0,2.754221598,1.230406264
2018/4/6 22:15,0,2.549317599,0.989202201
2018/4/6 22:30,0,2.814201275,1.325425665
2018/4/6 22:45,0,2.376203616,0.841231783
2018/4/6 23:00,0,2.628957112,1.120761474
2018/4/6 23:15,0,2.951328039,1.443211953
2018/4/6 23:30,0,2.948681434,1.409382502
2018/4/6 23:45,0,2.638750394,1.088281631
2018/4/7 0:00,0,3.034695546,1.488767981
2018/4/7 0:15,0,2.700400591,1.123890956
2018/4/7 0:30,0,1.926632325,0.581942578
2018/4/7 0:45,0,2.7413191,1.27943635
2018/4/7 1:00,0,2.477637927,0.952211956
2018/4/7 1:15,0,2.893133084,1.406599045
2018/4/7 1:30,0,2.828612089,1.251217524
2018/4/7 1:45,0,2.701457898,1.13996919
2018/4/7 2:00,0,2.781038046,1.226483106
2018/4/7 2:15,0,2.66496563,1.090224723
2018/4/7 2:30,0,2.599905173,1.06567504
2018/4/7 2:45,0,2.641401688,1.104495486
2018/4/7 3:00,0,2.351009607,0.821962376
2018/4/7 3:15,0,3.02745978,1.456146161
2018/4/7 3:30,0,2.783025026,1.19539245
2018/4/7 3:45,0,2.813229163,1.282805284
2018/4/7 4:00,0,2.520967801,0.94458274
2018/4/7 4:15,0,2.595214128,1.05148075
2018/4/7 4:30,0,2.504935901,0.965226631
2018/4/7 4:45,0,2.508534114,0.936047892
2018/4/7 5:00,0,2.970548789,1.354239424
2018/4/7 5:15,0,2.722594818,1.17162021
2018/4/7 5:30,0,2.829089801,1.270800829
2018/4/7 5:45,0,2.729593197,1.131820559
2018/4/7 6:00,0,2.502264102,0.991048396
2018/4/7 6:15,0,2.914572477,1.334840775
2018/4/7 6:30,0,3.237840493,1.608648618
2018/4/7 6:45,0.001222222,6.550590992,4.700105111
2018/4/7 7:00,0.098944447,22.69668261,19.74859683
2018/4/7 7:15,0.177822227,57.40471649,22.6385231
2018/4/7 7:30,0.575066646,139.1473032,21.72576332
2018/4/7 7:45,1.122144501,212.5993093,27.15451686
2018/4/7 8:00,1.518444459,288.6389262,33.120622
2018/4/7 8:15,1.892788927,361.9205322,39.27723694
2018/4/7 8:30,2.249777873,429.7729798,45.45524343
2018/4/7 8:45,2.578277747,489.1763102,50.03753789
2018/4/7 9:00,2.881355445,537.6522217,52.78522619
2018/4/7 9:15,3.148055553,583.7609863,55.71758397
2018/4/7 9:30,3.407488903,636.3601888,58.50638708
2018/4/7 9:45,3.658955733,688.2704875,62.02664693
2018/4/7 10:00,3.87845548,732.6817424,64.59759776
2018/4/7 10:15,4.071155389,776.1149089,70.76585388
2018/4/7 10:30,4.241055171,814.5344645,73.55298106
2018/4/7 10:45,4.373810768,847.8904012,71.19855245
2018/4/7 11:00,4.515111287,872.6641235,67.47386678
2018/4/7 11:15,4.636633237,910.3997599,68.00826518
2018/4/7 11:30,4.736055374,936.2874756,67.42655436
2018/4/7 11:45,4.808700085,958.1878866,71.02902476
2018/4/7 12:00,4.805266698,962.0661621,70.27453359
2018/4/7 12:15,4.930133025,974.9279175,77.2950592
2018/4/7 12:30,4.897311528,975.6510213,76.92502594
2018/4/7 12:45,4.914244652,977.8743083,79.5245107
2018/4/7 13:00,4.875833353,979.7282104,84.56801351
2018/4/7 13:15,4.833854993,967.6940511,86.85886383
2018/4/7 13:30,4.753355503,937.4319458,76.17439524
2018/4/7 13:45,4.661699931,918.2629191,80.26079051
2018/4/7 14:00,4.589011033,891.7686564,81.89041138
2018/4/7 14:15,4.432222207,851.8295695,74.3603007
2018/4/7 14:30,4.338300228,816.4814657,71.59363302
2018/4/7 14:45,4.200688998,773.1468709,66.09101486
2018/4/7 15:00,4.008155982,729.3249715,64.78445943
2018/4/7 15:15,3.819310983,678.6160482,61.48098755
2018/4/7 15:30,3.602255662,626.0132446,57.7646548
2018/4/7 15:45,3.337333361,578.1196493,54.24254735
2018/4/7 16:00,3.066077789,528.0203451,56.30556361
2018/4/7 16:15,2.765988906,470.4403178,53.45220566
2018/4/7 16:30,2.444111188,411.7102966,52.32291158
2018/4/7 16:45,2.109400034,355.122406,51.04522832
2018/4/7 17:00,1.744822224,288.1066284,45.50835165
2018/4/7 17:15,1.35761106,220.1730855,40.01153183
2018/4/7 17:30,0.971411169,113.9751129,38.06874974
2018/4/7 17:45,0.599499981,35.43384679,29.2469635
2018/4/7 18:00,0.281488915,25.18636449,20.07714335
2018/4/7 18:15,0.042999997,15.68113391,14.06332557
2018/4/7 18:30,-0.000777778,7.814619383,6.325197061
2018/4/7 18:45,0,4.715004603,3.206882318
2018/4/7 19:00,0,3.288084666,1.844064792
2018/4/7 19:15,0,4.25622956,2.776025852
2018/4/7 19:30,0,4.773982525,3.197791577
2018/4/7 19:45,0,3.911777735,2.466074546
2018/4/7 20:00,0,4.060253302,2.630486965
2018/4/7 20:15,0,3.250748555,1.76352195
2018/4/7 20:30,0,3.482847611,1.975114306
2018/4/7 20:45,0,2.978463729,1.510688623
2018/4/7 21:00,0,2.502083222,1.067367494
2018/4/7 21:15,0,2.750796875,1.231156925
2018/4/7 21:30,0,3.13064003,1.637840033
2018/4/7 21:45,0,3.018514474,1.525531093
2018/4/7 22:00,0,2.95415767,1.450488249
2018/4/7 22:15,0,3.10445269,1.623439391
2018/4/7 22:30,0,2.970608075,1.388520439
2018/4/7 22:45,0,2.584559361,1.082389295
2018/4/7 23:00,0,2.374689977,0.943615158
2018/4/7 23:15,0,3.038744529,1.47019728
2018/4/7 23:30,0,3.092336814,1.536587238
2018/4/7 23:45,0,2.93892622,1.380931099
2018/4/8 0:00,0,2.928614616,1.423309485
2018/4/8 0:15,0,2.307082176,0.84154886
2018/4/8 0:30,0,1.964771668,0.556336651
2018/4/8 0:45,0,2.462037246,1.015861412
2018/4/8 1:00,0,2.687704643,1.136025608
2018/4/8 1:15,0,2.623721759,1.074464798
2018/4/8 1:30,0,2.740151485,1.205520431
2018/4/8 1:45,0,2.505956968,0.973876675
2018/4/8 2:00,0,3.006172419,1.446938435
2018/4/8 2:15,0,3.178497553,1.590200742
2018/4/8 2:30,0,3.289047877,1.654952685
2018/4/8 2:45,0,2.85120527,1.248547157
2018/4/8 3:00,0,3.014711857,1.431886673
2018/4/8 3:15,0,2.649877866,1.090671937
2018/4/8 3:30,0,2.637575785,1.049475074
2018/4/8 3:45,0,2.771099091,1.15111947
2018/4/8 4:00,0,2.953673442,1.325027347
2018/4/8 4:15,0,2.816232522,1.229266246
2018/4/8 4:30,0,1.910161654,0.638937096
2018/4/8 4:45,0,3.031419436,1.467723211
2018/4/8 5:00,0,2.60033679,1.085231036
2018/4/8 5:15,0,2.884988944,1.302762667
2018/4/8 5:30,0,2.371130307,0.838340561
2018/4/8 5:45,0,2.504024267,0.971108973
2018/4/8 6:00,0,2.626447121,1.04389439
2018/4/8 6:15,0,2.657186985,1.115320404
2018/4/8 6:30,0,2.696669579,1.124067823
2018/4/8 6:45,-4.44E-05,5.760049502,4.00337712
2018/4/8 7:00,0.053655557,13.58185164,11.16860676
2018/4/8 7:15,0.115533327,48.84753672,15.63804976
2018/4/8 7:30,0.536033322,139.3684108,19.20129903
2018/4/8 7:45,1.131311099,213.7069804,25.52028656
2018/4/8 8:00,1.536133329,290.5848185,31.99358749
2018/4/8 8:15,1.913544496,363.5038554,36.68947347
2018/4/8 8:30,2.264555534,431.4577738,42.06765747
2018/4/8 8:45,2.589899937,491.7114766,47.20159276
2018/4/8 9:00,2.899788936,541.6107381,51.70087814
2018/4/8 9:15,3.181255341,586.2156779,54.08323161
2018/4/8 9:30,3.425888777,636.4252116,55.38758341
2018/4/8 9:45,3.672300101,687.4546102,59.84023666
2018/4/8 10:00,3.872422378,731.7070109,63.85640717
2018/4/8 10:15,4.034799814,772.9601847,68.62575785
2018/4/8 10:30,4.203822136,812.0148519,71.40414937
2018/4/8 10:45,4.343911171,846.2861735,68.44960276
2018/4/8 11:00,4.495655537,872.3157348,65.34173711
2018/4/8 11:15,4.611766656,908.4547119,65.45910772
2018/4/8 11:30,4.698200067,936.0940552,66.21022288
2018/4/8 11:45,4.748688857,953.0355428,67.02475738
2018/4/8 12:00,4.767999808,961.9584147,69.22170003
2018/4/8 12:15,4.819922447,973.4343465,75.53792572
2018/4/8 12:30,4.843755563,973.294454,76.02237447
2018/4/8 12:45,4.837233861,967.3555095,76.60664622
2018/4/8 13:00,4.76735576,973.7949422,84.90137482
2018/4/8 13:15,4.759499868,960.656901,85.87947591
2018/4/8 13:30,4.717399915,937.8519491,83.27444204
2018/4/8 13:45,4.644033114,915.6001587,79.60849253
2018/4/8 14:00,4.542211056,885.3717651,77.41131083
2018/4/8 14:15,4.385288715,848.6125895,72.41983032
2018/4/8 14:30,4.244755904,812.7998047,69.14375814
2018/4/8 14:45,4.129721959,774.9072876,67.32989502
2018/4/8 15:00,3.949500084,724.415507,60.65650686
2018/4/8 15:15,3.738600175,677.8852132,61.58995946
2018/4/8 15:30,3.555122296,626.8844604,60.14752324
2018/4/8 15:45,3.302822113,573.5044759,53.44806289
2018/4/8 16:00,3.011144558,520.8598734,53.50945663
2018/4/8 16:15,2.737877766,469.4397278,56.89845149
2018/4/8 16:30,2.430855592,412.5979004,55.08213933
2018/4/8 16:45,2.088333289,348.9537252,46.94690959
2018/4/8 17:00,1.726744453,282.787618,40.81457901
2018/4/8 17:15,1.349466721,219.5178935,39.17984899
2018/4/8 17:30,0.959211111,100.2822393,37.58883921
2018/4/8 17:45,0.587122222,36.89290873,28.01681963
2018/4/8 18:00,0.268233339,27.1852665,20.01665688
2018/4/8 18:15,0.030911109,15.64803886,14.01570797
2018/4/8 18:30,4.44E-05,7.745309829,6.298638503
2018/4/8 18:45,0,3.938588857,2.542724689
2018/4/8 19:00,0,3.725476265,2.338026603
2018/4/8 19:15,0,5.711757819,4.086169561
2018/4/8 19:30,0,4.739539782,3.190707604
2018/4/8 19:45,0,4.623731136,3.053886016
2018/4/8 20:00,0,3.714562575,2.183304946
2018/4/8 20:15,0,3.297580481,1.796216448
2018/4/8 20:30,0,3.467938503,2.021017551
2018/4/8 20:45,0,2.893822511,1.442619324
2018/4/8 21:00,0,2.891326984,1.374440392
2018/4/8 21:15,0,1.818539143,0.529762973
2018/4/8 21:30,0,2.899200439,1.378562848
2018/4/8 21:45,0,2.455849012,0.98399063
2018/4/8 22:00,0,2.509534478,1.03807052
2018/4/8 22:15,0,2.788190047,1.27085801
2018/4/8 22:30,0,2.738057137,1.230562031
2018/4/8 22:45,0,3.084421555,1.615504265
2018/4/8 23:00,0,3.110248089,1.620600303
2018/4/8 23:15,0,2.342369239,0.880366901
2018/4/8 23:30,0,2.911128282,1.336020072
2018/4/8 23:45,0,3.01163737,1.382786433
2018/4/9 0:00,0,2.86408027,1.365336815
2018/4/9 0:15,0,2.45783337,0.887419204
2018/4/9 0:30,0,2.107266585,0.661086212
2018/4/9 0:45,0,2.879253705,1.382899006
2018/4/9 1:00,0,3.055939595,1.466745575
2018/4/9 1:15,0,3.146304925,1.573870579
2018/4/9 1:30,0,3.019225439,1.434160511
2018/4/9 1:45,0,2.966074943,1.427264611
2018/4/9 2:00,0,2.784522216,1.203968326
2018/4/9 2:15,0,2.961600463,1.385488113
2018/4/9 2:30,0,2.898239374,1.347780228
2018/4/9 2:45,0,2.813455502,1.218511979
2018/4/9 3:00,0,2.988858064,1.442222277
2018/4/9 3:15,0,2.994093657,1.454986215
2018/4/9 3:30,0,2.790396214,1.196068565
2018/4/9 3:45,0,2.86258777,1.244025548
2018/4/9 4:00,0,2.521357218,0.965619783
2018/4/9 4:15,0,2.670792579,1.085861425
2018/4/9 4:30,0,2.152655363,0.630358358
2018/4/9 4:45,0,2.542672793,0.918237627
2018/4/9 5:00,0,2.124903083,0.613701244
2018/4/9 5:15,0,2.559173346,0.979797562
2018/4/9 5:30,0,2.453583479,0.884048144
2018/4/9 5:45,0,2.344938835,0.808751444
2018/4/9 6:00,0,2.491976976,0.876863956
2018/4/9 6:15,0,2.677475134,1.033427894
2018/4/9 6:30,0,2.635457436,1.01220115
2018/4/9 6:45,0,5.819915692,4.061636845
2018/4/9 7:00,0.054388889,13.07427915,10.62298838
2018/4/9 7:15,0.130566659,48.11035093,14.75526619
2018/4/9 7:30,0.492188891,130.8707453,19.4136734
2018/4/9 7:45,1.096266647,202.9726715,25.44521968
2018/4/9 8:00,1.488366723,277.3337962,31.82871692
2018/4/9 8:15,1.863033374,349.0159098,37.59052022
2018/4/9 8:30,2.207900047,414.8905029,42.57433701
2018/4/9 8:45,2.532955646,473.5861409,47.15154902
2018/4/9 9:00,2.835022211,523.7939555,51.34514872
2018/4/9 9:15,3.117033243,567.9232992,54.04278437
2018/4/9 9:30,3.389100075,621.0624186,57.41284815
2018/4/9 9:45,3.639977773,671.020874,63.49787903
2018/4/9 10:00,3.853999774,711.774414,65.30570857
2018/4/9 10:15,4.050400019,750.6179606,69.27176158
2018/4/9 10:30,4.228644371,790.3340251,73.57546489
2018/4/9 10:45,4.347888788,819.8086344,66.26750946
2018/4/9 11:00,4.500044664,850.6618246,64.45052465
2018/4/9 11:15,4.618144989,884.601766,62.42661031
2018/4/9 11:30,4.680144151,913.0300904,66.63721466
2018/4/9 11:45,4.762722174,932.5709839,70.680631
2018/4/9 12:00,4.807333787,945.8967285,77.436203
2018/4/9 12:15,3.276311,695.0155334,95.03186037
2018/4/9 12:30,4.887844245,836.6074015,98.36678824
2018/4/9 12:45,4.350422701,960.5317993,112.1982219
2018/4/9 13:00,4.98008887,991.9777426,139.0127106
2018/4/9 13:15,4.162633578,940.9243774,168.5498352
2018/4/9 13:30,4.225033124,789.548645,162.0689341
2018/4/9 13:45,4.592855771,865.1175333,156.6678518
2018/4/9 14:00,4.722055753,946.278361,165.162974
2018/4/9 14:15,4.332688888,857.0986531,175.2962087
2018/4/9 14:30,3.945789019,793.037089,222.9788208
2018/4/9 14:45,1.64887774,340.4331156,186.1156972
2018/4/9 15:00,1.847977877,391.9962006,140.4085948
2018/4/9 15:15,2.94227767,466.4058685,134.4460958
2018/4/9 15:30,3.749455531,624.9437663,117.1053746
2018/4/9 15:45,3.309655746,555.7033691,101.8753586
2018/4/9 16:00,3.108655532,526.8574321,82.79225922
2018/4/9 16:15,2.789388895,477.5769653,78.81948598
2018/4/9 16:30,2.411777894,403.4532471,61.06514359
2018/4/9 16:45,2.06856668,342.8031515,54.90037791
2018/4/9 17:00,1.694655577,276.0318604,46.69543966
2018/4/9 17:15,1.303899964,210.3648732,41.37248357
2018/4/9 17:30,0.919744432,95.00857415,38.23796209
2018/4/9 17:45,0.556700031,34.68301137,28.41389656
2018/4/9 18:00,0.238855551,25.82555453,19.29682096
2018/4/9 18:15,0.02784444,13.96286138,12.39016151
2018/4/9 18:30,-2.22E-05,6.86265548,5.333393256
2018/4/9 18:45,0,4.0308098,2.628299634
2018/4/9 19:00,0,4.02796491,2.637437264
2018/4/9 19:15,0,5.214161078,3.601584832
2018/4/9 19:30,0,4.666382472,3.129386902
2018/4/9 19:45,0,4.65227286,3.102955262
2018/4/9 20:00,0,4.081512213,2.647049268
2018/4/9 20:15,0,3.453921239,1.931130568
2018/4/9 20:30,0,2.961313725,1.486797054
2018/4/9 20:45,0,2.551979462,1.016175071
2018/4/9 21:00,0,3.025503556,1.473949929
2018/4/9 21:15,0,2.668630123,1.174485306
2018/4/9 21:30,0,2.876910687,1.374586721
2018/4/9 21:45,0,2.735257069,1.195078552
2018/4/9 22:00,0,3.096081575,1.53995955
2018/4/9 22:15,0,2.777366162,1.240741134
2018/4/9 22:30,0,2.493032138,1.035503646
2018/4/9 22:45,0,2.124424974,0.748415987
2018/4/9 23:00,0,2.907303651,1.342225075
2018/4/9 23:15,0,2.555517832,1.035841207
2018/4/9 23:30,0,2.755540371,1.210819483
2018/4/9 23:45,0,2.959782998,1.452566544
2018/4/10 0:00,0,3.099190791,1.49075067
2018/4/10 0:15,0,2.76790301,1.246844411
2018/4/10 0:30,0,2.225828012,0.617858648
2018/4/10 0:45,0,2.314204534,0.801038205
2018/4/10 1:00,0,2.69526569,1.163036485
2018/4/10 1:15,0,2.923112552,1.342333396
2018/4/10 1:30,0,2.882274707,1.33773013
2018/4/10 1:45,0,3.089162906,1.527814905
2018/4/10 2:00,0,2.809997241,1.266721964
2018/4/10 2:15,0,1.766408046,0.497451355
2018/4/10 2:30,0,2.664571921,1.091308554
2018/4/10 2:45,0,3.121357044,1.516736428
2018/4/10 3:00,0,2.854006688,1.293343901
2018/4/10 3:15,0,3.041450103,1.490012884
2018/4/10 3:30,0,2.447629372,0.944535653
2018/4/10 3:45,0,2.222548564,0.722411573
2018/4/10 4:00,0,2.987100601,1.408110619
2018/4/10 4:15,0,3.044048309,1.438156843
2018/4/10 4:30,0,2.901148081,1.293341041
2018/4/10 4:45,0,2.876154502,1.299605807
2018/4/10 5:00,0,2.817482392,1.204930186
2018/4/10 5:15,0,2.407515923,0.864724398
2018/4/10 5:30,0,2.690761646,1.088837981
2018/4/10 5:45,0,2.440938632,0.861277381
2018/4/10 6:00,0,2.507258574,0.934231142
2018/4/10 6:15,0,2.67240564,1.113877813
2018/4/10 6:30,0,2.728749911,1.103775621
2018/4/10 6:45,0,5.479820887,3.791152715
2018/4/10 7:00,0.033744443,11.00454776,9.061690967
2018/4/10 7:15,0.073999996,22.31646697,12.35460885
2018/4/10 7:30,0.16251112,30.44454638,20.18757598
2018/4/10 7:45,0.675511122,106.0766474,38.44240697
2018/4/10 8:00,0.645900011,121.9266281,51.60261536
2018/4/10 8:15,0.729522169,124.4044342,66.03500748
2018/4/10 8:30,2.287588994,382.8978322,127.351743
2018/4/10 8:45,2.547022422,483.6414897,98.1310501
2018/4/10 9:00,2.343822201,496.024292,94.09157562
2018/4/10 9:15,1.138188958,228.243571,200.6488698
2018/4/10 9:30,1.350244602,269.1129455,256.7375234
2018/4/10 9:45,1.586955587,317.6092834,294.2507222
2018/4/10 10:00,1.437433402,281.2836406,264.0134074
2018/4/10 10:15,2.085077802,384.6649068,374.8570862
2018/4/10 10:30,2.899655581,505.0059102,401.9836324
2018/4/10 10:45,3.979822397,759.3618368,299.48025
2018/4/10 11:00,4.615666389,933.3768312,192.0655263
2018/4/10 11:15,3.191622098,606.7713826,417.4022217
2018/4/10 11:30,3.533177773,696.8876953,309.7853292
2018/4/10 11:45,3.993055821,709.2000224,352.3978984
2018/4/10 12:00,4.772200108,938.8539022,114.9368108
2018/4/10 12:15,3.974333286,818.0220337,94.29591116
2018/4/10 12:30,5.003133297,964.6275024,114.2824961
2018/4/10 12:45,4.97155571,965.8164673,128.0189769
2018/4/10 13:00,4.378655592,851.5362955,177.2124074
2018/4/10 13:15,3.741333485,804.6009318,286.9696401
2018/4/10 13:30,2.064599991,380.944987,267.9406179
2018/4/10 13:45,4.520377557,814.476237,175.7188314
2018/4/10 14:00,0.984044453,241.7044932,183.5191498
2018/4/10 14:15,0.957855602,183.6466878,165.6350505
2018/4/10 14:30,0.983155489,184.4983368,170.2073568
2018/4/10 14:45,0.972444455,188.9156494,168.1133423
2018/4/10 15:00,0.654622177,125.8256963,118.6996511
2018/4/10 15:15,1.050777813,198.651123,152.5590108
2018/4/10 15:30,1.793811143,332.8502401,163.3704173
2018/4/10 15:45,0.533988903,111.3944397,104.0157572
2018/4/10 16:00,1.109255632,194.0983836,161.2808329
2018/4/10 16:15,1.808800022,295.880483,206.7669525
2018/4/10 16:30,0.937755585,211.945933,183.019104
2018/4/10 16:45,0.800577799,135.8045934,107.1308034
2018/4/10 17:00,0.502566626,108.9558105,95.63359834
2018/4/10 17:15,0.189233333,47.187603,44.43850708
2018/4/10 17:30,0.300811117,43.56480408,35.9730072
2018/4/10 17:45,0.05857777,22.38985125,20.60178502
2018/4/10 18:00,0.030611103,15.2892917,13.53533681
2018/4/10 18:15,0.005399998,9.215378921,7.674615064
2018/4/10 18:30,0,7.750194232,6.289626757
2018/4/10 18:45,0,7.724432309,6.10330701
2018/4/10 19:00,0,4.88219595,3.327939431
2018/4/10 19:15,0,1.395028472,0.515763541
2018/4/10 19:30,0,1.20797344,0.512435595
2018/4/10 19:45,0,1.317805687,0.533794681
2018/4/10 20:00,0,1.303161581,0.542456051
2018/4/10 20:15,0,2.581592322,1.125245094
2018/4/10 20:30,0,2.77198418,1.331432879
2018/4/10 20:45,0,3.093648116,1.64764444
2018/4/10 21:00,0,2.712099631,1.251420617
2018/4/10 21:15,0,2.760254939,1.33371524
2018/4/10 21:30,0,2.433472157,0.886038959
2018/4/10 21:45,0,1.926681757,0.596152981
2018/4/10 22:00,0,2.276412169,0.815140824
2018/4/10 22:15,0,2.177928924,0.688962082
2018/4/10 22:30,0,2.391321103,0.921382745
2018/4/10 22:45,0,2.51106143,0.988282661
2018/4/10 23:00,0,2.341311932,0.909398178
2018/4/10 23:15,0,2.067375064,0.671816568
2018/4/10 23:30,0,4.89929676,3.297158082
2018/4/10 23:45,0,4.392558734,2.860511939
2018/4/11 0:00,0,1.391513427,0.529702405
2018/4/11 0:15,0,1.225605687,0.524763664
2018/4/11 0:30,0,1.386042396,0.554283738
2018/4/11 0:45,0,5.118020693,3.591070771
2018/4/11 1:00,0,2.646490733,1.225783348
2018/4/11 1:15,0,2.305797021,0.855970582
2018/4/11 1:30,0,2.376758734,0.879046718
2018/4/11 1:45,0,2.176422357,0.695633531
2018/4/11 2:00,0,2.646548271,1.151789109
2018/4/11 2:15,0,2.972138246,1.514067968
2018/4/11 2:30,0,2.877696196,1.414928913
2018/4/11 2:45,0,2.845430374,1.404135386
2018/4/11 3:00,0,2.563255549,1.0835886
2018/4/11 3:15,0,2.07369717,0.617520511
2018/4/11 3:30,0,2.326426665,0.830917001
2018/4/11 3:45,0,2.03885738,0.588880857
2018/4/11 4:00,0,2.12102131,0.652885258
2018/4/11 4:15,0,2.232121468,0.786089599
2018/4/11 4:30,0,2.048058192,0.609428565
2018/4/11 4:45,0,1.990321676,0.585711757
2018/4/11 5:00,0,1.702069203,0.51740086
2018/4/11 5:15,0,1.959735076,0.575580398
2018/4/11 5:30,0,2.23959438,0.761518816
2018/4/11 5:45,0,2.745592912,1.290011048
2018/4/11 6:00,0,3.009872834,1.546618581
2018/4/11 6:15,0,1.860980828,0.522091607
2018/4/11 6:30,0,2.627694368,1.194564919
2018/4/11 6:45,0,3.995087624,2.516807159
2018/4/11 7:00,0,5.887156486,4.33395958
2018/4/11 7:15,0.020911108,11.67323335,10.11590004
2018/4/11 7:30,0.132922232,31.39107068,29.74863243
2018/4/11 7:45,0.326099987,64.83522161,60.2703476
2018/4/11 8:00,0.411633312,88.18609111,83.31235758
2018/4/11 8:15,0.212888892,51.22605133,49.29665884
2018/4/11 8:30,0.181022222,38.84138107,37.15452321
2018/4/11 8:45,0.249433314,47.30987167,45.51294199
2018/4/11 9:00,0.4549778,82.90501277,79.66530607
2018/4/11 9:15,0.595622241,108.0007884,104.3710887
2018/4/11 9:30,0.730722268,128.3002904,125.0646337
2018/4/11 9:45,0.666311125,121.7569021,116.7584559
2018/4/11 10:00,0.745566626,130.5571442,123.9448242
2018/4/11 10:15,0.780733367,133.9009196,128.7301457
2018/4/11 10:30,0.932655533,158.8928274,155.5463054
2018/4/11 10:45,0.771788836,139.0948486,135.2001216
2018/4/11 11:00,0.668433328,114.5443904,111.5544535
2018/4/11 11:15,1.104733289,174.6660817,167.9936422
2018/4/11 11:30,1.312655608,220.3757324,211.7931061
2018/4/11 11:45,1.328788956,227.2244822,219.840449
2018/4/11 12:00,1.363266706,237.7614288,231.3780619
2018/4/11 12:15,1.078011155,199.9798838,195.7957764
2018/4/11 12:30,0.945911129,165.1306356,161.4212647
2018/4/11 12:45,0.92254436,156.8509013,153.9817963
2018/4/11 13:00,1.033866684,166.7666321,160.2001902
2018/4/11 13:15,1.512888948,238.525294,232.872167
2018/4/11 13:30,1.887722015,346.0836487,329.6384684
2018/4/11 13:45,1.458699942,280.2035522,272.0946961
2018/4/11 14:00,1.39836665,269.9098307,265.9886017
2018/4/11 14:15,0.863477826,169.7534892,167.8226471
2018/4/11 14:30,0.87500002,153.0612793,150.197642
2018/4/11 14:45,1.105511308,190.704956,186.4619395
2018/4/11 15:00,1.200333237,191.8895213,187.1554311
2018/4/11 15:15,1.416322152,229.5850576,223.5409241
2018/4/11 15:30,1.506188909,275.965505,251.0819702
2018/4/11 15:45,1.209555586,232.5734406,223.3393402
2018/4/11 16:00,1.162211021,229.0491842,221.3777771
2018/4/11 16:15,1.079322219,216.1683858,207.4097595
2018/4/11 16:30,0.66118892,148.3896179,144.2368164
2018/4/11 16:45,0.594922205,118.2260056,113.0980962
2018/4/11 17:00,1.152911107,198.2220967,154.6612498
2018/4/11 17:15,0.487788866,110.6794256,95.20781198
2018/4/11 17:30,0.903788885,87.98697662,65.40847397
2018/4/11 17:45,0.579477738,42.15568034,35.32946459
2018/4/11 18:00,0.115222213,26.97914251,23.22290739
2018/4/11 18:15,0.012622221,14.33385468,12.35263825
2018/4/11 18:30,-8.89E-05,6.304975351,4.752330303
2018/4/11 18:45,0,3.412064552,1.965342085
2018/4/11 19:00,0,2.996379455,1.545158744
2018/4/11 19:15,0,3.138347467,1.654461503
2018/4/11 19:30,0,3.284067313,1.736870527
2018/4/11 19:45,0,2.838380893,1.391447623
2018/4/11 20:00,0,2.864251296,1.435271223
2018/4/11 20:15,0,2.994378249,1.506455739
2018/4/11 20:30,0,2.972825527,1.504079183
2018/4/11 20:45,0,2.900456905,1.403933644
2018/4/11 21:00,0,2.795556227,1.286029458
2018/4/11 21:15,0,2.718884945,1.163840532
2018/4/11 21:30,0,2.888708512,1.376892368
2018/4/11 21:45,0,2.94965895,1.420984785
2018/4/11 22:00,0,2.636852185,1.140731971
2018/4/11 22:15,0,2.817039808,1.309406201
2018/4/11 22:30,0,2.795766115,1.327869256
2018/4/11 22:45,0,2.722055832,1.183656395
2018/4/11 23:00,0,3.02055494,1.458406766
2018/4/11 23:15,0,3.04499809,1.454042713
2018/4/11 23:30,0,2.677600384,1.181987643
2018/4/11 23:45,0,2.542207321,1.000662486
2018/4/12 0:00,0,2.734223286,1.191998124
2018/4/12 0:15,0,2.991429885,1.464601755
2018/4/12 0:30,0,2.797579209,1.304487149
2018/4/12 0:45,0,2.739628394,1.163440864
2018/4/12 1:00,0,2.943571011,1.384248853
2018/4/12 1:15,0,2.806132078,1.260295073
2018/4/12 1:30,0,2.563081741,1.031056523
2018/4/12 1:45,0,2.65587759,1.131108821
2018/4/12 2:00,0,3.016783397,1.480552713
2018/4/12 2:15,0,2.705788533,1.193688869
2018/4/12 2:30,0,2.578639825,1.008563876
2018/4/12 2:45,0,2.102411826,0.677288433
2018/4/12 3:00,0,1.385705789,0.459068427
2018/4/12 3:15,0,1.447956522,0.468677819
2018/4/12 3:30,0,1.780645966,0.4798144
2018/4/12 3:45,0,1.90467008,0.491076201
2018/4/12 4:00,0,1.981179198,0.498596072
2018/4/12 4:15,0,2.041537325,0.558453361
2018/4/12 4:30,0,1.809133132,0.49971045
2018/4/12 4:45,0,1.903137406,0.510877093
2018/4/12 5:00,0,2.195812623,0.680484434
2018/4/12 5:15,0,2.177894434,0.64065816
2018/4/12 5:30,0,2.198787371,0.69933929
2018/4/12 5:45,0,2.484585206,0.96838214
2018/4/12 6:00,0,2.347012917,0.843680143
2018/4/12 6:15,0,2.120513916,0.62627701
2018/4/12 6:30,0,2.303634564,0.822948853
2018/4/12 6:45,0,4.9087979,3.283061385
2018/4/12 7:00,0.059399993,20.00363827,17.33842182
2018/4/12 7:15,0.19775556,44.37196477,38.88104693
2018/4/12 7:30,0.317611128,67.84987513,60.50926463
2018/4/12 7:45,0.33211112,75.72840627,69.98196157
2018/4/12 8:00,0.506122212,99.88716381,93.07397461
2018/4/12 8:15,0.846666693,162.8774821,148.7090251
2018/4/12 8:30,1.897733291,283.1528524,171.262441
2018/4/12 8:45,2.030233343,387.7538147,174.8749695
2018/4/12 9:00,1.630111098,332.8446249,282.9928487
2018/4/12 9:15,1.661988854,320.3742778,305.0628052
2018/4/12 9:30,1.82932214,299.5814819,274.1517944
2018/4/12 9:45,3.107955774,648.9723918,297.1353861
2018/4/12 10:00,1.908333302,380.7792867,317.3693237
2018/4/12 10:15,2.568366766,593.398112,364.4970907
2018/4/12 10:30,1.904177785,371.9346618,348.8174337
2018/4/12 10:45,2.277889053,571.3180339,365.3577169
2018/4/12 11:00,2.740399917,663.5044251,286.0333354
2018/4/12 11:15,4.646311124,825.2022705,141.7980194
2018/4/12 11:30,4.683555762,916.3461914,98.9943517
2018/4/12 11:45,4.658111413,920.1577352,79.70119477
2018/4/12 12:00,4.680477619,937.5015666,87.29416656
2018/4/12 12:15,4.716966788,936.438619,83.74154409
2018/4/12 12:30,4.667599678,935.5475667,80.43676249
2018/4/12 12:45,4.661278407,933.0716552,83.23257192
2018/4/12 13:00,4.657411417,930.086792,86.36554209
2018/4/12 13:15,4.598411083,923.9112549,85.1601181
2018/4/12 13:30,4.592921893,908.0637614,87.18837484
2018/4/12 13:45,4.503055413,879.6252848,83.96480815
2018/4/12 14:00,4.465533733,863.4734497,102.6874237
2018/4/12 14:15,4.435333252,857.7560628,127.1086324
2018/4/12 14:30,4.046166659,791.6695353,162.1856181
2018/4/12 14:45,4.460811297,877.8297933,244.2858022
2018/4/12 15:00,4.250366529,846.9702148,239.3899282
2018/4/12 15:15,3.830622117,766.8124186,187.0105031
2018/4/12 15:30,3.421355645,614.079071,198.9628143
2018/4/12 15:45,3.257455429,588.0906779,174.0624644
2018/4/12 16:00,2.063766757,384.3522034,169.0164541
2018/4/12 16:15,2.821011066,483.2365621,106.7192179
2018/4/12 16:30,1.992633343,323.767156,91.65874734
2018/4/12 16:45,1.972166538,329.7238668,73.01950582
2018/4/12 17:00,1.019622167,185.6761017,62.57831828
2018/4/12 17:15,0.794400036,138.1188024,56.85838318
2018/4/12 17:30,0.479088917,71.79233934,37.34897995
2018/4/12 17:45,0.283877785,32.44724147,28.78011322
2018/4/12 18:00,0.114522215,23.74251493,19.79797173
2018/4/12 18:15,0.00861111,11.38828277,9.863655089
2018/4/12 18:30,0,6.350780805,4.751056194
2018/4/12 18:45,0,4.720657667,3.225897392
2018/4/12 19:00,0,5.158791701,3.544050693
2018/4/12 19:15,0,4.287513574,2.869127671
2018/4/12 19:30,0,3.488360723,1.999082804
2018/4/12 19:45,0,3.393497706,1.903061668
2018/4/12 20:00,0,3.017981291,1.57484142
2018/4/12 20:15,0,3.184493065,1.72269245
2018/4/12 20:30,0,2.909710884,1.415924112
2018/4/12 20:45,0,2.977736791,1.561703881
2018/4/12 21:00,0,2.771039804,1.276629249
2018/4/12 21:15,0,2.260259787,0.80744803
2018/4/12 21:30,0,2.878608863,1.372596264
2018/4/12 21:45,0,3.199079513,1.689697901
2018/4/12 22:00,0,3.123626947,1.601905942
2018/4/12 22:15,0,2.988968611,1.508054534
2018/4/12 22:30,0,2.716721217,1.166677872
2018/4/12 22:45,0,2.84788243,1.372626583
2018/4/12 23:00,0,2.623431603,1.142981708
2018/4/12 23:15,0,2.381029447,0.842606942
2018/4/12 23:30,0,2.909115394,1.394199014
2018/4/12 23:45,0,2.729507684,1.176106294
2018/4/13 0:00,0,2.363714298,0.8304165
2018/4/13 0:15,0,2.409283559,0.823146999
2018/4/13 0:30,0,2.262503624,0.737420162
2018/4/13 0:45,0,1.592158993,0.479019076
2018/4/13 1:00,0,1.55485793,0.498601715
2018/4/13 1:15,0,2.88381052,1.380632639
2018/4/13 1:30,0,3.717802683,2.16643846
2018/4/13 1:45,0,3.149965048,1.59175837
2018/4/13 2:00,0,3.150628328,1.592388074
2018/4/13 2:15,0,3.066483656,1.514678081
2018/4/13 2:30,0,1.968947967,0.621508241
2018/4/13 2:45,0,1.547525128,0.480467051
2018/4/13 3:00,0,2.764953057,1.215990663
2018/4/13 3:15,0,3.945710341,2.384583791
2018/4/13 3:30,0,3.646840652,2.025358001
2018/4/13 3:45,0,3.221466859,1.615737955
2018/4/13 4:00,0,3.138088385,1.575836738
2018/4/13 4:15,0,3.110268037,1.50465099
2018/4/13 4:30,0,2.870557626,1.211519559
2018/4/13 4:45,0,3.134148121,1.463894447
2018/4/13 5:00,0,2.223482132,0.704588145
2018/4/13 5:15,0,2.745073159,1.189012726
2018/4/13 5:30,0,2.310429255,0.752183994
2018/4/13 5:45,0,2.573668559,1.007760724
2018/4/13 6:00,0,2.327821255,0.765949428
2018/4/13 6:15,0,2.049172004,0.547419906
2018/4/13 6:30,0,2.402355949,0.891722242
2018/4/13 6:45,0,5.712839762,3.951897065
2018/4/13 7:00,0.060299998,14.74426333,11.71491623
2018/4/13 7:15,0.161388914,54.78723971,17.38910993
2018/4/13 7:30,0.455155581,124.2913717,23.79908434
2018/4/13 7:45,1.075933318,192.828771,30.28912481
2018/4/13 8:00,1.462833365,263.2429555,35.44747543
2018/4/13 8:15,1.835300009,335.6568095,41.83100764
2018/4/13 8:30,2.18677783,401.9493103,47.66842906
2018/4/13 8:45,2.51648887,457.2888285,52.0083847
2018/4/13 9:00,2.816599926,505.4417826,57.21802012
2018/4/13 9:15,3.100611369,549.9955851,58.44618098
2018/4/13 9:30,3.367122173,595.4590047,62.2084821
2018/4/13 9:45,3.595255375,649.510966,68.72422536
2018/4/13 10:00,3.813055754,689.833313,71.98232269
2018/4/13 10:15,4.003066778,731.851827,74.32251231
2018/4/13 10:30,4.140633265,768.4623006,76.14734141
2018/4/13 10:45,4.262911161,794.4458821,71.88101959
2018/4/13 11:00,4.393544038,831.598348,70.37919871
2018/4/13 11:15,4.464822133,859.6061401,67.94179026
2018/4/13 11:30,4.557255586,888.6218872,71.66949463
2018/4/13 11:45,4.62542216,912.8705444,78.08415477
2018/4/13 12:00,4.64292256,925.8791097,82.27432505
2018/4/13 12:15,4.653900147,928.3602702,83.5811615
2018/4/13 12:30,4.652311325,927.0684815,83.76162211
2018/4/13 12:45,4.65016667,920.3770549,83.65240733
2018/4/13 13:00,4.591699918,916.2380168,83.09150187
2018/4/13 13:15,4.509055773,912.5756632,84.93002828
2018/4/13 13:30,4.504611492,898.3900554,87.54576874
2018/4/13 13:45,4.423188686,867.428243,82.89457957
2018/4/13 14:00,4.403244495,843.4224447,85.03146617
2018/4/13 14:15,4.273699919,809.7588501,81.17848206
2018/4/13 14:30,4.182899793,792.6602376,94.47066243
2018/4/13 14:45,4.12145567,768.9666341,114.7673264
2018/4/13 15:00,3.919133425,710.9680583,90.11977895
2018/4/13 15:15,3.774244388,687.2456868,103.0666504
2018/4/13 15:30,3.502611399,619.4504598,87.01769256
2018/4/13 15:45,3.382866701,595.1723836,119.473849
2018/4/13 16:00,2.860511144,505.7740682,132.1309204
2018/4/13 16:15,2.737489064,472.6581319,98.30886333
2018/4/13 16:30,2.465811332,421.2773539,93.84315999
2018/4/13 16:45,2.124733368,356.4620158,80.01993306
2018/4/13 17:00,1.719511151,285.5888977,70.45463435
2018/4/13 17:15,1.273377816,179.473582,52.27518845
2018/4/13 17:30,0.873322209,82.59693017,46.66487376
2018/4/13 17:45,0.408655574,40.84435908,36.2819608
2018/4/13 18:00,0.100644444,29.48413277,25.83583069
2018/4/13 18:15,0.016099996,14.66825676,12.84944979
2018/4/13 18:30,0,7.503654639,6.082288742
2018/4/13 18:45,0,5.141193231,3.576716185
2018/4/13 19:00,0,4.156945308,2.736975431
2018/4/13 19:15,0,3.239828348,1.776463906
2018/4/13 19:30,0,2.888938268,1.500202616
2018/4/13 19:45,0,2.325312773,0.899784167
2018/4/13 20:00,0,3.629549344,2.106469115
2018/4/13 20:15,0,3.434319258,1.983709137
2018/4/13 20:30,0,2.815483888,1.405927181
2018/4/13 20:45,0,2.149089416,0.73928829
2018/4/13 21:00,0,2.435406129,0.994105418
2018/4/13 21:15,0,2.389284929,0.9190618
2018/4/13 21:30,0,2.079508146,0.692128301
2018/4/13 21:45,0,1.878343622,0.567316433
2018/4/13 22:00,0,1.797936638,0.553711156
2018/4/13 22:15,0,2.480106274,1.046721935
2018/4/13 22:30,0,2.55447642,1.082681537
2018/4/13 22:45,0,2.318684657,0.884334206
2018/4/13 23:00,0,2.114360531,0.755966961
2018/4/13 23:15,0,2.730308294,1.320412835
2018/4/13 23:30,0,2.490008036,1.024491052
2018/4/13 23:45,0,2.407762448,0.988609095
2018/4/14 0:00,0,2.273146788,0.990111411
2018/4/14 0:15,0,1.312752326,0.537366927
2018/4/14 0:30,0,2.203752716,0.927108109
2018/4/14 0:45,0,4.180383682,2.639107863
2018/4/14 1:00,0,4.281385819,2.721952995
2018/4/14 1:15,0,2.752915303,1.244331598
2018/4/14 1:30,0,3.380294959,1.905839523
2018/4/14 1:45,0,2.852919261,1.330724835
2018/4/14 2:00,0,3.342058658,1.807290554
2018/4/14 2:15,0,2.727182229,1.234350642
2018/4/14 2:30,0,2.846681277,1.345982552
2018/4/14 2:45,0,3.152877569,1.679420551
2018/4/14 3:00,0,2.525901318,1.08422323
2018/4/14 3:15,0,2.373546243,0.935684959
2018/4/14 3:30,0,2.303822319,0.958111544
2018/4/14 3:45,0,2.469632148,0.911728998
2018/4/14 4:00,0,2.317998846,0.800831119
2018/4/14 4:15,0,2.252429764,0.882653415
2018/4/14 4:30,0,2.835621675,1.275866151
2018/4/14 4:45,0,3.309525728,1.737449924
2018/4/14 5:00,0,3.102781216,1.509935419
2018/4/14 5:15,0,3.205911001,1.599620859
2018/4/14 5:30,0,3.097214461,1.472663045
2018/4/14 5:45,0,2.62207826,1.095177968
2018/4/14 6:00,0,2.089002212,0.612225016
2018/4/14 6:15,0,2.472349643,0.983537694
2018/4/14 6:30,0,2.913094044,1.339482665
2018/4/14 6:45,0,5.059456189,3.419930697
2018/4/14 7:00,0.077466669,18.57473628,14.4895099
2018/4/14 7:15,0.213366643,58.30943807,31.06809107
2018/4/14 7:30,0.532899956,130.23688,48.55193837
2018/4/14 7:45,0.94233338,168.8448766,62.04554876
2018/4/14 8:00,1.678777734,300.5426534,73.83815257
2018/4/14 8:15,1.630144477,302.6812744,94.61373138
2018/4/14 8:30,2.178522189,372.6695251,100.2310104
2018/4/14 8:45,2.029588978,374.9818624,102.4823151
2018/4/14 9:00,3.011544466,529.3784586,69.51492818
2018/4/14 9:15,3.259766737,563.2003784,60.00941594
2018/4/14 9:30,3.527710676,607.2351481,61.05043793
2018/4/14 9:45,3.777577718,660.3852132,67.44959259
2018/4/14 10:00,3.988544385,701.1439413,67.80337779
2018/4/14 10:15,4.185378234,743.6745809,72.6053009
2018/4/14 10:30,4.369800091,781.4344076,75.21379089
2018/4/14 10:45,4.525422255,809.7276815,68.51587423
2018/4/14 11:00,4.651121934,845.6786296,65.97472382
2018/4/14 11:15,4.742777984,873.6648966,65.7269872
2018/4/14 11:30,4.786266486,902.9037272,69.08054098
2018/4/14 11:45,4.843955517,917.0710449,66.68336741
2018/4/14 12:00,4.901089033,932.4033203,73.68260702
2018/4/14 12:15,4.899533272,931.1590373,74.80317434
2018/4/14 12:30,4.893733184,928.219279,77.03386943
2018/4/14 12:45,4.845099767,924.2744344,78.60394033
2018/4/14 13:00,4.86367782,923.5338135,81.33964793
2018/4/14 13:15,4.80502224,922.8002929,86.26433309
2018/4/14 13:30,4.730400085,900.4323934,84.91898346
2018/4/14 13:45,4.627544403,871.5449626,82.83654276
2018/4/14 14:00,4.503777981,839.2745768,81.06541952
2018/4/14 14:15,4.428833167,807.8186442,79.90031687
2018/4/14 14:30,4.29132239,774.1828817,79.6047109
2018/4/14 14:45,4.102988879,729.5381673,74.02678172
2018/4/14 15:00,3.926022053,687.3166911,71.47881826
2018/4/14 15:15,3.733555238,641.0150554,76.06147512
2018/4/14 15:30,3.495533307,584.6003622,71.86404419
2018/4/14 15:45,3.238955577,533.0117594,71.04791768
2018/4/14 16:00,2.961577813,482.6372884,70.18694051
2018/4/14 16:15,2.654922009,432.0767415,70.95369721
2018/4/14 16:30,2.324066718,375.8229777,68.20615387
2018/4/14 16:45,1.965022206,314.5970256,64.17748261
2018/4/14 17:00,1.592133283,247.5968577,54.30658468
2018/4/14 17:15,1.205466708,158.7614695,49.19700877
2018/4/14 17:30,0.821366628,64.21781667,42.17272313
2018/4/14 17:45,0.461133351,34.00128809,30.31009166
2018/4/14 18:00,0.151499992,24.08337402,20.90340297
2018/4/14 18:15,0.016755553,12.23944982,10.58580526
2018/4/14 18:30,-0.000133333,5.255482832,3.792190711
2018/4/14 18:45,0,3.884773175,2.431641102
2018/4/14 19:00,0,3.990308285,2.565058231
2018/4/14 19:15,0,3.547135909,2.073223949
2018/4/14 19:30,0,3.304689487,1.776866356
2018/4/14 19:45,0,3.098995686,1.611673673
2018/4/14 20:00,0,4.196301143,2.63263615
2018/4/14 20:15,0,4.038229783,2.54776295
2018/4/14 20:30,0,4.215887069,2.694124381
2018/4/14 20:45,0,4.199198723,2.676546971
2018/4/14 21:00,0,3.725831588,2.177946488
2018/4/14 21:15,0,2.956636429,1.392699877
2018/4/14 21:30,0,2.278534174,0.785418372
2018/4/14 21:45,0,2.824785948,1.308676799
2018/4/14 22:00,0,3.004836797,1.408244491
2018/4/14 22:15,0,2.988058011,1.421828389
2018/4/14 22:30,0,3.21157678,1.617471735
2018/4/14 22:45,0,2.880464554,1.306338787
2018/4/14 23:00,0,3.006718238,1.412985166
2018/4/14 23:15,0,3.103414456,1.500578761
2018/4/14 23:30,0,2.893581867,1.341964444
2018/4/14 23:45,0,2.601291816,1.067999224
2018/4/15 0:00,0,1.987623374,0.545389404
2018/4/15 0:15,0,2.755106608,1.200908701
2018/4/15 0:30,0,2.874300877,1.253778537
2018/4/15 0:45,0,2.795453231,1.131763975
2018/4/15 1:00,0,3.214641889,1.571001291
2018/4/15 1:15,0,2.782776674,1.190833569
2018/4/15 1:30,0,2.31872042,0.793022514
2018/4/15 1:45,0,2.297162255,0.739083827
2018/4/15 2:00,0,2.450270335,0.840026677
2018/4/15 2:15,0,3.153565248,1.494550149
2018/4/15 2:30,0,3.003665527,1.38418591
2018/4/15 2:45,0,3.152974685,1.487126986
2018/4/15 3:00,0,2.9029363,1.271540562
2018/4/15 3:15,0,2.819121123,1.158218721
2018/4/15 3:30,0,2.771554073,1.198445837
2018/4/15 3:45,0,2.565546195,0.994913936
2018/4/15 4:00,0,2.891461213,1.261505902
2018/4/15 4:15,0,3.045161486,1.38858366
2018/4/15 4:30,0,3.169828018,1.517739256
2018/4/15 4:45,0,2.839138826,1.219317158
2018/4/15 5:00,0,3.052631537,1.332440774
2018/4/15 5:15,0,2.89601024,1.22481215
2018/4/15 5:30,0,2.769062599,1.112099648
2018/4/15 5:45,0,2.673687379,1.028837204
2018/4/15 6:00,0,2.055380662,0.576699972
2018/4/15 6:15,0,2.790414492,1.13751026
2018/4/15 6:30,0,2.826595227,1.192166845
2018/4/15 6:45,0,5.710451921,3.942126115
2018/4/15 7:00,0.060911108,15.12085692,10.89081955
2018/4/15 7:15,0.154922247,63.70910899,15.57782046
2018/4/15 7:30,0.46304445,128.3591843,21.03408242
2018/4/15 7:45,1.131922146,197.7705637,26.40378126
2018/4/15 8:00,1.534766714,270.3762207,32.33707873
2018/4/15 8:15,1.920366685,344.7220968,38.16690572
2018/4/15 8:30,2.282244523,412.7366231,44.58509318
2018/4/15 8:45,2.631599903,472.8205058,51.77127457
2018/4/15 9:00,2.965944688,520.2678935,55.82968267
2018/4/15 9:15,3.266466697,567.1086833,58.56344986
2018/4/15 9:30,3.546866814,613.1395264,61.61084366
2018/4/15 9:45,3.784022252,666.666687,72.6708196
2018/4/15 10:00,4.018477758,705.4965413,72.6124471
2018/4/15 10:15,4.192744732,745.8982748,73.29264577
2018/4/15 10:30,4.357411067,784.9462484,75.60302734
2018/4/15 10:45,4.508655866,813.1556397,68.60935211
2018/4/15 11:00,4.618055344,846.2613932,66.91327159
2018/4/15 11:15,4.69741106,875.104777,66.08921305
2018/4/15 11:30,4.790144761,901.5061646,67.94520315
2018/4/15 11:45,4.860766411,922.9943644,70.52923075
2018/4/15 12:00,4.900966167,934.5905151,72.4480133
2018/4/15 12:15,4.942444642,935.9772135,75.21648153
2018/4/15 12:30,4.978244464,935.7040202,77.37148031
2018/4/15 12:45,4.923499743,925.4920858,76.59789276
2018/4/15 13:00,4.906732877,923.8813884,81.08599599
2018/4/15 13:15,4.883989016,925.4717204,83.45230611
2018/4/15 13:30,4.82186683,906.5718587,83.16243489
2018/4/15 13:45,4.690744241,876.0749105,79.0108134
2018/4/15 14:00,4.579733372,844.8714803,78.2328949
2018/4/15 14:15,4.484221935,814.2998047,78.28084818
2018/4/15 14:30,4.340366681,776.3486328,72.19999949
2018/4/15 14:45,4.171455542,733.9191284,65.83618164
2018/4/15 15:00,3.985922337,690.1950887,62.52359899
2018/4/15 15:15,3.804233313,642.6908976,62.01149114
2018/4/15 15:30,3.576189041,590.5122477,57.31072489
2018/4/15 15:45,3.305388769,537.7453003,55.53706996
2018/4/15 16:00,3.018044551,486.8665059,52.63106664
2018/4/15 16:15,2.711200079,436.7365417,53.45566813
2018/4/15 16:30,2.383933226,380.0670064,50.45347341
2018/4/15 16:45,2.032088876,319.8272502,48.94360987
2018/4/15 17:00,1.657100042,255.2964935,43.42699559
2018/4/15 17:15,1.264455557,131.9958598,41.58942413
2018/4/15 17:30,0.867155572,49.3711764,33.29191589
2018/4/15 17:45,0.494688898,26.37401708,24.18159549
2018/4/15 18:00,0.139644435,19.44051743,17.03490957
2018/4/15 18:15,0.009955553,11.21676445,9.652807871
2018/4/15 18:30,-0.000366667,5.367797693,3.862663746
2018/4/15 18:45,0,3.769961437,2.328886032
2018/4/15 19:00,0,3.272626877,1.73522381
2018/4/15 19:15,0,3.862878084,2.397413571
2018/4/15 19:30,0,4.503753026,2.949977557
2018/4/15 19:45,0,4.923154195,3.281836192
2018/4/15 20:00,0,4.016125123,2.530666351
2018/4/15 20:15,0,4.126078924,2.584938129
2018/4/15 20:30,0,3.467729807,1.963571072
2018/4/15 20:45,0,3.10225749,1.562825799
2018/4/15 21:00,0,2.845392704,1.35262541
2018/4/15 21:15,0,3.069494486,1.559357881
2018/4/15 21:30,0,3.014357726,1.477326711
2018/4/15 21:45,0,2.746783813,1.243965586
2018/4/15 22:00,0,2.69784228,1.151105285
2018/4/15 22:15,0,2.89418745,1.325379491
2018/4/15 22:30,0,2.93651096,1.376038035
2018/4/15 22:45,0,2.753599485,1.222678661
2018/4/15 23:00,0,2.72384119,1.162273844
2018/4/15 23:15,0,3.002915462,1.454927881
2018/4/15 23:30,0,2.755396843,1.202159166
2018/4/15 23:45,0,2.612659772,1.080201825
2018/4/16 0:00,0,2.941040039,1.405201793
2018/4/16 0:15,0,3.165375868,1.58061556
2018/4/16 0:30,0,2.693131844,1.122928758
2018/4/16 0:45,0,2.60351642,1.055782855
2018/4/16 1:00,0,3.047934214,1.473070343
2018/4/16 1:15,0,2.833555778,1.220170935
2018/4/16 1:30,0,2.628066063,1.069623471
2018/4/16 1:45,0,2.538441102,1.008350134
2018/4/16 2:00,0,2.555793126,0.980428914
2018/4/16 2:15,0,2.657629411,1.098285814
2018/4/16 2:30,0,2.900565147,1.308063269
2018/4/16 2:45,0,2.574139039,0.949361086
2018/4/16 3:00,0,2.370763779,0.773343941
2018/4/16 3:15,0,2.624596516,1.029766679
2018/4/16 3:30,0,2.709036668,1.091263652
2018/4/16 3:45,0,2.858736038,1.263966561
2018/4/16 4:00,0,2.923090696,1.326444825
2018/4/16 4:15,0,2.864003261,1.207490563
2018/4/16 4:30,0,2.54088219,0.959225655
2018/4/16 4:45,0,2.59535869,0.994982143
2018/4/16 5:00,0,2.551674604,0.985030711
2018/4/16 5:15,0,2.402519147,0.81346333
2018/4/16 5:30,0,2.782608906,1.157686869
2018/4/16 5:45,0,2.815009832,1.190807859
2018/4/16 6:00,0,2.619964282,0.976510247
2018/4/16 6:15,0,2.850497564,1.157092611
2018/4/16 6:30,0,2.994914611,1.353765408
2018/4/16 6:45,0,5.682304541,3.960200866
2018/4/16 7:00,0.059911108,17.85325559,9.825011891
2018/4/16 7:15,0.141466682,67.78051758,14.36618583
2018/4/16 7:30,0.475499993,129.5398255,19.69749705
2018/4/16 7:45,1.152844429,200.0818787,24.32442792
2018/4/16 8:00,1.558811108,273.1094971,29.75363922
2018/4/16 8:15,1.948666612,348.5740662,34.74745814
2018/4/16 8:30,2.313733419,417.1307881,41.28764343
2018/4/16 8:45,2.659733454,476.4685465,45.19388072
2018/4/16 9:00,2.959433317,522.8150838,48.2609876
2018/4/16 9:15,3.253077666,571.0891113,53.55593999
2018/4/16 9:30,3.534789006,618.5264892,57.16280365
2018/4/16 9:45,3.781633298,671.0024211,67.60717519
2018/4/16 10:00,3.988900264,711.0397746,70.96277618
2018/4/16 10:15,4.16449976,749.3447876,68.70863342
2018/4/16 10:30,4.326099873,785.078125,70.46294912
2018/4/16 10:45,4.450755914,813.2251791,59.84328079
2018/4/16 11:00,4.610699654,852.6154582,62.29002635
2018/4/16 11:15,4.733544668,877.310201,61.89664586
2018/4/16 11:30,4.785067081,896.9007975,60.2745603
2018/4/16 11:45,4.81477801,919.6209107,61.19618352
2018/4/16 12:00,4.840744654,932.7292481,67.22303518
2018/4/16 12:15,4.869877497,935.7368367,68.7661438
2018/4/16 12:30,4.886511167,935.718221,71.13321177
2018/4/16 12:45,4.877822399,926.8083496,71.22466278
2018/4/16 13:00,4.797133287,918.2104899,71.74087779
2018/4/16 13:15,4.827877521,928.1703695,77.127388
2018/4/16 13:30,4.743500233,905.302592,74.43877411
2018/4/16 13:45,4.683466593,882.7413127,74.9262619
2018/4/16 14:00,4.544867039,847.157959,70.52722677
2018/4/16 14:15,4.460722446,814.053772,70.7781016
2018/4/16 14:30,4.311921914,778.2970784,68.10394287
2018/4/16 14:45,4.180267016,737.4526164,62.47801209
2018/4/16 15:00,4.006489197,693.6878052,57.33965047
2018/4/16 15:15,3.788555463,641.1601563,54.7153066
2018/4/16 15:30,3.546022256,589.3812459,51.82465744
2018/4/16 15:45,3.295744499,536.71698,49.24803797
2018/4/16 16:00,3.011255503,485.6122437,48.06973902
2018/4/16 16:15,2.711733421,435.6481018,49.58752441
2018/4/16 16:30,2.393788894,379.0549927,47.08861288
2018/4/16 16:45,2.032744487,318.5541178,45.47923406
2018/4/16 17:00,1.606455564,247.1428528,43.19173813
2018/4/16 17:15,1.224599997,117.1569811,41.20404943
2018/4/16 17:30,0.609566709,38.44822311,31.72437096
2018/4/16 17:45,0.507099986,27.32908249,24.52920723
2018/4/16 18:00,0.149022237,22.92379125,19.84847705
2018/4/16 18:15,0.009355554,11.66543118,9.842749596
2018/4/16 18:30,0,4.716042837,3.214218298
2018/4/16 18:45,0,3.932220777,2.49564751
2018/4/16 19:00,0,3.423190355,1.928011576
2018/4/16 19:15,0,3.525716225,2.033548355
2018/4/16 19:30,0,3.212172111,1.740742366
2018/4/16 19:45,0,3.999217192,2.495741685
2018/4/16 20:00,0,4.573853334,2.982188781
2018/4/16 20:15,0,4.230515003,2.666160186
2018/4/16 20:30,0,3.926049789,2.283719142
2018/4/16 20:45,0,4.178111553,2.619409799
2018/4/16 21:00,0,3.859122515,2.278268814
2018/4/16 21:15,0,3.37179486,1.74051551
2018/4/16 21:30,0,3.224775076,1.583529472
2018/4/16 21:45,0,2.835560322,1.30191656
2018/4/16 22:00,0,2.934245666,1.356277744
2018/4/16 22:15,0,2.874453306,1.242702961
2018/4/16 22:30,0,2.936599175,1.33707567
2018/4/16 22:45,0,2.898874442,1.34259212
2018/4/16 23:00,0,2.572923819,1.066752474
2018/4/16 23:15,0,2.246967554,0.699711025
2018/4/16 23:30,0,2.247098684,0.728184084
2018/4/16 23:45,0,2.937594096,1.283574402
2018/4/17 0:00,0,2.987314383,1.361997684
2018/4/17 0:15,0,3.08072114,1.445184986
2018/4/17 0:30,0,2.820599635,1.205041051
2018/4/17 0:45,0,2.793685754,1.158242226
2018/4/17 1:00,0,3.341093063,1.679446935
2018/4/17 1:15,0,2.904179255,1.281783283
2018/4/17 1:30,0,2.425430536,0.861689886
2018/4/17 1:45,0,2.459606965,0.882230262
2018/4/17 2:00,0,2.647978703,1.022491415
2018/4/17 2:15,0,2.773915768,1.212161084
2018/4/17 2:30,0,2.750238021,1.163759748
2018/4/17 2:45,0,3.052082459,1.451800585
2018/4/17 3:00,0,3.210773866,1.547098597
2018/4/17 3:15,0,3.070019643,1.454086979
2018/4/17 3:30,0,2.935031414,1.293439905
2018/4/17 3:45,0,3.047534466,1.373713096
2018/4/17 4:00,0,2.83529218,1.19456768
2018/4/17 4:15,0,2.616668622,0.993904849
2018/4/17 4:30,0,2.797312737,1.166539788
2018/4/17 4:45,0,2.789996863,1.126312534
2018/4/17 5:00,0,2.835817496,1.179378788
2018/4/17 5:15,0,3.045340061,1.343096256
2018/4/17 5:30,0,2.703016043,1.086463392
2018/4/17 5:45,0,2.912033001,1.278143525
2018/4/17 6:00,0,2.703396479,1.086022258
2018/4/17 6:15,0,2.538160801,0.932223439
2018/4/17 6:30,0,2.433290799,0.886033833
2018/4/17 6:45,0,5.149186214,3.306687752
2018/4/17 7:00,0.05674444,17.41517003,7.339418411
2018/4/17 7:15,0.142055581,69.13994217,12.60776329
2018/4/17 7:30,0.474066665,129.6666463,18.15194893
2018/4/17 7:45,1.154744387,199.8068288,22.99096871
2018/4/17 8:00,1.561333378,272.1822103,26.95052465
2018/4/17 8:15,1.944233338,347.5680339,32.91537412
2018/4/17 8:30,2.311911185,416.3115132,39.23404821
2018/4/17 8:45,2.663222233,478.9120382,44.78164673
2018/4/17 9:00,2.990755319,524.7751058,48.54446411
2018/4/17 9:15,3.294255733,571.2982178,51.75896708
2018/4/17 9:30,3.558944384,616.3921509,52.33561198
2018/4/17 9:45,3.816477776,672.7561035,66.23740641
2018/4/17 10:00,4.031300068,712.1714681,69.65390778
2018/4/17 10:15,4.212244511,752.0257568,68.68896993
2018/4/17 10:30,4.353355726,784.8718262,67.03954061
2018/4/17 10:45,4.529477755,818.4977417,57.6385587
2018/4/17 11:00,4.638911406,853.6875407,57.66430283
2018/4/17 11:15,4.767800172,883.6051229,57.89833069
2018/4/17 11:30,4.832377751,905.8345134,57.8611412
2018/4/17 11:45,4.90250047,926.2631836,56.86793137
2018/4/17 12:00,4.926299731,942.8023681,61.93385696
2018/4/17 12:15,11.97042275,946.0699666,63.8861618
2018/4/17 12:30,10.96501112,940.9193929,63.74290212
2018/4/17 12:45,11.94131072,938.963623,66.67383321
2018/4/17 13:00,10.89959987,928.4527995,65.84531148
2018/4/17 13:15,4.87524414,931.1337687,68.94539897
2018/4/17 13:30,4.784555276,915.7352091,72.39996083
2018/4/17 13:45,,893.5232544,71.25353495
2018/4/17 14:00,,858.9864502,69.28947957
2018/4/17 14:15,,822.3228353,65.56009928
2018/4/17 14:30,4.341533343,783.0157674,65.15549596
2018/4/17 14:45,4.173711459,738.9261271,58.31674703
2018/4/17 15:00,3.958522399,694.4651286,53.24884287
2018/4/17 15:15,3.73513341,646.5122274,51.21151225
2018/4/17 15:30,3.527410825,591.4957072,49.01935832
2018/4/17 15:45,3.280422211,540.348409,49.82333628
2018/4/17 16:00,3.006266674,488.6430969,46.4908371
2018/4/17 16:15,2.695944468,435.7990621,46.63132095
2018/4/17 16:30,2.367822091,381.5640462,46.47151693
2018/4/17 16:45,2.014977693,320.0690308,46.1120402
2018/4/17 17:00,1.630322337,251.8906606,40.03468069
2018/4/17 17:15,1.259711146,120.6014379,40.70694606
2018/4/17 17:30,0.86175553,38.76388041,29.1853714
2018/4/17 17:45,0.479966661,23.29007403,20.94150543
2018/4/17 18:00,0.099177784,16.70155271,14.90489514
2018/4/17 18:15,0.003533333,10.28755029,8.757532916
2018/4/17 18:30,0,5.591800054,4.040863355
2018/4/17 18:45,0,5.799078465,4.160057942
2018/4/17 19:00,0,5.250212351,3.533903201
2018/4/17 19:15,0,2.556524635,1.240590393
2018/4/17 19:30,0,1.614612977,0.521360437
2018/4/17 19:45,0,2.343226274,0.851312518
2018/4/17 20:00,0,2.6773266,1.208345215
2018/4/17 20:15,0,3.976018429,2.433341702
2018/4/17 20:30,0,5.174202442,3.480132183
2018/4/17 20:45,0,4.596668561,3.003085454
2018/4/17 21:00,0,3.884743452,2.288485766
2018/4/17 21:15,0,3.561762731,1.902866324
2018/4/17 21:30,0,2.652752002,1.100903869
2018/4/17 21:45,0,2.792145014,1.254607598
2018/4/17 22:00,0,3.032206933,1.461836974
2018/4/17 22:15,0,2.387486418,0.908234537
2018/4/17 22:30,0,3.084614197,1.519429882
2018/4/17 22:45,0,3.008813064,1.396126588
2018/4/17 23:00,0,2.926109155,1.330864589
2018/4/17 23:15,0,2.658015808,1.091924349
2018/4/17 23:30,0,2.841611544,1.281429907
2018/4/17 23:45,0,2.549337864,0.973427375
2018/4/18 0:00,0,2.89820083,1.334241827
2018/4/18 0:15,0,2.876352231,1.271266023
2018/4/18 0:30,0,2.715362549,1.135799408
2018/4/18 0:45,0,3.034956853,1.422652841
2018/4/18 1:00,0,2.719764709,1.095481793
2018/4/18 1:15,0,2.895235459,1.263524572
2018/4/18 1:30,0,2.724308173,1.129418154
2018/4/18 1:45,0,3.071649154,1.396408717
2018/4/18 2:00,0,2.778905471,1.205580036
2018/4/18 2:15,0,2.903858344,1.297559976
2018/4/18 2:30,0,2.993457397,1.333780964
2018/4/18 2:45,0,2.991781076,1.376149575
2018/4/18 3:00,0,2.859733105,1.250009616
2018/4/18 3:15,0,2.627544403,1.003538946
2018/4/18 3:30,0,2.519595941,0.978113373
2018/4/18 3:45,0,2.578011592,0.95341444
2018/4/18 4:00,0,2.313164393,0.720468263
2018/4/18 4:15,0,2.073356629,0.532391319
2018/4/18 4:30,0,2.47776556,0.839927832
2018/4/18 4:45,0,2.812894821,1.152230024
2018/4/18 5:00,0,2.562369426,0.969340642
2018/4/18 5:15,0,2.703048706,1.064451953
2018/4/18 5:30,0,3.044629176,1.376804153
2018/4/18 5:45,0,2.930664778,1.339337627
2018/4/18 6:00,0,3.061013222,1.417375127
2018/4/18 6:15,0,2.372599085,0.841191193
2018/4/18 6:30,0,3.172645807,1.526640455
2018/4/18 6:45,0,5.335449775,3.606233199
2018/4/18 7:00,0.04873333,18.17653815,10.31756178
2018/4/18 7:15,0.144044464,61.05665843,15.3029782
2018/4/18 7:30,0.445377817,116.2205861,22.00558726
2018/4/18 7:45,1.234707103,182.875117,28.14081701
2018/4/18 8:00,0.955009136,252.3826192,33.01758639
2018/4/18 8:15,1.811444442,323.4450989,38.88354238
2018/4/18 8:30,2.166422288,389.0120748,45.58275732
2018/4/18 8:45,2.506911119,449.1004639,52.49751663
2018/4/18 9:00,2.840289195,496.7325134,58.23805491
2018/4/18 9:15,3.134511073,542.9170532,60.83658472
2018/4/18 9:30,3.385577758,589.6226807,62.74831517
2018/4/18 9:45,3.618800163,643.1434326,77.92358144
2018/4/18 10:00,3.819399913,682.4765218,78.7346522
2018/4/18 10:15,4.000622272,723.8139242,79.16945394
2018/4/18 10:30,4.147355874,759.6468913,74.25152842
2018/4/18 10:45,4.268332958,787.0043946,66.07193756
2018/4/18 11:00,4.371244271,819.6573486,64.22017288
2018/4/18 11:15,4.475733598,851.87618,67.66980998
2018/4/18 11:30,4.56204478,876.2273967,65.58098602
2018/4/18 11:45,4.614333153,899.5141398,71.58868917
2018/4/18 12:00,4.620355447,909.9942423,73.54136403
2018/4/18 12:15,4.643000285,909.9083252,79.00730133
2018/4/18 12:30,4.645222346,904.6219279,79.30998993
2018/4/18 12:45,4.627800147,900.9441935,86.02153015
2018/4/18 13:00,4.640488783,890.2132161,85.77750397
2018/4/18 13:15,4.583710988,888.4152832,88.77220408
2018/4/18 13:30,4.452155908,868.4841919,82.73128001
2018/4/18 13:45,4.437422434,851.2660929,86.94489034
2018/4/18 14:00,4.312733174,815.0250854,81.79357147
2018/4/18 14:15,4.226689021,780.6573283,79.0443217
2018/4/18 14:30,4.076222102,744.5195516,77.95660909
2018/4/18 14:45,3.937355757,702.2721558,71.90144602
2018/4/18 15:00,3.765422265,662.1443685,73.5822703
2018/4/18 15:15,3.555511315,610.0719604,65.90455882
2018/4/18 15:30,3.332244555,559.2081299,61.82932917
2018/4/18 15:45,3.094333172,506.9340719,58.26821137
2018/4/18 16:00,2.804533402,458.0179545,57.16161855
2018/4/18 16:15,2.510888815,409.3398946,56.51272837
2018/4/18 16:30,2.197022279,354.9285482,55.26286443
2018/4/18 16:45,1.85782214,295.2833862,52.24561819
2018/4/18 17:00,1.476666689,231.1443125,46.91311518
2018/4/18 17:15,1.106111169,100.6038462,44.58172226
2018/4/18 17:30,0.732199987,41.44070244,33.40565109
2018/4/18 17:45,0.391111116,26.30528323,24.16066805
2018/4/18 18:00,0.082777772,18.3803908,16.60309664
2018/4/18 18:15,0.004955555,9.44310077,7.96346283
2018/4/18 18:30,0,5.28879865,3.822430611
2018/4/18 18:45,0,4.091208378,2.659778754
2018/4/18 19:00,0,4.159170389,2.709281842
2018/4/18 19:15,0,4.959363619,3.408726295
2018/4/18 19:30,0,4.887758414,3.26204149
2018/4/18 19:45,0,3.937152624,2.406742334
2018/4/18 20:00,0,3.858431975,2.380679607
2018/4/18 20:15,0,3.019386848,1.517846942
2018/4/18 20:30,0,2.935032129,1.480207761
2018/4/18 20:45,0,2.543543815,1.047584951
2018/4/18 21:00,0,2.430341641,0.98348091
2018/4/18 21:15,0,2.816129446,1.297031124
2018/4/18 21:30,0,2.936157783,1.404659192
2018/4/18 21:45,0,3.14250803,1.599713166
2018/4/18 22:00,0,2.596104702,1.123843173
2018/4/18 22:15,0,3.156044006,1.594587962
2018/4/18 22:30,0,3.300713062,1.729563832
2018/4/18 22:45,0,3.082264026,1.566658854
2018/4/18 23:00,0,2.779744387,1.288726985
2018/4/18 23:15,0,2.764432748,1.234576742
2018/4/18 23:30,0,2.655154546,1.095651627
2018/4/18 23:45,0,1.718591889,0.538698971
2018/4/19 0:00,0,2.267067154,0.779151936
2018/4/19 0:15,0,2.662245512,1.141205629
2018/4/19 0:30,0,2.853636185,1.346143365
2018/4/19 0:45,0,2.928385814,1.357580582
2018/4/19 1:00,0,2.571357171,1.013342718
2018/4/19 1:15,0,2.624395053,1.090547442
2018/4/19 1:30,0,2.790596167,1.293817898
2018/4/19 1:45,0,2.932906707,1.364875118
2018/4/19 2:00,0,3.028135856,1.454155485
2018/4/19 2:15,0,2.933707237,1.389401992
2018/4/19 2:30,0,2.813057899,1.283214132
2018/4/19 2:45,0,2.600663264,1.052621404
2018/4/19 3:00,0,2.501336575,0.916106562
2018/4/19 3:15,0,1.83091863,0.56368193
2018/4/19 3:30,0,1.20077912,0.456529349
2018/4/19 3:45,0,1.208835324,0.485598465
2018/4/19 4:00,0,1.207657059,0.502355595
2018/4/19 4:15,0,4.223004659,3.008512557
2018/4/19 4:30,0,8.970537502,7.199056466
2018/4/19 4:45,0,6.368938605,4.777222951
2018/4/19 5:00,0,4.48180151,2.846604983
2018/4/19 5:15,0,4.171103795,2.533140262
2018/4/19 5:30,0,3.520589193,1.856412967
2018/4/19 5:45,0,3.171836535,1.556809942
2018/4/19 6:00,0,2.876055876,1.276767453
2018/4/19 6:15,0,2.73563226,1.161366423
2018/4/19 6:30,0,3.041137616,1.421390533
2018/4/19 6:45,0,5.071111838,3.373806635
2018/4/19 7:00,0.057533335,19.27912458,12.48527988
2018/4/19 7:15,0.294511134,85.71178689,41.99674098
2018/4/19 7:30,0.67728886,163.47612,78.38389587
2018/4/19 7:45,0.651711067,131.9764684,107.5128911
2018/4/19 8:00,0.973777771,172.2573801,143.0546926
2018/4/19 8:15,1.064911087,205.6788584,175.1310476
2018/4/19 8:30,1.791466713,334.0291036,209.0113678
2018/4/19 8:45,1.859044473,336.0466003,246.7437642
2018/4/19 9:00,1.679555496,321.7852885,272.8377787
2018/4/19 9:15,2.352266788,416.4947917,305.120402
2018/4/19 9:30,2.500755469,516.5241089,323.43455
2018/4/19 9:45,2.777222157,537.3748779,322.4550578
2018/4/19 10:00,3.229133367,628.3679606,255.3414408
2018/4/19 10:15,3.295133352,577.9688721,226.0113169
2018/4/19 10:30,4.145089149,754.5085042,191.3443858
2018/4/19 10:45,4.368444284,850.3211263,167.8342743
2018/4/19 11:00,3.638710975,704.8190715,207.142807
2018/4/19 11:15,4.97366635,987.756083,231.7291158
2018/4/19 11:30,5.107133548,1030.708476,270.8651733
2018/4/19 11:45,4.298733314,863.1810506,263.1285299
2018/4/19 12:00,4.196400324,785.8545939,210.8402151
2018/4/19 12:15,3.414311091,692.5379435,199.8531392
2018/4/19 12:30,4.292377472,804.9973958,190.7080485
2018/4/19 12:45,4.729422092,930.684611,129.1376546
2018/4/19 13:00,4.591333071,901.8926798,104.7597377
2018/4/19 13:15,4.520910899,892.5065918,103.1493454
2018/4/19 13:30,4.477000078,893.1629842,116.0399882
2018/4/19 13:45,4.436066786,869.9820557,122.3918788
2018/4/19 14:00,4.355821927,845.8516642,125.0244065
2018/4/19 14:15,4.307933171,812.9205119,118.5696513
2018/4/19 14:30,3.692977746,687.8938395,127.2848256
2018/4/19 14:45,4.466422081,850.7172241,238.8589783
2018/4/19 15:00,4.292133649,877.9677734,302.7826335
2018/4/19 15:15,4.069088856,789.3907064,243.0304209
2018/4/19 15:30,3.662733476,649.1380819,166.0401204
2018/4/19 15:45,3.152777672,500.2371114,153.5386352
2018/4/19 16:00,3.124822378,531.417155,150.6065979
2018/4/19 16:15,2.704466581,434.288147,115.8907572
2018/4/19 16:30,1.395288884,247.6305135,107.6234182
2018/4/19 16:45,2.048800071,327.9999491,78.24820963
2018/4/19 17:00,1.300044417,230.932368,88.63358815
2018/4/19 17:15,0.811733345,100.1898295,85.42901866
2018/4/19 17:30,0.367933323,64.17683029,59.45193863
2018/4/19 17:45,0.112355558,36.13540522,33.72087161
2018/4/19 18:00,0.045977772,20.81455676,18.40165583
2018/4/19 18:15,-0.000755556,8.085085868,6.695336183
2018/4/19 18:30,0,5.101096789,3.638348182
2018/4/19 18:45,0,5.661632697,4.093195518
2018/4/19 19:00,0,4.911337375,3.356210788
2018/4/19 19:15,0,3.679810127,2.29963541
2018/4/19 19:30,0,1.973877152,0.639466882
2018/4/19 19:45,0,1.500109832,0.589347819
2018/4/19 20:00,0,1.685072939,0.599580864
2018/4/19 20:15,0,1.898052772,0.610856275
2018/4/19 20:30,0,1.788968364,0.621847669
2018/4/19 20:45,0,1.386379202,0.611763239
2018/4/19 21:00,0,1.609607021,0.615803858
2018/4/19 21:15,0,2.16046691,0.760928829
2018/4/19 21:30,0,2.254708767,0.864323696
2018/4/19 21:45,0,2.814689239,1.437563896
2018/4/19 22:00,0,1.890151978,0.659343262
2018/4/19 22:15,0,1.801508585,0.656814098
2018/4/19 22:30,0,1.585189183,0.70996815
2018/4/19 22:45,0,3.275459449,1.818942428
2018/4/19 23:00,0,2.675871849,1.256127755
2018/4/19 23:15,0,3.15140748,1.767895381
2018/4/19 23:30,0,5.529580116,3.937819878
2018/4/19 23:45,0,5.840304216,4.186349789
2018/4/20 0:00,0,3.299144586,1.853297134
2018/4/20 0:15,0,1.820419947,0.577676912
2018/4/20 0:30,0,2.77308766,1.288228313
2018/4/20 0:45,0,3.216048479,1.757271608
2018/4/20 1:00,0,2.279568195,0.868630012
2018/4/20 1:15,0,1.545433124,0.557148536
2018/4/20 1:30,0,2.385155519,1.021016777
2018/4/20 1:45,0,2.906961918,1.463210146
2018/4/20 2:00,0,4.138862928,2.572562138
2018/4/20 2:15,0,3.179434617,1.639957786
2018/4/20 2:30,0,3.240296682,1.721599062
2018/4/20 2:45,0,2.379691084,0.953379969
2018/4/20 3:00,0,2.432079236,0.96533076
2018/4/20 3:15,0,2.289051851,0.853274603
2018/4/20 3:30,0,2.837794145,1.334268332
2018/4/20 3:45,0,2.369672974,0.877359946
2018/4/20 4:00,0,3.129683177,1.626610041
2018/4/20 4:15,0,3.388019641,1.776711742
2018/4/20 4:30,0,3.172721307,1.616459608
2018/4/20 4:45,0,3.107484976,1.554109454
2018/4/20 5:00,0,2.497445822,0.985054135
2018/4/20 5:15,0,3.32885917,1.743906776
2018/4/20 5:30,0,3.51228412,1.901741425
2018/4/20 5:45,0,2.938705762,1.404546936
2018/4/20 6:00,0,3.39314874,1.747670531
2018/4/20 6:15,0,2.099783182,0.672517508
2018/4/20 6:30,0,2.399497986,0.907780468
2018/4/20 6:45,0,4.709074736,3.045251449
2018/4/20 7:00,0.044622212,14.92948532,9.473349093
2018/4/20 7:15,0.147333364,57.00067266,15.12504323
2018/4/20 7:30,0.463711133,112.5707118,21.94863701
2018/4/20 7:45,1.034733295,178.2492676,27.7202905
2018/4/20 8:00,1.4284,248.2588552,32.18374379
2018/4/20 8:15,1.797222177,318.3283589,37.22612254
2018/4/20 8:30,2.15088892,387.6746216,45.91859436
2018/4/20 8:45,2.529199998,454.1565959,59.23294322
2018/4/20 9:00,2.769044399,489.1931254,54.95773316
2018/4/20 9:15,3.015511116,532.7738037,55.5998408
2018/4/20 9:30,3.257911046,583.0413411,62.24152756
2018/4/20 9:45,3.465866804,634.4341227,77.52878316
2018/4/20 10:00,3.659555674,671.7127482,77.8758138
2018/4/20 10:15,3.91782252,733.2761027,105.3231227
2018/4/20 10:30,3.991955439,790.5032552,157.6240336
2018/4/20 10:45,2.652266502,517.4641316,384.851827
2018/4/20 11:00,1.75453333,360.085673,345.2278036
2018/4/20 11:15,1.708066702,335.237559,328.944987
2018/4/20 11:30,2.107955575,409.0646973,400.566274
2018/4/20 11:45,4.407600006,758.3143617,427.4627787
2018/4/20 12:00,3.344511191,523.68986,369.1050924
2018/4/20 12:15,3.80742232,617.1624451,369.6164652
2018/4/20 12:30,4.540199916,785.7652791,310.5165202
2018/4/20 12:45,2.102777878,461.4119262,315.3412171
2018/4/20 13:00,2.39839983,407.8541362,331.8931987
2018/4/20 13:15,1.995355487,381.2461344,352.5825094
2018/4/20 13:30,1.733311097,385.8314514,302.0044556
2018/4/20 13:45,3.310177723,574.9291483,308.7840983
2018/4/20 14:00,3.095133344,711.9578248,323.1891886
2018/4/20 14:15,1.540399949,314.1514587,296.99941
2018/4/20 14:30,4.43753322,663.5345357,319.15861
2018/4/20 14:45,3.869178057,710.5558268,243.756485
2018/4/20 15:00,3.679222266,693.1738891,183.1361033
2018/4/20 15:15,1.407488803,300.9506175,166.0906779
2018/4/20 15:30,2.451111158,348.8313192,142.0408274
2018/4/20 15:45,1.576333285,266.3528849,114.2238973
2018/4/20 16:00,0.592933337,121.9056575,108.0804062
2018/4/20 16:15,0.673200031,196.6724091,123.070961
2018/4/20 16:30,1.632733444,287.8247655,101.1151454
2018/4/20 16:45,1.865755518,300.9074961,114.4454117
2018/4/20 17:00,0.730111072,156.4856008,96.08191937
2018/4/20 17:15,0.973844478,121.6654663,84.65912374
2018/4/20 17:30,0.29686667,74.27068837,68.81413905
2018/4/20 17:45,0.164333344,42.15804291,38.56873767
2018/4/20 18:00,0.028955551,18.64139207,17.13903109
2018/4/20 18:15,8.89E-05,10.06967894,8.592147509
2018/4/20 18:30,0,6.037298361,4.543884754
2018/4/20 18:45,0,4.248048623,2.820404132
2018/4/20 19:00,0,3.241143545,1.807038784
2018/4/20 19:15,0,2.80538106,1.390851855
2018/4/20 19:30,0,2.841496865,1.438184142
2018/4/20 19:45,0,2.625278155,1.147324046
2018/4/20 20:00,0,1.879360874,0.614078581
2018/4/20 20:15,0,2.551753799,1.166465402
2018/4/20 20:30,0,2.241375566,0.852339427
2018/4/20 20:45,0,3.060308377,1.703129391
2018/4/20 21:00,0,2.04747804,0.918006301
2018/4/20 21:15,0,1.221554518,0.571918686
2018/4/20 21:30,0,1.47717011,0.580525518
2018/4/20 21:45,0,1.680281242,0.607295156
2018/4/20 22:00,0,2.511893193,1.123921573
2018/4/20 22:15,0,4.841270765,3.365770896
2018/4/20 22:30,0,5.403570811,3.790389061
2018/4/20 22:45,0,4.239548127,2.701413234
2018/4/20 23:00,0,3.241566499,1.72977217
2018/4/20 23:15,0,3.393506209,1.855338772
2018/4/20 23:30,0,4.004860242,2.539811691
2018/4/20 23:45,0,3.871438821,2.369257848
2018/4/21 0:00,0,3.186190526,1.738124331
2018/4/21 0:15,0,2.927703301,1.420927882
2018/4/21 0:30,0,2.891155958,1.429290374
2018/4/21 0:45,0,3.512044509,1.973926107
2018/4/21 1:00,0,3.172252576,1.655924758
2018/4/21 1:15,0,3.403238456,1.886805216
2018/4/21 1:30,0,3.313346545,1.799940864
2018/4/21 1:45,0,2.72777168,1.229947368
2018/4/21 2:00,0,2.885164102,1.316144466
2018/4/21 2:15,0,2.809421301,1.306959311
2018/4/21 2:30,0,2.741741737,1.227407694
2018/4/21 2:45,0,2.586206833,1.063920398
2018/4/21 3:00,0,2.298228105,0.843772958
2018/4/21 3:15,0,1.746614814,0.464841892
2018/4/21 3:30,0,1.659833868,0.467910916
2018/4/21 3:45,0,1.504744808,0.471064438
2018/4/21 4:00,0,1.890927315,0.516074796
2018/4/21 4:15,0,2.617294709,1.135032574
2018/4/21 4:30,0,2.343037009,0.913755059
2018/4/21 4:45,0,1.935265581,0.629225522
2018/4/21 5:00,0,2.22401607,0.713899354
2018/4/21 5:15,0,1.922763983,0.529880891
2018/4/21 5:30,0,2.715274731,1.197329442
2018/4/21 5:45,0,2.279190938,0.757235845
2018/4/21 6:00,0,2.425964594,0.899383088
2018/4/21 6:15,0,2.782615503,1.272155603
2018/4/21 6:30,0,3.003370126,1.493819277
2018/4/21 6:45,0,5.903235594,4.319939136
2018/4/21 7:00,0.053777775,20.28543854,15.03035831
2018/4/21 7:15,0.239000032,74.89494197,39.11927986
2018/4/21 7:30,0.5821111,126.2541605,66.52062861
2018/4/21 7:45,0.572666665,118.6397832,86.57427724
2018/4/21 8:00,0.486377756,90.54106394,79.81888326
2018/4/21 8:15,1.706555526,277.871053,61.64330419
2018/4/21 8:30,2.155044715,381.0437012,58.69157664
2018/4/21 8:45,2.561066707,461.2732137,84.70576986
2018/4/21 9:00,2.784022411,491.2552999,73.37906138
2018/4/21 9:15,2.991222222,523.3843689,71.93324788
2018/4/21 9:30,3.237777631,569.1432902,76.47025045
2018/4/21 9:45,3.445155541,619.9791056,96.02791341
2018/4/21 10:00,3.635133346,652.6004232,97.8664271
2018/4/21 10:15,3.858778,697.3085327,102.7667694
2018/4/21 10:30,4.036777655,731.9963582,97.8162918
2018/4/21 10:45,4.189711094,763.1156413,85.9220225
2018/4/21 11:00,4.27111117,800.8968506,102.2006022
2018/4/21 11:15,3.560644468,667.8645223,283.9211985
2018/4/21 11:30,4.015288909,758.5904541,301.3424632
2018/4/21 11:45,4.4071335,824.8514608,107.7757721
2018/4/21 12:00,4.620177746,884.1697184,83.23041026
2018/4/21 12:15,4.67915535,886.2304891,82.93859609
2018/4/21 12:30,4.671311061,887.3830159,87.89713287
2018/4/21 12:45,4.661044756,877.62205,87.12629446
2018/4/21 13:00,4.629666646,867.9377645,82.05753581
2018/4/21 13:15,4.589244366,861.5261231,81.81575012
2018/4/21 13:30,4.570000013,854.8689779,82.22577922
2018/4/21 13:45,4.499977748,831.327535,82.12708537
2018/4/21 14:00,4.387888908,798.7079468,80.23824056
2018/4/21 14:15,4.253555615,764.3078613,79.62538401
2018/4/21 14:30,4.115377903,727.681661,77.65441386
2018/4/21 14:45,3.943755786,686.3035278,71.88486989
2018/4/21 15:00,3.758933067,644.5155436,69.51618449
2018/4/21 15:15,3.566999833,596.8548788,66.12682088
2018/4/21 15:30,3.351244529,546.4296875,60.85188675
2018/4/21 15:45,3.097400188,495.2092692,57.20544307
2018/4/21 16:00,2.820088943,446.0171,53.12323125
2018/4/21 16:15,2.501955668,397.3010864,53.88869095
2018/4/21 16:30,2.169888894,342.1640218,51.89133199
2018/4/21 16:45,1.832977653,284.8175557,49.60891596
2018/4/21 17:00,1.474622329,222.8092957,43.63938014
2018/4/21 17:15,1.097822189,76.68030296,40.48387909
2018/4/21 17:30,0.71906666,31.41868337,28.32622909
2018/4/21 17:45,0.372488896,22.18595886,20.4351546
2018/4/21 18:00,0.049088884,15.15272681,13.65008195
2018/4/21 18:15,0.000955556,7.980680307,6.465135574
2018/4/21 18:30,0,3.894276619,2.468877713
2018/4/21 18:45,0,2.835842053,1.396248062
2018/4/21 19:00,0,3.59947594,2.143072684
2018/4/21 19:15,0,3.394368569,1.964764992
2018/4/21 19:30,0,3.894280593,2.368927201
2018/4/21 19:45,0,5.354623318,3.778927803
2018/4/21 20:00,0,4.416100264,2.827230851
2018/4/21 20:15,0,4.39358592,2.86392951
2018/4/21 20:30,0,4.31130441,2.765305758
2018/4/21 20:45,0,3.471261978,1.923288266
2018/4/21 21:00,0,3.442218224,1.878053586
2018/4/21 21:15,0,2.77565678,1.274247726
2018/4/21 21:30,0,3.09935983,1.571290771
2018/4/21 21:45,0,3.135570923,1.601590872
2018/4/21 22:00,0,3.212372621,1.622446656
2018/4/21 22:15,0,2.498080413,0.994300048
2018/4/21 22:30,0,3.193478822,1.617691716
2018/4/21 22:45,0,3.135420799,1.541013519
2018/4/21 23:00,0,2.936288516,1.288801233
2018/4/21 23:15,0,3.061597268,1.47880884
2018/4/21 23:30,0,2.782241901,1.216457009
2018/4/21 23:45,0,3.101059039,1.548158645
2018/4/22 0:00,0,2.733869712,1.204154293
2018/4/22 0:15,0,2.775343816,1.184383392
2018/4/22 0:30,0,2.46546189,0.879688998
2018/4/22 0:45,0,2.372455359,0.815525274
2018/4/22 1:00,0,2.888839006,1.300714215
2018/4/22 1:15,0,2.852744182,1.2827123
2018/4/22 1:30,0,2.694147905,1.12910221
2018/4/22 1:45,0,2.706526915,1.085721016
2018/4/22 2:00,0,2.613284508,1.053052445
2018/4/22 2:15,0,2.826905807,1.247709791
2018/4/22 2:30,0,2.666332801,1.08857892
2018/4/22 2:45,0,2.857723952,1.261856238
2018/4/22 3:00,0,2.629854838,1.012132128
2018/4/22 3:15,0,2.391485055,0.836638918
2018/4/22 3:30,0,2.545174638,0.977958322
2018/4/22 3:45,0,3.085943937,1.459107915
2018/4/22 4:00,0,2.772635142,1.153022985
2018/4/22 4:15,0,2.901698192,1.32104826
2018/4/22 4:30,0,3.03913188,1.361605406
2018/4/22 4:45,0,2.656228542,1.051588794
2018/4/22 5:00,0,2.278034608,0.704612414
2018/4/22 5:15,0,2.677744707,1.066209157
2018/4/22 5:30,0,2.849097093,1.22731336
2018/4/22 5:45,0,2.270671129,0.741351445
2018/4/22 6:00,0,2.368500074,0.801826298
2018/4/22 6:15,0,2.016040405,0.569770098
2018/4/22 6:30,0,2.812632402,1.192563772
2018/4/22 6:45,0,4.516485294,2.756038706
2018/4/22 7:00,0.039688883,14.15264304,8.679810842
2018/4/22 7:15,0.149066672,59.99976222,13.6547343
2018/4/22 7:30,0.513155579,117.4615936,19.26608213
2018/4/22 7:45,1.101888855,185.3014476,23.90897178
2018/4/22 8:00,1.50273331,256.8062846,27.93620554
2018/4/22 8:15,1.88439997,330.0882365,32.77115631
2018/4/22 8:30,2.252088944,399.6637675,39.44461314
2018/4/22 8:45,2.583489021,458.4982809,42.87413279
2018/4/22 9:00,2.890488863,504.6782837,47.19449615
2018/4/22 9:15,3.174622138,549.644633,50.04662577
2018/4/22 9:30,3.443422,602.3384196,58.17338053
2018/4/22 9:45,3.690822045,656.2059733,74.25885773
2018/4/22 10:00,3.912955682,691.6682332,70.59184011
2018/4/22 10:15,4.099266847,730.0769043,70.30363464
2018/4/22 10:30,4.257688681,767.7860514,65.71822993
2018/4/22 10:45,4.377266566,797.8295491,57.62516276
2018/4/22 11:00,4.518266996,833.7393799,60.50832367
2018/4/22 11:15,4.600199858,858.517924,59.16079966
2018/4/22 11:30,4.681867122,881.4660441,59.73115539
2018/4/22 11:45,4.745800018,901.600118,60.10719935
2018/4/22 12:00,4.787466685,910.1647542,61.66820272
2018/4/22 12:15,4.834111214,918.3683268,67.93338521
2018/4/22 12:30,4.782933076,910.6421712,65.43760173
2018/4/22 12:45,4.852200349,911.1420491,72.92870331
2018/4/22 13:00,4.849133173,895.2759603,70.87386322
2018/4/22 13:15,4.805689017,887.47229,69.76974742
2018/4/22 13:30,4.774844488,886.741272,74.61332194
2018/4/22 13:45,4.630711078,856.8231405,72.45141856
2018/4/22 14:00,4.556289196,826.9582723,71.65305328
2018/4/22 14:15,4.440910975,793.9718425,72.59452057
2018/4/22 14:30,4.281844298,748.4007161,68.78666178
2018/4/22 14:45,4.129733562,712.0580241,64.50275676
2018/4/22 15:00,3.943000158,672.1685181,61.49709701
2018/4/22 15:15,3.726711273,620.6286621,57.05303446
2018/4/22 15:30,3.502622207,569.5892131,51.56872177
2018/4/22 15:45,3.239977837,517.1233419,49.70693588
2018/4/22 16:00,2.965022246,468.893575,48.97584534
2018/4/22 16:15,2.664911191,418.2220459,46.10877609
2018/4/22 16:30,2.320155541,361.1641642,45.08399582
2018/4/22 16:45,1.957177837,299.7543945,43.62505086
2018/4/22 17:00,1.577266653,234.3941854,39.83824539
2018/4/22 17:15,1.185733279,74.37834804,37.5999616
2018/4/22 17:30,0.790866653,28.82379532,25.68288104
2018/4/22 17:45,0.417533328,20.25149917,18.56715584
2018/4/22 18:00,0.04288888,14.29968484,12.73147869
2018/4/22 18:15,0.001755545,7.523384889,5.976520697
2018/4/22 18:30,0,3.860955874,2.480904261
2018/4/22 18:45,0,3.630196253,2.149475813
2018/4/22 19:00,0,3.578418175,2.059502204
2018/4/22 19:15,0,3.632757425,2.153385004
2018/4/22 19:30,0,2.9778831,1.517312169
2018/4/22 19:45,0,4.065179825,2.527617772
2018/4/22 20:00,0,4.017834266,2.491020282
2018/4/22 20:15,0,4.30192105,2.76477472
2018/4/22 20:30,0,4.175468286,2.647252878
2018/4/22 20:45,0,3.724913994,2.145813624
2018/4/22 21:00,0,3.529276292,1.942157348
2018/4/22 21:15,0,3.252753735,1.705473224
2018/4/22 21:30,0,3.297944943,1.694736799
2018/4/22 21:45,0,2.754631678,1.225346088
2018/4/22 22:00,0,2.94239672,1.257702112
2018/4/22 22:15,0,2.627417882,1.070241432
2018/4/22 22:30,0,2.925319354,1.361495535
2018/4/22 22:45,0,3.242001216,1.606960694
2018/4/22 23:00,0,3.01231273,1.439596295
2018/4/22 23:15,0,3.215957244,1.666758935
2018/4/22 23:30,0,2.842206637,1.273170988
2018/4/22 23:45,0,2.925852855,1.298098723
2018/4/23 0:00,0,3.097286224,1.501365542
2018/4/23 0:15,0,3.043028195,1.426149487
2018/4/23 0:30,0,2.797221979,1.218028347
2018/4/23 0:45,0,2.889437993,1.251941681
2018/4/23 1:00,0,2.839862744,1.258810798
2018/4/23 1:15,0,2.727249622,1.119870404
2018/4/23 1:30,0,2.847317695,1.219430705
2018/4/23 1:45,0,3.064941645,1.438243031
2018/4/23 2:00,0,2.743172407,1.10663108
2018/4/23 2:15,0,3.067588806,1.438364466
2018/4/23 2:30,0,2.94103241,1.324049592
2018/4/23 2:45,0,2.719127496,1.090025902
2018/4/23 3:00,0,2.81781586,1.187590837
2018/4/23 3:15,0,2.860190153,1.258743087
2018/4/23 3:30,0,2.497340044,0.937880595
2018/4/23 3:45,0,2.758918444,1.149143577
2018/4/23 4:00,0,2.90817531,1.248860359
2018/4/23 4:15,0,2.757039626,1.120513678
2018/4/23 4:30,0,3.120226065,1.493753513
2018/4/23 4:45,0,2.89767623,1.256110231
2018/4/23 5:00,0,2.817534129,1.156532069
2018/4/23 5:15,0,2.684335152,1.022614399
2018/4/23 5:30,0,2.872513453,1.219230215
2018/4/23 5:45,0,2.617564758,1.016183038
2018/4/23 6:00,0,2.592324893,0.973349452
2018/4/23 6:15,0,2.909643253,1.254458388
2018/4/23 6:30,0,2.900508165,1.226201057
2018/4/23 6:45,0,4.763845046,3.007957776
2018/4/23 7:00,0.038755548,12.57968744,7.404938857
2018/4/23 7:15,0.146155568,59.30442047,12.70693716
2018/4/23 7:30,0.52695555,116.6070506,18.75420507
2018/4/23 7:45,1.112311046,184.5016683,23.51579476
2018/4/23 8:00,1.51546673,255.9405721,27.45565669
2018/4/23 8:15,1.89977777,328.7213236,31.08657964
2018/4/23 8:30,2.249311129,394.2267253,35.70251719
2018/4/23 8:45,2.575244268,453.8434245,41.78866069
2018/4/23 9:00,2.875222286,503.4640503,45.85238012
2018/4/23 9:15,3.160622199,549.2667033,50.73050435
2018/4/23 9:30,3.431999922,603.7186686,55.89332326
2018/4/23 9:45,3.684266567,659.5026042,74.27880096
2018/4/23 10:00,3.892844438,694.6114909,70.3515447
2018/4/23 10:15,4.095866521,731.3469849,69.39440409
2018/4/23 10:30,4.265399933,768.3445434,66.32704799
2018/4/23 10:45,4.38593324,799.120931,59.05502828
2018/4/23 11:00,4.532955805,832.7008667,59.05840556
2018/4/23 11:15,4.611822287,858.6376953,58.94028982
2018/4/23 11:30,4.663444519,878.3770345,56.65689087
2018/4/23 11:45,4.725155513,895.9423625,59.83086014
2018/4/23 12:00,4.771821975,915.065328,65.34047699
2018/4/23 12:15,4.78784434,916.4064738,63.95963033
2018/4/23 12:30,4.771910826,914.6434123,65.91606776
2018/4/23 12:45,4.721822103,905.799235,65.61182404
2018/4/23 13:00,4.708844185,899.4437663,70.47934723
2018/4/23 13:15,4.679577668,888.3225708,70.2997818
2018/4/23 13:30,4.596733252,874.0087687,71.5332133
2018/4/23 13:45,4.517311096,856.7976278,73.84601593
2018/4/23 14:00,4.465533098,821.0508423,69.36009979
2018/4/23 14:15,4.352733453,789.9242757,72.06931559
2018/4/23 14:30,4.204355875,747.5107829,65.11426544
2018/4/23 14:45,3.982311011,702.5698242,58.37007014
2018/4/23 15:00,3.852222284,666.7196249,60.75981394
2018/4/23 15:15,3.636710962,615.1162923,54.48624547
2018/4/23 15:30,3.422022502,565.5400594,50.71775563
2018/4/23 15:45,3.183599949,512.3796895,48.38683446
2018/4/23 16:00,2.899488846,460.4804586,44.68035126
2018/4/23 16:15,2.604022185,413.4847921,48.71779506
2018/4/23 16:30,2.263244232,352.5258789,42.52470652
2018/4/23 16:45,1.920466701,295.1071269,42.84622193
2018/4/23 17:00,1.553333322,232.481018,40.96445211
2018/4/23 17:15,1.158933282,78.25053405,37.61991373
2018/4/23 17:30,0.768022259,28.52474149,26.23358345
2018/4/23 17:45,0.399822215,21.30119387,19.76213392
2018/4/23 18:00,0.038022212,16.45653343,15.00988706
2018/4/23 18:15,0.002066655,9.650916735,8.068506877
2018/4/23 18:30,0,6.941332976,5.427834034
2018/4/23 18:45,0,5.730212052,4.077992042
2018/4/23 19:00,0,4.810412884,3.202447415
2018/4/23 19:15,0,4.5995574,3.03140831
2018/4/23 19:30,0,3.55170687,1.993067106
2018/4/23 19:45,0,2.120701273,0.730805228
2018/4/23 20:00,0,2.459208011,0.922732909
2018/4/23 20:15,0,3.184108496,1.659661134
2018/4/23 20:30,0,3.841807763,2.260372639
2018/4/23 20:45,0,3.025765339,1.510885318
2018/4/23 21:00,0,2.658701897,1.119961242
2018/4/23 21:15,0,3.081638654,1.547326366
2018/4/23 21:30,0,3.157188018,1.543013255
2018/4/23 21:45,0,2.891222397,1.400431633
2018/4/23 22:00,0,2.892944415,1.351381699
2018/4/23 22:15,0,2.213102897,0.735511701
2018/4/23 22:30,0,3.032392422,1.473859032
2018/4/23 22:45,0,2.78116409,1.198000471
2018/4/23 23:00,0,2.869404713,1.301076332
2018/4/23 23:15,0,2.86542058,1.260799845
2018/4/23 23:30,0,2.841068268,1.274960021
2018/4/23 23:45,0,2.847092628,1.320414225
2018/4/24 0:00,0,2.701609691,1.125449817
2018/4/24 0:15,0,3.03159229,1.443252643
2018/4/24 0:30,0,3.022494872,1.450555205
2018/4/24 0:45,0,2.735557556,1.143105229
2018/4/24 1:00,0,3.01110967,1.435155074
2018/4/24 1:15,0,2.495068947,0.879126986
2018/4/24 1:30,0,2.291969776,0.785823882
2018/4/24 1:45,0,2.160381476,0.6356694
2018/4/24 2:00,0,2.119118611,0.599124402
2018/4/24 2:15,0,2.786914667,1.169540147
2018/4/24 2:30,0,3.044259469,1.454020739
2018/4/24 2:45,0,3.145433426,1.524661422
2018/4/24 3:00,0,2.737570445,1.131444414
2018/4/24 3:15,0,2.877246936,1.31129535
2018/4/24 3:30,0,3.11300985,1.431742708
2018/4/24 3:45,0,2.878073931,1.290709496
2018/4/24 4:00,0,2.561504921,0.986045361
2018/4/24 4:15,0,2.525611877,0.909490446
2018/4/24 4:30,0,2.894117912,1.228342771
2018/4/24 4:45,0,2.606339137,1.038185318
2018/4/24 5:00,0,2.87923344,1.236956
2018/4/24 5:15,0,1.909990589,0.60925595
2018/4/24 5:30,0,1.428264419,0.435647497
2018/4/24 5:45,0,1.422523221,0.440707306
2018/4/24 6:00,0,1.879415552,0.454225341
2018/4/24 6:15,0,2.025050124,0.566651503
2018/4/24 6:30,0,2.152465502,0.634645194
2018/4/24 6:45,0,6.101477782,4.326148311
2018/4/24 7:00,0.041755549,15.21536382,10.21389087
2018/4/24 7:15,0.102222222,34.07010524,17.18083509
2018/4/24 7:30,0.553044463,105.603213,36.05931409
2018/4/24 7:45,1.020466645,166.8190969,33.44502386
2018/4/24 8:00,1.559999983,258.6953481,30.00497564
2018/4/24 8:15,1.906911095,327.4340922,32.24904188
2018/4/24 8:30,2.236022234,393.2159526,36.17663066
2018/4/24 8:45,2.542511304,451.2279358,40.92267354
2018/4/24 9:00,2.837000132,494.9386597,44.76012675
2018/4/24 9:15,3.123422146,541.8094686,48.54939779
2018/4/24 9:30,3.392621994,596.1645304,58.69737243
2018/4/24 9:45,3.639266729,647.2464396,73.62282054
2018/4/24 10:00,3.839910984,682.1665446,70.44282532
2018/4/24 10:15,4.035778046,720.2592163,71.94485219
2018/4/24 10:30,4.171488762,751.8498942,64.51082738
2018/4/24 10:45,4.31673336,787.9805502,61.31337102
2018/4/24 11:00,4.441977819,819.7284139,59.58971786
2018/4/24 11:15,4.54051129,843.5914714,58.89056142
2018/4/24 11:30,4.604911168,869.4555664,61.02048492
2018/4/24 11:45,4.670466741,887.8471883,62.79681269
2018/4/24 12:00,4.708044052,899.6541952,63.6817042
2018/4/24 12:15,4.715822379,903.5853068,69.17933146
2018/4/24 12:30,4.71086661,898.9914551,75.02987417
2018/4/24 12:45,4.72675546,904.7080688,83.79472351
2018/4/24 13:00,4.660355886,882.0201009,75.73388163
2018/4/24 13:15,4.611488978,862.5852458,72.40378062
2018/4/24 13:30,4.580466906,858.4323731,77.06983185
2018/4/24 13:45,4.504444599,831.9553426,70.30838776
2018/4/24 14:00,4.363511085,803.7879842,71.43664296
2018/4/24 14:15,4.237111092,769.891744,69.94703674
2018/4/24 14:30,4.078955809,731.7207031,68.68397013
2018/4/24 14:45,3.893555561,689.6415405,67.97881063
2018/4/24 15:00,3.772022088,648.8577881,67.36409759
2018/4/24 15:15,3.602933169,611.7667847,72.79648082
2018/4/24 15:30,3.29417785,554.1618652,88.63289642
2018/4/24 15:45,3.107177814,449.922821,71.73021571
2018/4/24 16:00,2.871422291,454.217336,58.50862503
2018/4/24 16:15,2.50777785,396.0530192,51.58904521
2018/4/24 16:30,2.18960007,341.7155355,47.73130671
2018/4/24 16:45,1.850933234,283.181661,46.46111043
2018/4/24 17:00,1.483066718,219.1150055,41.10013199
2018/4/24 17:15,1.100666722,71.97012075,39.32665761
2018/4/24 17:30,0.718133311,30.03933143,27.22140821
2018/4/24 17:45,0.361777772,21.09737968,19.48175494
2018/4/24 18:00,0.028866662,14.02469858,12.50847658
2018/4/24 18:15,-0.0011111,8.519121648,6.952036857
2018/4/24 18:30,0,5.626173179,4.047183037
2018/4/24 18:45,0,5.099687894,3.444458485
2018/4/24 19:00,0,4.812413216,3.259340286
2018/4/24 19:15,0,4.413682302,2.901161432
2018/4/24 19:30,0,3.940069993,2.380852223
2018/4/24 19:45,0,3.549298366,2.016315659
2018/4/24 20:00,0,2.703550895,1.207735598
2018/4/24 20:15,0,3.529239257,1.96904544
2018/4/24 20:30,0,3.308778763,1.721937378
2018/4/24 20:45,0,2.871289968,1.384469628
2018/4/24 21:00,0,2.602318525,1.106298029
2018/4/24 21:15,0,2.440306425,0.89203457
2018/4/24 21:30,0,2.889783144,1.357597172
2018/4/24 21:45,0,2.313116272,0.959455053
2018/4/24 22:00,0,3.045548916,1.49461623
2018/4/24 22:15,0,3.205302874,1.604572217
2018/4/24 22:30,0,3.358665943,1.760370374
2018/4/24 22:45,0,3.106050253,1.512385925
2018/4/24 23:00,0,2.77224652,1.176160057
2018/4/24 23:15,0,2.808901946,1.283933123
2018/4/24 23:30,0,2.902110418,1.401136041
2018/4/24 23:45,0,2.861883958,1.298083067
2018/4/25 0:00,0,2.928240697,1.358741442
2018/4/25 0:15,0,2.629737298,1.04707243
2018/4/25 0:30,0,2.788955053,1.22304678
2018/4/25 0:45,0,2.693647226,1.090847314
2018/4/25 1:00,0,2.489610672,0.928307156
2018/4/25 1:15,0,2.857941151,1.284993569
2018/4/25 1:30,0,2.826610009,1.20784533
2018/4/25 1:45,0,2.85937802,1.242626428
2018/4/25 2:00,0,2.896126429,1.280770421
2018/4/25 2:15,0,2.782656352,1.165811221
2018/4/25 2:30,0,2.241167148,0.694832802
2018/4/25 2:45,0,3.031800509,1.454703689
2018/4/25 3:00,0,2.687444925,1.123991132
2018/4/25 3:15,0,2.685892979,1.088661671
2018/4/25 3:30,0,2.431509733,0.851763904
2018/4/25 3:45,0,2.690487067,1.076883952
2018/4/25 4:00,0,2.522863467,0.962238372
2018/4/25 4:15,0,3.005376101,1.350795587
2018/4/25 4:30,0,2.823677301,1.207827687
2018/4/25 4:45,0,2.876472712,1.25020202
2018/4/25 5:00,0,2.943179608,1.299976826
2018/4/25 5:15,0,2.384992759,0.800468564
2018/4/25 5:30,0,1.965368589,0.582222233
2018/4/25 5:45,0,2.676454385,1.056234261
2018/4/25 6:00,0,2.919941982,1.302826603
2018/4/25 6:15,0,2.857311726,1.244053165
2018/4/25 6:30,0,2.779869239,1.189982236
2018/4/25 6:45,0,4.061136246,2.400911371
2018/4/25 7:00,0.02902222,11.10319265,7.564296564
2018/4/25 7:15,0.155933345,53.67030716,12.42217414
2018/4/25 7:30,0.525044481,108.2162577,19.90853437
2018/4/25 7:45,1.043888867,171.4419454,24.68059794
2018/4/25 8:00,1.429488858,238.7562917,29.14384905
2018/4/25 8:15,1.796177785,309.5287069,37.13798904
2018/4/25 8:30,2.46188879,443.5921936,115.3467789
2018/4/25 8:45,2.24657774,369.8750203,217.2967072
2018/4/25 9:00,3.104555527,581.3143514,191.91922
2018/4/25 9:15,3.174800237,580.2193807,111.209432
2018/4/25 9:30,3.489688953,639.1007487,119.0012436
2018/4/25 9:45,3.781510989,705.567749,162.9647878
2018/4/25 10:00,3.613289038,696.978068,140.4980011
2018/4/25 10:15,3.823977868,716.2775675,112.117218
2018/4/25 10:30,3.673422257,710.046224,209.190328
2018/4/25 10:45,4.333377679,917.0812785,263.845815
2018/4/25 11:00,3.046310902,610.2994791,243.5938364
2018/4/25 11:15,4.418466886,805.4711711,83.60731253
2018/4/25 11:30,4.518555641,851.458313,75.18255361
2018/4/25 11:45,4.732755661,903.8095907,122.0612386
2018/4/25 12:00,4.639155706,877.6508586,109.4043249
2018/4/25 12:15,4.672888915,894.81427,91.44931793
2018/4/25 12:30,4.73066632,900.486145,104.6026179
2018/4/25 12:45,4.79520003,913.0500082,132.3484243
2018/4/25 13:00,4.859200319,954.4691569,169.2454325
2018/4/25 13:15,4.793933391,961.0541382,189.6668396
2018/4/25 13:30,4.594689051,877.1857503,119.9591064
2018/4/25 13:45,4.353088776,852.9929402,150.7083511
2018/4/25 14:00,3.8023115,665.8354899,109.4312871
2018/4/25 14:15,4.517466704,857.8711141,158.7385661
2018/4/25 14:30,2.313244442,485.0503235,143.9960225
2018/4/25 14:45,4.185155709,732.614563,161.4363556
2018/4/25 15:00,1.434000055,298.3343506,178.3302002
2018/4/25 15:15,1.130488873,216.1699931,195.8089447
2018/4/25 15:30,1.001155535,197.0001831,185.2938029
2018/4/25 15:45,1.006333471,204.3957469,156.6563212
2018/4/25 16:00,1.024600069,251.2181244,120.7760086
2018/4/25 16:15,0.63662225,112.8487117,97.29071299
2018/4/25 16:30,1.272888859,208.7148946,83.64830526
2018/4/25 16:45,1.843422214,292.3470764,79.60029093
2018/4/25 17:00,1.543622176,241.1049906,74.95252482
2018/4/25 17:15,1.002599994,81.59715397,54.19150416
2018/4/25 17:30,0.542422205,37.64092636,32.84366608
2018/4/25 17:45,0.203355561,22.72433853,20.41617521
2018/4/25 18:00,0.028311106,14.30746269,12.77744103
2018/4/25 18:15,-0.000622222,7.080546856,5.460653782
2018/4/25 18:30,0,4.801110903,3.303034862
2018/4/25 18:45,0,5.744870345,4.125718753
2018/4/25 19:00,0,4.761476676,3.139358839
2018/4/25 19:15,0,4.377205054,2.798089584
2018/4/25 19:30,0,3.247217576,1.713602106
2018/4/25 19:45,0,3.805226803,2.322996299
2018/4/25 20:00,0,3.527895848,1.948695501
2018/4/25 20:15,0,3.120622158,1.602451404
2018/4/25 20:30,0,2.560212692,1.08840406
2018/4/25 20:45,0,3.334233602,1.784433047
2018/4/25 21:00,0,2.869330724,1.296669285
2018/4/25 21:15,0,2.99047788,1.449805975
2018/4/25 21:30,0,3.56230259,1.973190467
2018/4/25 21:45,0,2.48558267,0.981573006
2018/4/25 22:00,0,2.970401049,1.407359481
2018/4/25 22:15,0,2.71991984,1.157708407
2018/4/25 22:30,0,3.01469183,1.472817977
2018/4/25 22:45,0,2.84679095,1.323690732
2018/4/25 23:00,0,3.02010568,1.476570169
2018/4/25 23:15,0,2.045557022,0.789347301
2018/4/25 23:30,0,2.288398743,0.982087096
2018/4/25 23:45,0,3.545155684,1.929707726
2018/4/26 0:00,0,3.217765013,1.6174951
2018/4/26 0:15,0,3.115900278,1.516694426
2018/4/26 0:30,0,3.004499515,1.367325982
2018/4/26 0:45,0,2.166165829,0.58002003
2018/4/26 1:00,0,2.784890652,1.201947987
2018/4/26 1:15,0,3.169829289,1.597601056
2018/4/26 1:30,0,2.897800843,1.298731009
2018/4/26 1:45,0,2.40617617,0.835975985
2018/4/26 2:00,0,2.356121699,0.790543934
2018/4/26 2:15,0,3.234294335,1.56406188
2018/4/26 2:30,0,3.049508571,1.456595222
2018/4/26 2:45,0,2.043177128,0.944129368
2018/4/26 3:00,0,1.675775925,1.212405543
2018/4/26 3:15,0,1.19595925,0.77911365
2018/4/26 3:30,0,1.95828267,1.473811627
2018/4/26 3:45,0,1.726232648,1.29481562
2018/4/26 4:00,0,1.302145879,0.896164239
2018/4/26 4:15,0,1.816204031,1.344634016
2018/4/26 4:30,0,1.462998986,1.048069378
2018/4/26 4:45,0,1.699717482,1.250920137
2018/4/26 5:00,0,1.823500156,1.373504857
2018/4/26 5:15,0,1.659582377,1.207696438
2018/4/26 5:30,0,1.48652037,1.049204667
2018/4/26 5:45,0,1.535271963,1.080252012
2018/4/26 6:00,0,1.03282849,0.734197716
2018/4/26 6:15,0,0.511006643,0.410945783
2018/4/26 6:30,0,0.435481121,0.412869195
2018/4/26 6:45,0,3.968716939,3.417940736
2018/4/26 7:00,0.025266662,10.45481141,9.59520165
2018/4/26 7:15,0.129599999,32.56805611,26.8109347
2018/4/26 7:30,0.278666705,61.53085709,58.12567393
2018/4/26 7:45,0.441577723,87.53914134,80.83003489
2018/4/26 8:00,0.54913338,105.839386,99.335612
2018/4/26 8:15,0.952022215,162.6541697,131.2606201
2018/4/26 8:30,1.339533369,230.8816427,173.6816152
2018/4/26 8:45,1.193400144,218.7720693,185.3960215
2018/4/26 9:00,2.395377755,390.6428731,174.2921143
2018/4/26 9:15,2.383977652,421.3611959,234.3410187
2018/4/26 9:30,2.994599899,534.8119202,268.7668406
2018/4/26 9:45,3.113088926,572.8353678,322.8608195
2018/4/26 10:00,2.677733262,503.1892598,335.0395609
2018/4/26 10:15,3.127488852,597.0302226,360.3192749
2018/4/26 10:30,2.99982206,535.354777,339.3741252
2018/4/26 10:45,3.523822228,640.7872721,336.1441345
2018/4/26 11:00,3.46086669,645.6717936,387.4635925
2018/4/26 11:15,4.087755521,763.5324707,350.2519429
2018/4/26 11:30,4.15986681,798.0504964,314.7231039
2018/4/26 11:45,4.213422298,831.846639,386.5276794
2018/4/26 12:00,3.919511318,749.0229289,540.7810466
2018/4/26 12:15,3.561622302,684.0029907,459.7476196
2018/4/26 12:30,4.195511182,784.4302572,333.7740784
2018/4/26 12:45,4.34433349,833.8662923,290.3164164
2018/4/26 13:00,3.689577898,670.4339396,365.8410543
2018/4/26 13:15,3.176222324,597.3522542,446.2976074
2018/4/26 13:30,3.877422174,707.7877401,380.1164246
2018/4/26 13:45,3.457711061,628.2482096,366.0976054
2018/4/26 14:00,3.798511028,702.2421468,326.6370239
2018/4/26 14:15,2.870355527,538.2182007,375.9778646
2018/4/26 14:30,2.731000026,511.024943,383.1738179
2018/4/26 14:45,1.642044425,315.837677,306.795695
2018/4/26 15:00,1.503755609,276.6375834,274.5029704
2018/4/26 15:15,1.387888869,258.7453206,251.9984945
2018/4/26 15:30,1.079333266,200.7471364,198.5017954
2018/4/26 15:45,1.152622144,212.8871562,206.4598083
2018/4/26 16:00,0.834399978,159.20637,157.7703298
2018/4/26 16:15,0.677311063,129.0439301,128.2581787
2018/4/26 16:30,0.423333317,87.75175221,87.39080049
2018/4/26 16:45,0.336333335,69.58699798,69.27066167
2018/4/26 17:00,0.265600036,56.97054545,56.96602503
2018/4/26 17:15,0.184111113,44.11948903,44.01379395
2018/4/26 17:30,0.125466684,34.11865489,34.08391825
2018/4/26 17:45,0.032777771,16.59028562,16.3780578
2018/4/26 18:00,0.002866666,7.333405336,7.031926233
2018/4/26 18:15,0,2.626953681,2.377787471
2018/4/26 18:30,0,1.791808009,1.542255084
2018/4/26 18:45,0,1.070676565,0.8739054
2018/4/26 19:00,0,1.216543675,0.988275846
2018/4/26 19:15,0,1.204637964,0.909918408
2018/4/26 19:30,0,1.172082901,0.902258237
2018/4/26 19:45,0,1.088095407,0.825974465
2018/4/26 20:00,0,0.865028242,0.670185109
2018/4/26 20:15,0,1.385023634,1.145266414
2018/4/26 20:30,0,1.499322891,1.33657368
2018/4/26 20:45,0,1.525678754,1.263503869
2018/4/26 21:00,0,1.558800737,1.389786482
2018/4/26 21:15,0,1.818771402,1.530475855
2018/4/26 21:30,0,1.233637293,0.876272797
2018/4/26 21:45,0,1.247572184,0.948302944
2018/4/26 22:00,0,1.580878298,1.32404987
2018/4/26 22:15,0,1.594834805,1.345820824
2018/4/26 22:30,0,1.514893134,1.212477823
2018/4/26 22:45,0,1.369996866,1.090827843
2018/4/26 23:00,0,0.954450289,0.616853714
2018/4/26 23:15,0,1.281992793,0.986553033
2018/4/26 23:30,0,1.465272069,1.208027582
2018/4/26 23:45,0,0.617476722,0.520984987
2018/4/27 0:00,0,1.21376582,0.86915799
2018/4/27 0:15,0,1.310964863,0.948584437
2018/4/27 0:30,0,1.588784695,1.269230008
2018/4/27 0:45,0,1.586333275,1.296777606
2018/4/27 1:00,0,1.716538906,1.45182093
2018/4/27 1:15,0,1.297019442,0.989764671
2018/4/27 1:30,0,1.011490901,0.691292544
2018/4/27 1:45,0,0.680086037,0.507253766
2018/4/27 2:00,0,1.636909843,1.299867908
2018/4/27 2:15,0,1.773626288,1.466623465
2018/4/27 2:30,0,1.377543092,1.026365002
2018/4/27 2:45,0,1.480015755,1.16730545
2018/4/27 3:00,0,1.698927999,1.382226229
2018/4/27 3:15,0,1.504000902,1.235041301
2018/4/27 3:30,0,1.605845133,1.377423604
2018/4/27 3:45,0,1.17222625,0.770167689
2018/4/27 4:00,0,1.256120642,0.874275307
2018/4/27 4:15,0,1.356831948,1.028864443
2018/4/27 4:30,0,1.537908515,1.208828409
2018/4/27 4:45,0,0.824602862,0.535701176
2018/4/27 5:00,0,0.973333895,0.633847565
2018/4/27 5:15,0,1.897400935,1.57225283
2018/4/27 5:30,0,1.988342285,1.606658061
2018/4/27 5:45,0,1.054973761,0.745326142
2018/4/27 6:00,0,0.841799438,0.536337634
2018/4/27 6:15,0,0.376995603,0.456975311
2018/4/27 6:30,0,0.769613743,0.528444886
2018/4/27 6:45,0,1.72822241,1.394028843
2018/4/27 7:00,0.005733333,6.563104469,6.09436671
2018/4/27 7:15,0.053599993,16.77313995,15.36915874
2018/4/27 7:30,0.117577769,25.82243983,20.08002662
2018/4/27 7:45,0.500288884,77.29436748,26.10001564
2018/4/27 8:00,1.272333324,200.4772542,33.86569977
2018/4/27 8:15,1.784377774,302.2876994,40.31967163
2018/4/27 8:30,2.158288956,374.8329265,51.32233175
2018/4/27 8:45,2.515733322,439.2393697,62.27876409
2018/4/27 9:00,2.821666638,473.384196,58.36545944
2018/4/27 9:15,3.115822395,519.3647766,62.44050853
2018/4/27 9:30,3.387177785,574.0134277,72.96623993
2018/4/27 9:45,3.616866827,620.501709,82.4603068
2018/4/27 10:00,3.824977875,654.1083781,79.87313843
2018/4/27 10:15,3.999488831,689.5102539,82.47796123
2018/4/27 10:30,4.179133097,717.5762126,82.3205897
2018/4/27 10:45,4.322710673,756.3271688,68.76211039
2018/4/27 11:00,4.427866777,782.5149129,66.73492177
2018/4/27 11:15,4.53979969,808.8677979,68.30845134
2018/4/27 11:30,4.625711441,833.2422689,67.46035258
2018/4/27 11:45,4.704866727,855.7362671,69.00153605
2018/4/27 12:00,4.737222354,867.4727376,70.85208893
2018/4/27 12:15,4.754777749,867.7445475,72.08173116
2018/4/27 12:30,4.757577737,868.774821,74.9403127
2018/4/27 12:45,4.770977815,861.2911377,74.75381724
2018/4/27 13:00,4.711755593,852.4972331,74.047671
2018/4/27 13:15,4.681577682,841.7745768,73.6865387
2018/4/27 13:30,4.603422006,823.531901,72.86816915
2018/4/27 13:45,4.518555323,811.9862874,73.93203735
2018/4/27 14:00,4.420577526,782.2684937,75.19462585
2018/4/27 14:15,4.281933467,749.5093791,73.2522583
2018/4/27 14:30,4.146310965,710.525533,69.52575175
2018/4/27 14:45,3.963133415,673.2161662,70.18487549
2018/4/27 15:00,3.810266654,630.231425,69.02445984
2018/4/27 15:15,3.612488985,588.53302,69.77474467
2018/4/27 15:30,3.325644811,525.7312012,76.92056783
2018/4/27 15:45,2.948888778,418.5880737,63.86746852
2018/4/27 16:00,2.834111134,434.115977,59.20105235
2018/4/27 16:15,2.499711116,381.5515238,54.2791214
2018/4/27 16:30,2.092844407,315.8834636,56.61932246
2018/4/27 16:45,1.690266688,252.542338,53.90707143
2018/4/27 17:00,1.402866721,200.5849508,46.3142039
2018/4/27 17:15,0.868377785,60.35414759,39.95234807
2018/4/27 17:30,0.617977778,29.85097059,28.02213478
2018/4/27 17:45,0.072577769,19.75598653,19.04920387
2018/4/27 18:00,0.02064444,11.33285427,10.87422752
2018/4/27 18:15,-2.22E-05,5.320887725,4.972951253
2018/4/27 18:30,0,3.669757048,3.35953784
2018/4/27 18:45,0,2.889636516,2.623809417
2018/4/27 19:00,0,1.305263241,1.10466663
2018/4/27 19:15,0,0.702152808,0.530436516
2018/4/27 19:30,0,1.397571286,1.15627716
2018/4/27 19:45,0,3.457301458,3.102838358
2018/4/27 20:00,0,3.77401638,3.361231645
2018/4/27 20:15,0,2.378195524,2.100021124
2018/4/27 20:30,0,2.369303068,1.980647405
2018/4/27 20:45,0,2.417290449,2.025435011
2018/4/27 21:00,0,1.266500016,1.045895089
2018/4/27 21:15,0,1.564402799,1.305663288
2018/4/27 21:30,0,1.92068251,1.503172815
2018/4/27 21:45,0,2.046943625,1.645505627
2018/4/27 22:00,0,0.90290608,0.594774614
2018/4/27 22:15,0,1.569241643,1.209660053
2018/4/27 22:30,0,1.111832668,0.850884795
2018/4/27 22:45,0,0.359436393,0.458955258
2018/4/27 23:00,0,2.264214356,1.909887393
2018/4/27 23:15,0,2.842853944,2.506216208
2018/4/27 23:30,0,2.97064352,2.562829097
2018/4/27 23:45,0,2.648885091,2.216115395
2018/4/28 0:00,0,2.72338136,2.232321978
2018/4/28 0:15,0,2.042648554,1.579425732
2018/4/28 0:30,0,2.177970409,1.704966625
2018/4/28 0:45,0,1.937473734,1.455139915
2018/4/28 1:00,0,1.954781095,1.51115934
2018/4/28 1:15,0,1.391238689,0.975627879
2018/4/28 1:30,0,0.870466292,0.58606569
2018/4/28 1:45,0,0.537523965,0.418482234
2018/4/28 2:00,0,0.710089763,0.439277619
2018/4/28 2:15,0,0.718053599,0.440042794
2018/4/28 2:30,0,0.918519417,0.537451794
2018/4/28 2:45,0,1.001116375,0.592325568
2018/4/28 3:00,0,0.779185951,0.47480459
2018/4/28 3:15,0,0.930718839,0.563427607
2018/4/28 3:30,0,1.265154561,0.825734059
2018/4/28 3:45,0,1.32508103,0.901548724
2018/4/28 4:00,0,1.553945938,1.198813001
2018/4/28 4:15,0,2.516616106,2.057036479
2018/4/28 4:30,0,2.99772954,2.579017401
2018/4/28 4:45,0,2.837195476,2.386238257
2018/4/28 5:00,0,2.679342588,2.225722114
2018/4/28 5:15,0,2.294524352,1.801328897
2018/4/28 5:30,0,2.200362682,1.680477897
2018/4/28 5:45,0,2.007546544,1.515539487
2018/4/28 6:00,0,1.876276691,1.3164922
2018/4/28 6:15,0,2.041319013,1.547666311
2018/4/28 6:30,0,1.835246484,1.322487473
2018/4/28 6:45,0,3.020012776,2.466889342
2018/4/28 7:00,0.025022221,9.177298863,8.106199265
2018/4/28 7:15,0.186200018,47.64941661,13.19962788
2018/4/28 7:30,0.553555558,100.5651016,19.24465497
2018/4/28 7:45,1.028199991,163.5685984,23.58028348
2018/4/28 8:00,1.425200025,231.5549469,27.90773328
2018/4/28 8:15,1.811111212,303.9283956,34.4942716
2018/4/28 8:30,2.171355565,371.6522013,39.4127744
2018/4/28 8:45,2.501266718,429.4989522,44.26443227
2018/4/28 9:00,2.821955601,474.4391073,48.86112722
2018/4/28 9:15,3.121644418,522.3878581,52.42036692
2018/4/28 9:30,3.402799924,576.1299031,62.86487579
2018/4/28 9:45,3.654688994,630.619812,78.70826721
2018/4/28 10:00,3.861511151,659.9787191,73.44542185
2018/4/28 10:15,4.046533426,696.3796794,71.63698578
2018/4/28 10:30,4.257199923,738.7663167,75.45466868
2018/4/28 10:45,4.32802248,777.0021566,133.2493388
2018/4/28 11:00,4.489110788,791.0241089,120.4137192
2018/4/28 11:15,4.27886653,718.7880859,188.3149389
2018/4/28 11:30,4.006044467,724.446818,162.8024699
2018/4/28 11:45,4.562577725,861.4998372,101.4993235
2018/4/28 12:00,4.720088959,870.1549683,72.3288854
2018/4/28 12:15,4.729955355,878.3258871,76.43463135
2018/4/28 12:30,4.705688317,868.550232,71.14552561
2018/4/28 12:45,4.703978062,864.6279907,72.31630961
2018/4/28 13:00,4.6792442,858.550354,73.68521881
2018/4/28 13:15,4.627533436,840.8691203,71.04847463
2018/4/28 13:30,4.528644403,823.8006999,72.26743317
2018/4/28 13:45,4.458710988,812.6739502,77.32481639
2018/4/28 14:00,4.344955603,782.7139486,72.52478536
2018/4/28 14:15,4.27039973,754.1425985,76.7346522
2018/4/28 14:30,4.15857776,716.9112956,80.84469605
2018/4/28 14:45,3.911155542,651.3130493,79.28692881
2018/4/28 15:00,3.805799961,631.56014,65.5571607
2018/4/28 15:15,3.578577757,581.8823649,60.6594162
2018/4/28 15:30,3.347355683,530.8307088,55.34580103
2018/4/28 15:45,3.08766675,480.5090129,55.2078921
2018/4/28 16:00,2.813133319,428.0880839,49.82323074
2018/4/28 16:15,2.511355559,381.9041748,51.96918742
2018/4/28 16:30,2.177933295,328.6402384,52.01130803
2018/4/28 16:45,0.96753338,147.0517146,45.2955068
2018/4/28 17:00,1.425222238,190.9124654,36.23371379
2018/4/28 17:15,1.033466637,56.22762171,36.79057057
2018/4/28 17:30,0.644177795,26.45922025,25.55404917
2018/4/28 17:45,0.263444431,18.55953661,18.19347381
2018/4/28 18:00,0.020644441,10.87199592,10.56974252
2018/4/28 18:15,-0.000577778,4.459902366,4.158189058
2018/4/28 18:30,0,2.365335067,2.125949939
2018/4/28 18:45,0,1.679997047,1.400526126
2018/4/28 19:00,0,2.129422585,1.850779017
2018/4/28 19:15,0,1.582705101,1.285031795
2018/4/28 19:30,0,1.738691529,1.488540014
2018/4/28 19:45,0,1.905031562,1.639512897
2018/4/28 20:00,0,1.766694546,1.456669529
2018/4/28 20:15,0,1.132273515,0.802115699
2018/4/28 20:30,0,1.761027336,1.488568425
2018/4/28 20:45,0,2.834604502,2.513030529
2018/4/28 21:00,0,3.454064767,3.033684254
2018/4/28 21:15,0,4.094184876,3.513101737
2018/4/28 21:30,0,3.949685256,3.342296759
2018/4/28 21:45,0,3.102841854,2.690279563
2018/4/28 22:00,0,2.146189689,1.709545414
2018/4/28 22:15,0,2.082195481,1.625599702
2018/4/28 22:30,0,1.985462268,1.539387305
2018/4/28 22:45,0,1.993408362,1.5163788
2018/4/28 23:00,0,1.832099994,1.416463733
2018/4/28 23:15,0,1.531769911,1.118600329
2018/4/28 23:30,0,1.439690908,1.003174464
2018/4/28 23:45,0,1.869793733,1.435898502
2018/4/29 0:00,0,1.962966283,1.516206503
2018/4/29 0:15,0,1.831237992,1.390503883
2018/4/29 0:30,0,1.734500965,1.25164473
2018/4/29 0:45,0,1.529358109,1.093854706
2018/4/29 1:00,0,1.632177393,1.214056571
2018/4/29 1:15,0,1.622410297,1.154864669
2018/4/29 1:30,0,1.54728357,1.068034748
2018/4/29 1:45,0,1.263930202,0.814639111
2018/4/29 2:00,0,1.616673509,1.170831561
2018/4/29 2:15,0,0.929689149,0.570338378
2018/4/29 2:30,0,0.912964901,0.533218295
2018/4/29 2:45,0,1.882071614,1.362774134
2018/4/29 3:00,0,1.812101364,1.315034588
2018/4/29 3:15,0,1.833882888,1.376028816
2018/4/29 3:30,0,2.220594168,1.636549274
2018/4/29 3:45,0,2.266987562,1.7415301
2018/4/29 4:00,0,1.969270706,1.445197662
2018/4/29 4:15,0,1.682284236,1.205407182
2018/4/29 4:30,0,1.593040069,1.067281703
2018/4/29 4:45,0,1.301049272,0.820767283
2018/4/29 5:00,0,1.677038153,1.179646095
2018/4/29 5:15,0,1.54068025,1.030869961
2018/4/29 5:30,0,1.596024474,1.023330788
2018/4/29 5:45,0,1.45726184,0.974038959
2018/4/29 6:00,0,1.423480888,0.977278908
2018/4/29 6:15,0,1.561411659,1.070113997
2018/4/29 6:30,0,1.749240796,1.190412978
2018/4/29 6:45,0,3.175791899,2.492839098
2018/4/29 7:00,0.024444443,8.602428753,7.752653599
2018/4/29 7:15,0.196133335,48.39511235,12.78277238
2018/4/29 7:30,0.569488903,100.6865768,17.93929545
2018/4/29 7:45,1.053866645,165.1109822,22.6323789
2018/4/29 8:00,1.455733419,233.8967031,27.1984431
2018/4/29 8:15,1.842466712,304.2702433,32.10464478
2018/4/29 8:30,2.214733203,376.0449727,38.76121394
2018/4/29 8:45,2.571533362,436.5940755,44.47599665
2018/4/29 9:00,2.908089002,480.0268351,48.53453445
2018/4/29 9:15,3.21119984,529.0458374,52.37575277
2018/4/29 9:30,3.467866659,579.7516276,60.85383224
2018/4/29 9:45,3.727311134,633.3720703,75.89606221
2018/4/29 10:00,3.937822104,664.8775431,71.36006673
2018/4/29 10:15,4.12740008,703.010376,68.44393667
2018/4/29 10:30,4.325644334,737.3826091,63.01806641
2018/4/29 10:45,4.448955854,769.173116,58.77958298
2018/4/29 11:00,4.565466404,798.6386922,57.43255107
2018/4/29 11:15,4.71188879,825.2503866,58.21415583
2018/4/29 11:30,4.791800181,849.0574951,61.1787529
2018/4/29 11:45,4.872843901,866.7699178,62.19971084
2018/4/29 12:00,4.903555711,879.2820434,64.04560343
2018/4/29 12:15,4.942133268,884.903951,70.52058411
2018/4/29 12:30,4.907266458,876.8930054,68.65713247
2018/4/29 12:45,4.90884463,873.3670247,70.08943939
2018/4/29 13:00,4.858666738,862.4552409,68.22597758
2018/4/29 13:15,4.830888748,848.7593791,68.35238647
2018/4/29 13:30,4.772111416,828.9643148,67.36049143
2018/4/29 13:45,4.675288995,815.9680582,71.36663564
2018/4/29 14:00,4.568466663,787.5811768,69.07830302
2018/4/29 14:15,4.444911162,757.15802,69.91384125
2018/4/29 14:30,4.30280002,720.9077555,68.32166544
2018/4/29 14:45,4.105955442,680.4775594,65.7684199
2018/4/29 15:00,3.918777943,632.6872762,59.41380564
2018/4/29 15:15,3.690133413,585.2971191,55.35063807
2018/4/29 15:30,3.452422142,535.8418782,51.97463481
2018/4/29 15:45,3.180711349,484.7197469,50.96618779
2018/4/29 16:00,2.899488847,432.4437765,47.41314443
2018/4/29 16:15,2.580044587,384.0970866,46.97536723
2018/4/29 16:30,2.228822152,326.5348104,44.79627864
2018/4/29 16:45,1.865111073,266.4133148,42.17535146
2018/4/29 17:00,1.477088928,202.3751526,39.15566508
2018/4/29 17:15,1.076199949,52.83607864,36.13768069
2018/4/29 17:30,0.68020002,25.58965047,24.74607022
2018/4/29 17:45,0.271155534,17.87816429,17.4436992
2018/4/29 18:00,0.021199995,11.14006901,10.78826523
2018/4/29 18:15,2.22E-05,4.705491225,4.37189587
2018/4/29 18:30,0,2.368481358,2.078379432
2018/4/29 18:45,0,2.130107284,1.804781357
2018/4/29 19:00,0,3.334225416,2.937657197
2018/4/29 19:15,0,3.441605966,2.969565233
2018/4/29 19:30,0,3.257051945,2.814667781
2018/4/29 19:45,0,1.674649318,1.296888769
2018/4/29 20:00,0,2.032282988,1.57406795
2018/4/29 20:15,0,3.074652831,2.60555625
2018/4/29 20:30,0,2.848760128,2.472666741
2018/4/29 20:45,0,2.795498451,2.317792733
2018/4/29 21:00,0,3.163356066,2.691295783
2018/4/29 21:15,0,2.78995498,2.315140009
2018/4/29 21:30,0,2.208261172,1.712811987
2018/4/29 21:45,0,1.313220203,0.938185125
2018/4/29 22:00,0,0.933156014,0.545661132
2018/4/29 22:15,0,2.153393825,1.642712275
2018/4/29 22:30,0,2.404405276,1.8395257
2018/4/29 22:45,0,1.699747801,1.236493409
2018/4/29 23:00,0,1.867337704,1.403833747
2018/4/29 23:15,0,1.640754183,1.115166743
2018/4/29 23:30,0,1.425147712,0.988205016
2018/4/29 23:45,0,2.274275621,1.740069548
2018/4/30 0:00,0,1.831183672,1.361276508
2018/4/30 0:15,0,2.123462796,1.569329063
2018/4/30 0:30,0,2.407325268,1.817812602
2018/4/30 0:45,0,2.439276377,1.80310452
2018/4/30 1:00,0,2.004682024,1.496561765
2018/4/30 1:15,0,1.911140362,1.397230585
2018/4/30 1:30,0,1.791947683,1.251631141
2018/4/30 1:45,0,1.840970119,1.316038569
2018/4/30 2:00,0,1.694569548,1.197189689
2018/4/30 2:15,0,1.047753096,0.644774914
2018/4/30 2:30,0,1.469010949,0.998206536
2018/4/30 2:45,0,1.695357363,1.212464491
2018/4/30 3:00,0,1.147041162,0.73546647
2018/4/30 3:15,0,1.631721655,1.112909674
2018/4/30 3:30,0,1.354667981,0.830254813
2018/4/30 3:45,0,1.946179509,1.381647547
2018/4/30 4:00,0,1.8248715,1.327461401
2018/4/30 4:15,0,1.897638202,1.348983169
2018/4/30 4:30,0,1.715009332,1.158519347
2018/4/30 4:45,0,1.675558408,1.134494742
2018/4/30 5:00,0,1.459471941,0.967742424
2018/4/30 5:15,0,1.673795064,1.176664333
2018/4/30 5:30,0,1.4452643,0.917440196
2018/4/30 5:45,0,1.573184331,1.051592608
2018/4/30 6:00,0,1.888433655,1.380876422
2018/4/30 6:15,0,1.575334231,1.080606997
2018/4/30 6:30,0,1.941579183,1.386573355
2018/4/30 6:45,0,2.170743307,1.624019504
2018/4/30 7:00,0.018333332,8.589581014,7.269793192
2018/4/30 7:15,0.191488892,46.01634089,12.93393485
2018/4/30 7:30,0.585644484,98.83105214,18.76852099
2018/4/30 7:45,1.055911064,163.3374939,23.62165578
2018/4/30 8:00,1.463711103,232.0875702,27.5546964
2018/4/30 8:15,1.853911122,302.7334595,32.37797546
2018/4/30 8:30,2.223577897,373.5753174,39.41900508
2018/4/30 8:45,2.579089006,434.2357178,45.18287659
2018/4/30 9:00,2.898133358,477.8976135,50.62979253
2018/4/30 9:15,3.196844339,527.4677327,54.48851649
2018/4/30 9:30,3.467577775,580.106018,65.21749751
2018/4/30 9:45,3.718555689,629.6127319,74.05211894
2018/4/30 10:00,3.917599996,662.5131429,72.66696676
2018/4/30 10:15,4.147577922,701.2928264,71.64012146
2018/4/30 10:30,4.306177616,734.2295736,64.4872373
2018/4/30 10:45,4.439066887,766.8870443,60.93291601
2018/4/30 11:00,4.569710572,796.6565145,60.66214371
2018/4/30 11:15,4.667666753,821.9663289,62.87771352
2018/4/30 11:30,4.739399751,841.9210612,63.70077515
2018/4/30 11:45,4.80306689,860.745992,66.46046702
2018/4/30 12:00,4.840111256,875.6638387,72.42166138
2018/4/30 12:15,4.882488886,883.3429565,80.33001455
2018/4/30 12:30,4.873544375,873.409668,75.29845683
2018/4/30 12:45,4.838511149,865.2499593,73.96016947
2018/4/30 13:00,4.808588505,856.408488,73.47318776
2018/4/30 13:15,4.751522223,841.527303,72.44424184
2018/4/30 13:30,4.681533495,824.1497192,72.20941671
2018/4/30 13:45,4.582910856,807.2463175,73.89365133
2018/4/30 14:00,4.459944248,781.394633,71.82290141
2018/4/30 14:15,4.319833438,748.8653158,70.6208725
2018/4/30 14:30,4.188233534,713.9349365,71.56416067
2018/4/30 14:45,3.990966558,671.4720866,66.9659551
2018/4/30 15:00,3.793988546,626.4956868,64.26005681
2018/4/30 15:15,3.598355691,576.2225748,58.52943547
2018/4/30 15:30,3.360488812,526.2007243,54.46083323
2018/4/30 15:45,3.105622292,477.8705342,55.23156738
2018/4/30 16:00,2.817722162,423.6784363,51.1791153
2018/4/30 16:15,2.501844486,374.5160319,51.39840825
2018/4/30 16:30,2.156955639,316.4261169,49.35287984
2018/4/30 16:45,1.797466636,257.2296549,48.13940175
2018/4/30 17:00,1.415233294,190.0243734,46.27749379
2018/4/30 17:15,1.011000017,54.85130437,43.64671961
2018/4/30 17:30,0.645211121,38.05603663,35.47432454
2018/4/30 17:45,0.182088871,28.35721969,26.45858447
2018/4/30 18:00,0.004922221,9.33583021,8.968854426
2018/4/30 18:15,-0.0004,4.070682128,3.654479662
2018/4/30 18:30,0,2.546312809,2.232023756
2018/4/30 18:45,0,2.508369446,2.133703073
2018/4/30 19:00,0,2.398126364,2.028779348
2018/4/30 19:15,0,2.10803616,1.71832792
2018/4/30 19:30,0,3.133403381,2.726616303
2018/4/30 19:45,0,3.959403992,3.459584554
2018/4/30 20:00,0,3.340463241,2.895223617
2018/4/30 20:15,0,2.589438359,2.154072245
2018/4/30 20:30,0,2.348119219,1.99478515
2018/4/30 20:45,0,1.615533511,1.250837485
2018/4/30 21:00,0,2.162443837,1.70525821
2018/4/30 21:15,0,2.02300787,1.620952686
2018/4/30 21:30,0,1.650404652,1.274100383
2018/4/30 21:45,0,1.250549098,0.838234345
2018/4/30 22:00,0,1.513247132,1.124528845
2018/4/30 22:15,0,1.273441295,0.873107393
2018/4/30 22:30,0,1.801750302,1.35890615
2018/4/30 22:45,0,1.997483333,1.60100166
2018/4/30 23:00,0,2.36873428,1.880442023
2018/4/30 23:15,0,2.105336944,1.67061015
2018/4/30 23:30,0,1.966522693,1.500040849
2018/4/30 23:45,0,2.187868357,1.744975329
2018/5/1 0:00,0,1.203739484,0.792444388
2018/5/1 0:15,0,1.008271118,0.631232143
2018/5/1 0:30,0,1.63299338,1.154604633
2018/5/1 0:45,0,1.998785575,1.505211671
2018/5/1 1:00,0,2.12289091,1.562245012
2018/5/1 1:15,0,1.362679124,0.911064188
2018/5/1 1:30,0,0.712791105,0.421649456
2018/5/1 1:45,0,0.501567205,0.41322118
2018/5/1 2:00,0,0.327151597,0.408194334
2018/5/1 2:15,0,0.407425285,0.418784668
2018/5/1 2:30,0,0.326372127,0.423136324
2018/5/1 2:45,0,0.338611464,0.446158369
2018/5/1 3:00,0,0.764811168,0.645199557
2018/5/1 3:15,0,4.989134788,4.481789589
2018/5/1 3:30,0,3.521513859,2.975058476
2018/5/1 3:45,0,2.618404706,2.213420749
2018/5/1 4:00,0,2.115089655,1.724321961
2018/5/1 4:15,0,1.730025927,1.323838155
2018/5/1 4:30,0,2.328146974,1.9115146
2018/5/1 4:45,0,2.539422591,2.093502482
2018/5/1 5:00,0,1.641625444,1.202382823
2018/5/1 5:15,0,1.366255283,0.890492161
2018/5/1 5:30,0,2.572044214,2.119606018
2018/5/1 5:45,0,2.5378232,2.005129735
2018/5/1 6:00,0,1.550485213,1.048831145
2018/5/1 6:15,0,1.368131638,0.892450492
2018/5/1 6:30,0,0.839689334,0.496892055
2018/5/1 6:45,0,0.717062255,0.471168677
2018/5/1 7:00,0.000955556,7.878094515,6.737419128
2018/5/1 7:15,0.071277775,25.10452016,17.82056046
2018/5/1 7:30,0.15148889,36.64762179,35.00134468
2018/5/1 7:45,0.379888902,76.79777908,73.85192617
2018/5/1 8:00,0.576599995,108.5819422,99.9809189
2018/5/1 8:15,0.518077791,99.83023326,92.46831513
2018/5/1 8:30,0.510233333,87.79038239,77.92902628
2018/5/1 8:45,0.49828883,87.99898783,82.28989156
2018/5/1 9:00,0.767366707,136.7564341,128.1755473
2018/5/1 9:15,1.390577753,238.5394999,161.8552856
2018/5/1 9:30,0.717299978,123.6483739,120.6842397
2018/5/1 9:45,0.847888847,144.1912588,134.2900925
2018/5/1 10:00,0.898799996,150.3745778,139.1317444
2018/5/1 10:15,1.206611077,208.1130676,196.018926
2018/5/1 10:30,1.646866758,274.6387939,247.2046967
2018/5/1 10:45,1.720910986,299.5471344,236.8230438
2018/5/1 11:00,2.303144336,344.8632202,148.8440501
2018/5/1 11:15,4.668111006,802.9004923,79.55072786
2018/5/1 11:30,4.54390049,820.7706706,70.382164
2018/5/1 11:45,4.539144516,841.6392008,73.21833293
2018/5/1 12:00,4.576677799,861.5656128,82.31647237
2018/5/1 12:15,4.608711084,867.403951,84.53471883
2018/5/1 12:30,4.663177649,861.4250692,82.67876434
2018/5/1 12:45,4.660188675,855.5018514,82.46976725
2018/5/1 13:00,4.642078082,852.7242432,86.6493276
2018/5/1 13:15,3.529566526,651.2222697,108.3812357
2018/5/1 13:30,3.069933335,548.1128845,117.6008682
2018/5/1 13:45,4.72921133,870.9291789,150.3228404
2018/5/1 14:00,4.534944216,839.078776,154.1423543
2018/5/1 14:15,3.874355475,737.6609904,139.536087
2018/5/1 14:30,4.01699996,716.9174601,173.2254995
2018/5/1 14:45,2.0661666,434.4624023,184.2344818
2018/5/1 15:00,2.253333251,411.6092631,120.5631205
2018/5/1 15:15,2.430466692,402.3765259,119.8318838
2018/5/1 15:30,3.654377778,577.7639974,135.4989751
2018/5/1 15:45,1.348666648,224.7074941,121.421931
2018/5/1 16:00,3.066299915,450.2208557,102.59493
2018/5/1 16:15,1.859955509,300.3278198,90.90169271
2018/5/1 16:30,2.181500038,323.5531413,65.05437469
2018/5/1 16:45,1.803722143,262.9936116,53.16670481
2018/5/1 17:00,0.581133296,101.9382858,56.01672236
2018/5/1 17:15,0.169144461,41.90311178,40.65119807
2018/5/1 17:30,0.556144456,32.84776624,31.35236613
2018/5/1 17:45,0.135400002,21.70714505,21.0108846
2018/5/1 18:00,0.018766663,13.85626062,13.29645983
2018/5/1 18:15,-0.000644444,6.556990147,6.191294034
2018/5/1 18:30,0,3.161801736,2.850455602
2018/5/1 18:45,0,2.183080435,1.8688972
2018/5/1 19:00,0,1.967232267,1.646311522
2018/5/1 19:15,0,1.404092153,1.083001594
2018/5/1 19:30,0,2.127726873,1.819579005
2018/5/1 19:45,0,1.90996925,1.53134493
2018/5/1 20:00,0,2.670271079,2.348096092
2018/5/1 20:15,0,1.701231758,1.323441267
2018/5/1 20:30,0,2.691862265,2.297018766
2018/5/1 20:45,0,2.295992056,1.906775991
2018/5/1 21:00,0,1.606553197,1.219261646
2018/5/1 21:15,0,1.591167331,1.24323531
2018/5/1 21:30,0,2.555771589,2.157900492
2018/5/1 21:45,0,2.332509756,1.897371968
2018/5/1 22:00,0,1.462039113,1.042647263
2018/5/1 22:15,0,1.771961928,1.404659351
2018/5/1 22:30,0,1.623647213,1.212187231
2018/5/1 22:45,0,1.148038447,0.7866895
2018/5/1 23:00,0,1.891131202,1.445128202
2018/5/1 23:15,0,1.931281129,1.505864223
2018/5/1 23:30,0,1.253581087,0.829664846
2018/5/1 23:45,0,2.292896986,1.80539314
2018/5/2 0:00,0,2.018206954,1.54748857
2018/5/2 0:15,0,1.682862917,1.302087466
2018/5/2 0:30,0,1.913508534,1.460918148
2018/5/2 0:45,0,2.114856164,1.687092423
2018/5/2 1:00,0,1.440825264,0.966920773
2018/5/2 1:15,0,1.908474684,1.427314917
2018/5/2 1:30,0,1.900913596,1.403098583
2018/5/2 1:45,0,1.367775003,0.885075132
2018/5/2 2:00,0,1.683176756,1.268205484
2018/5/2 2:15,0,1.163017432,0.73788921
2018/5/2 2:30,0,0.970464071,0.554445376
2018/5/2 2:45,0,1.129095594,0.69456768
2018/5/2 3:00,0,1.148628513,0.716885527
2018/5/2 3:15,0,1.273450335,0.861223837
2018/5/2 3:30,0,1.316679597,0.855931918
2018/5/2 3:45,0,1.195341507,0.818068226
2018/5/2 4:00,0,1.576279799,1.150038958
2018/5/2 4:15,0,1.604864597,1.188690026
2018/5/2 4:30,0,0.971307953,0.552236189
2018/5/2 4:45,0,1.031301916,0.673549245
2018/5/2 5:00,0,0.945967277,0.590350747
2018/5/2 5:15,0,1.322191357,0.880064031
2018/5/2 5:30,0,1.460125447,0.961135984
2018/5/2 5:45,0,1.374435782,0.978922566
2018/5/2 6:00,0,0.455603629,0.413575172
2018/5/2 6:15,0,0.369117786,0.417076767
2018/5/2 6:30,0,0.706357161,0.444897801
2018/5/2 6:45,0,1.362286508,0.963861028
2018/5/2 7:00,0.016666665,7.921440124,6.567866802
2018/5/2 7:15,0.188733354,40.85664368,13.04585266
2018/5/2 7:30,0.54267777,89.49223327,19.95136261
2018/5/2 7:45,0.978099942,152.6962941,26.3534139
2018/5/2 8:00,1.377544443,220.7322083,32.28932381
2018/5/2 8:15,1.756566644,289.1561584,37.36395137
2018/5/2 8:30,2.123866638,357.1884766,42.10782623
2018/5/2 8:45,2.462322156,416.3604533,48.64776993
2018/5/2 9:00,2.661133289,439.7998352,61.65801239
2018/5/2 9:15,3.047522227,507.2489929,61.17603429
2018/5/2 9:30,3.322622299,560.5152384,67.78076935
2018/5/2 9:45,3.563822269,603.5873413,73.19315338
2018/5/2 10:00,3.794233163,640.2516683,72.70286051
2018/5/2 10:15,3.976910988,682.6702677,78.8777771
2018/5/2 10:30,4.12608846,715.2507934,71.57983144
2018/5/2 10:45,4.266166687,748.4984945,63.70468903
2018/5/2 11:00,4.363121986,776.2363485,63.46490479
2018/5/2 11:15,4.4441336,799.1721802,66.80326335
2018/5/2 11:30,4.517244339,818.3243815,67.78390503
2018/5/2 11:45,4.575110753,838.8589071,72.67446391
2018/5/2 12:00,4.69509983,880.634908,109.8390961
2018/5/2 12:15,4.893466631,893.3870443,164.9704742
2018/5/2 12:30,4.729811191,876.8895874,178.4809723
2018/5/2 12:45,3.890266657,695.6127625,186.7319946
2018/5/2 13:00,3.264777899,577.4131368,166.8209737
2018/5/2 13:15,4.92492199,919.5602417,179.4497121
2018/5/2 13:30,3.682266553,628.3226827,170.23585
2018/5/2 13:45,4.801266511,889.9454549,201.9736887
2018/5/2 14:00,3.730066578,703.6741028,197.9295909
2018/5/2 14:15,2.402466734,480.4029439,193.6688436
2018/5/2 14:30,2.536477804,455.7965698,201.8841502
2018/5/2 14:45,3.858355681,574.6546936,149.2935486
2018/5/2 15:00,3.369899829,552.3952942,153.0603688
2018/5/2 15:15,3.517744859,588.81073,142.0090841
2018/5/2 15:30,3.269433339,522.6457112,142.6104889
2018/5/2 15:45,2.331411044,388.9368286,148.6323497
2018/5/2 16:00,2.584499915,440.2411906,185.527654
2018/5/2 16:15,1.717177987,302.5900421,172.9626007
2018/5/2 16:30,0.375544449,84.06813559,75.66787211
2018/5/2 16:45,1.0030334,149.4995041,60.90070089
2018/5/2 17:00,0.696166644,111.6232732,81.27516174
2018/5/2 17:15,0.351455579,70.21132151,66.56795883
2018/5/2 17:30,0.182222237,43.83325577,42.54513041
2018/5/2 17:45,0.09304443,32.17201169,31.02494494
2018/5/2 18:00,0.004555555,8.954898914,8.601394494
2018/5/2 18:15,0,1.970486562,1.762670994
2018/5/2 18:30,0,1.656209548,1.496370633
2018/5/2 18:45,0,1.992773294,1.775970022
2018/5/2 19:00,0,2.66378665,2.437104146
2018/5/2 19:15,0,2.021337032,1.825471004
2018/5/2 19:30,0,1.686947028,1.500859578
2018/5/2 19:45,0,1.712423642,1.522290071
2018/5/2 20:00,0,2.293436766,1.960995595
2018/5/2 20:15,0,1.839687228,1.538211107
2018/5/2 20:30,0,0.836177667,0.616188029
2018/5/2 20:45,0,1.375240525,1.106787999
2018/5/2 21:00,0,1.720003645,1.539334456
2018/5/2 21:15,0,1.410449346,1.168915073
2018/5/2 21:30,0,0.965130011,0.735729118
2018/5/2 21:45,0,0.689943671,0.517524282
2018/5/2 22:00,0,0.805048446,0.566594958
2018/5/2 22:15,0,0.998470088,0.757898589
2018/5/2 22:30,0,1.484234849,1.217894236
2018/5/2 22:45,0,0.625875612,0.599509239
2018/5/2 23:00,0,0.343121876,0.531772276
2018/5/2 23:15,0,0.367117564,0.54992793
2018/5/2 23:30,0,0.596274118,0.570551733
2018/5/2 23:45,0,1.470897277,1.25817438
2018/5/3 0:00,0,1.065969686,0.901147982
2018/5/3 0:15,0,0.540406277,0.558930179
2018/5/3 0:30,0,1.195117891,0.964912037
2018/5/3 0:45,0,1.709065,1.436312516
2018/5/3 1:00,0,1.072878361,0.923582752
2018/5/3 1:15,0,0.706225326,0.640966852
2018/5/3 1:30,0,1.525324583,1.296000977
2018/5/3 1:45,0,0.914901734,0.767337342
2018/5/3 2:00,0,2.173020721,1.955874046
2018/5/3 2:15,0,1.863024314,1.622714122
2018/5/3 2:30,0,1.903778394,1.630446037
2018/5/3 2:45,0,2.155785322,1.8865393
2018/5/3 3:00,0,2.427904447,2.143592278
2018/5/3 3:15,0,1.398699184,1.331183513
2018/5/3 3:30,0,0.532268454,0.509665966
2018/5/3 3:45,0,1.305476904,1.102418065
2018/5/3 4:00,0,0.700591286,0.543252289
2018/5/3 4:15,0,1.804398119,1.573844075
2018/5/3 4:30,0,2.009970307,1.809384465
2018/5/3 4:45,0,1.278235177,1.003440142
2018/5/3 5:00,0,0.793833683,0.672471186
2018/5/3 5:15,0,0.572240184,0.594853798
2018/5/3 5:30,0,0.410728306,0.522978485
2018/5/3 5:45,0,0.460666726,0.530082742
2018/5/3 6:00,0,0.536534429,0.538852076
2018/5/3 6:15,0,0.72136273,0.558298329
2018/5/3 6:30,0,1.102597316,0.868769427
2018/5/3 6:45,0,1.23520275,1.027332405
2018/5/3 7:00,0,5.730822643,5.337533076
2018/5/3 7:15,0.030277772,12.96264203,12.1890974
2018/5/3 7:30,0.151733329,36.24732018,34.94243813
2018/5/3 7:45,0.463366648,97.48881021,93.9955063
2018/5/3 8:00,0.635377745,118.2713674,98.08933511
2018/5/3 8:15,0.782322188,158.3761393,151.0130971
2018/5/3 8:30,0.819622219,149.5372721,146.5288773
2018/5/3 8:45,0.762866656,144.7477569,140.912707
2018/5/3 9:00,0.702055514,133.3639145,128.3269653
2018/5/3 9:15,1.445422252,262.8669434,241.4488474
2018/5/3 9:30,1.780233304,308.6095479,257.573644
2018/5/3 9:45,2.796233416,511.1952413,298.9452006
2018/5/3 10:00,2.618188858,489.0612386,327.2607218
2018/5/3 10:15,3.546477715,630.9399618,330.4559326
2018/5/3 10:30,2.743255297,484.5740255,320.8922017
2018/5/3 10:45,3.178810994,573.7979737,291.6444397
2018/5/3 11:00,4.427299976,770.1154378,218.0032908
2018/5/3 11:15,5.021077792,982.4383952,289.9970194
2018/5/3 11:30,5.005844116,994.2452801,291.3870341
2018/5/3 11:45,4.141455333,845.9665934,347.60731
2018/5/3 12:00,1.646799962,316.7750041,298.8800354
2018/5/3 12:15,2.715166569,479.804128,336.5792643
2018/5/3 12:30,3.096155644,555.026357,318.6870015
2018/5/3 12:45,2.31967779,411.6908366,335.9044698
2018/5/3 13:00,3.412955602,634.2893575,375.7871806
2018/5/3 13:15,2.563166698,471.3741557,338.0404968
2018/5/3 13:30,0.918411136,186.3277181,174.5565593
2018/5/3 13:45,1.703322291,300.3253174,278.9814402
2018/5/3 14:00,1.925933361,361.0502218,334.1239319
2018/5/3 14:15,2.933277766,504.43632,387.9166158
2018/5/3 14:30,2.162922223,422.9412028,389.4961141
2018/5/3 14:45,1.728088816,336.8171488,330.7502034
2018/5/3 15:00,1.619344354,313.6566671,306.2581991
2018/5/3 15:15,1.350722154,267.9908447,261.6902415
2018/5/3 15:30,1.19194444,232.8502553,226.0417277
2018/5/3 15:45,0.879222234,182.4196625,179.2211812
2018/5/3 16:00,0.679699977,138.759079,135.4902521
2018/5/3 16:15,0.554755509,114.039266,110.8658524
2018/5/3 16:30,0.391966701,83.60144551,81.32460022
2018/5/3 16:45,0.521622211,106.4481862,105.0097783
2018/5/3 17:00,0.187944462,48.73551051,48.03835805
2018/5/3 17:15,0.268611133,59.54282634,58.23838552
2018/5/3 17:30,0.051577768,20.66403898,20.37143707
2018/5/3 17:45,0.029188883,14.92883809,14.63545895
2018/5/3 18:00,-4.44E-05,4.377494017,4.097130617
2018/5/3 18:15,0,2.259219964,1.948500991
2018/5/3 18:30,0,1.588114937,1.332120538
2018/5/3 18:45,0,1.541745583,1.245069106
2018/5/3 19:00,0,1.791637897,1.533752163
2018/5/3 19:15,0,1.481893897,1.217379411
2018/5/3 19:30,0,1.488249699,1.201176326
2018/5/3 19:45,0,1.582092444,1.35832115
2018/5/3 20:00,0,1.569975773,1.340098659
2018/5/3 20:15,0,1.255515496,0.917542776
2018/5/3 20:30,0,1.571342945,1.312901815
2018/5/3 20:45,0,2.32791996,1.967371782
2018/5/3 21:00,0,2.206503153,1.835691492
2018/5/3 21:15,0,2.099186937,1.781466842
2018/5/3 21:30,0,2.843868097,2.518991073
2018/5/3 21:45,0,2.377589067,2.071219563
2018/5/3 22:00,0,2.042339762,1.651049296
2018/5/3 22:15,0,0.876394451,0.557478438
2018/5/3 22:30,0,1.610316277,1.237034083
2018/5/3 22:45,0,1.629277468,1.318285028
2018/5/3 23:00,0,1.436904708,1.094935338
2018/5/3 23:15,0,1.275200446,0.889028052
2018/5/3 23:30,0,1.667939106,1.284319699
2018/5/3 23:45,0,2.506288687,2.078234911
2018/5/4 0:00,0,2.518142303,2.031184117
2018/5/4 0:15,0,1.983087897,1.580315749
2018/5/4 0:30,0,1.032271425,0.794548958
2018/5/4 0:45,0,0.380673061,0.436558068
2018/5/4 1:00,0,0.888002276,0.596876512
2018/5/4 1:15,0,1.738207619,1.371592164
2018/5/4 1:30,0,2.217955192,1.766228358
2018/5/4 1:45,0,1.458062251,1.051861028
2018/5/4 2:00,0,1.497123559,1.133637051
2018/5/4 2:15,0,2.205245415,1.771350741
2018/5/4 2:30,0,1.654762745,1.20465227
2018/5/4 2:45,0,1.552788297,1.234416405
2018/5/4 3:00,0,1.465600292,1.103394965
2018/5/4 3:15,0,1.153580666,0.765607734
2018/5/4 3:30,0,1.302662134,0.876035392
2018/5/4 3:45,0,1.479387085,1.057518423
2018/5/4 4:00,0,1.577909986,1.179856499
2018/5/4 4:15,0,1.039377649,0.657540917
2018/5/4 4:30,0,1.389143984,0.92997851
2018/5/4 4:45,0,1.638920387,1.276557565
2018/5/4 5:00,0,1.333752314,0.900366326
2018/5/4 5:15,0,1.363779942,0.912186166
2018/5/4 5:30,0,1.609463771,1.146394928
2018/5/4 5:45,0,1.885193268,1.474571387
2018/5/4 6:00,0,1.862638275,1.477974653
2018/5/4 6:15,0,1.462728222,1.004861017
2018/5/4 6:30,0,1.46114246,1.01289328
2018/5/4 6:45,0,1.533750335,1.095491946
2018/5/4 7:00,0,3.760581255,3.205089093
2018/5/4 7:15,0.053011107,18.61214288,17.99815655
2018/5/4 7:30,0.152111126,36.96663793,36.26988284
2018/5/4 7:45,0.244088883,53.5604248,50.8746109
2018/5/4 8:00,0.584866643,109.4163539,101.788208
2018/5/4 8:15,0.861411075,153.2054444,137.1434555
2018/5/4 8:30,0.982733309,153.1855825,97.58766174
2018/5/4 8:45,2.449588855,376.2780558,53.57901637
2018/5/4 9:00,2.762599945,434.9636943,59.11335627
2018/5/4 9:15,3.078788837,487.0569661,65.29208247
2018/5/4 9:30,3.376444658,541.2752685,75.83476258
2018/5/4 9:45,3.641744375,581.7000325,77.89225515
2018/5/4 10:00,3.865311146,620.0139771,76.68969472
2018/5/4 10:15,4.071522395,658.6523031,74.35877991
2018/5/4 10:30,4.257555644,695.8838704,71.65313212
2018/5/4 10:45,4.422800064,727.97288,67.42529551
2018/5/4 11:00,4.550311247,758.2988892,67.61107127
2018/5/4 11:15,4.662711143,782.969869,70.4707489
2018/5/4 11:30,4.743278027,801.0952352,72.31739553
2018/5/4 11:45,4.793599764,820.4713949,77.56002807
2018/5/4 12:00,4.857533296,834.9524129,83.48799133
2018/5/4 12:15,4.887300332,840.2909343,83.54095968
2018/5/4 12:30,4.863111178,830.4412842,79.74453735
2018/5/4 12:45,4.79745547,825.543396,81.46858724
2018/5/4 13:00,4.777610302,814.605835,79.34725444
2018/5/4 13:15,4.76081117,801.1759237,80.4571991
2018/5/4 13:30,4.706222216,781.8603922,80.04784648
2018/5/4 13:45,4.566333135,757.5151164,76.6334966
2018/5/4 14:00,4.444922447,742.7520549,78.53533427
2018/5/4 14:15,4.326433023,709.65507,76.05220795
2018/5/4 14:30,4.17917792,672.803304,74.12648265
2018/5/4 14:45,3.990855455,634.34729,73.18364715
2018/5/4 15:00,3.799932877,595.5091959,69.46323649
2018/5/4 15:15,3.557866812,548.0088298,64.13410568
2018/5/4 15:30,3.29597791,495.4835002,59.66883342
2018/5/4 15:45,3.023644527,445.5717977,55.51303355
2018/5/4 16:00,2.739533425,398.1834005,54.19950994
2018/5/4 16:15,2.405766646,346.1247966,50.77002716
2018/5/4 16:30,2.053088864,290.4599406,49.49370829
2018/5/4 16:45,1.681133429,234.3827667,45.79723867
2018/5/4 17:00,1.291011056,143.7568207,42.4383901
2018/5/4 17:15,0.898866634,38.51487732,35.59488869
2018/5/4 17:30,0.519833327,26.04196993,24.79740906
2018/5/4 17:45,0.151377777,17.65502834,17.12922414
2018/5/4 18:00,0.006055555,9.22753048,8.761863708
2018/5/4 18:15,-0.000222222,3.581050714,3.214814742
2018/5/4 18:30,0,2.091739774,1.741692662
2018/5/4 18:45,0,1.906557958,1.61446925
2018/5/4 19:00,0,1.735062917,1.342651089
2018/5/4 19:15,0,1.900364637,1.53101933
2018/5/4 19:30,0,1.706662218,1.396836797
2018/5/4 19:45,0,1.724451264,1.320931991
2018/5/4 20:00,0,1.726195733,1.35599939
2018/5/4 20:15,0,1.775616368,1.304392735
2018/5/4 20:30,0,1.69126598,1.311984141
2018/5/4 20:45,0,2.245841821,1.771778027
2018/5/4 21:00,0,2.193355958,1.708707293
2018/5/4 21:15,0,2.120747884,1.641627471
2018/5/4 21:30,0,2.903489431,2.455299616
2018/5/4 21:45,0,3.311050574,2.732504527
2018/5/4 22:00,0,2.809622526,2.335855961
2018/5/4 22:15,0,2.244096676,1.671003421
2018/5/4 22:30,0,2.275024732,1.787651261
2018/5/4 22:45,0,2.248643637,1.735029658
2018/5/4 23:00,0,1.867381811,1.381471515
2018/5/4 23:15,0,1.755829692,1.245535652
2018/5/4 23:30,0,1.040576478,0.665547431
2018/5/4 23:45,0,1.381548842,0.909110586
2018/5/5 0:00,0,1.977524638,1.477681756
2018/5/5 0:15,0,1.420075456,0.950609585
2018/5/5 0:30,0,1.628000498,1.152716935
2018/5/5 0:45,0,1.443150838,0.960455974
2018/5/5 1:00,0,1.940515995,1.430835803
2018/5/5 1:15,0,1.85441184,1.308061083
2018/5/5 1:30,0,1.777866006,1.287100355
2018/5/5 1:45,0,1.744223396,1.283573627
2018/5/5 2:00,0,1.781867742,1.288480163
2018/5/5 2:15,0,1.639875889,1.129309297
2018/5/5 2:30,0,1.81959486,1.269653042
2018/5/5 2:45,0,1.415645003,0.924008866
2018/5/5 3:00,0,1.900188486,1.353366971
2018/5/5 3:15,0,1.784763058,1.268992782
2018/5/5 3:30,0,1.610294541,1.122506738
2018/5/5 3:45,0,1.691600919,1.168973386
2018/5/5 4:00,0,1.774895231,1.252320846
2018/5/5 4:15,0,1.88632528,1.311986248
2018/5/5 4:30,0,1.846484582,1.328819314
2018/5/5 4:45,0,1.730727593,1.243793845
2018/5/5 5:00,0,1.71858565,1.173921784
2018/5/5 5:15,0,1.483635743,0.976414184
2018/5/5 5:30,0,1.917167028,1.310683489
2018/5/5 5:45,0,1.772529721,1.244576375
2018/5/5 6:00,0,1.904025237,1.354338884
2018/5/5 6:15,0,1.704584718,1.169674277
2018/5/5 6:30,0,1.274904648,0.861918827
2018/5/5 6:45,0,1.892979383,1.379648169
2018/5/5 7:00,0.008211109,7.728985311,6.1293842
2018/5/5 7:15,0.154244443,36.04663785,13.02083175
2018/5/5 7:30,0.541255573,82.75378673,19.74813715
2018/5/5 7:45,0.955255568,143.154775,25.56120173
2018/5/5 8:00,1.367366632,210.5166575,31.2915624
2018/5/5 8:15,1.76123337,278.6085409,39.22429912
2018/5/5 8:30,2.138644457,347.4636027,44.63518143
2018/5/5 8:45,2.488288959,403.9950663,51.2068189
2018/5/5 9:00,2.819877704,450.6876831,56.51016744
2018/5/5 9:15,3.132099946,501.9158732,60.87000656
2018/5/5 9:30,3.423100074,553.6939697,72.17621867
2018/5/5 9:45,3.669788996,595.915975,75.41801707
2018/5/5 10:00,3.913022439,631.7003988,72.89267731
2018/5/5 10:15,4.101089001,671.4766032,70.7421697
2018/5/5 10:30,4.282455762,708.7136231,69.15288289
2018/5/5 10:45,4.419822057,739.8806356,64.86604818
2018/5/5 11:00,4.55886666,768.7690226,65.93300629
2018/5/5 11:15,4.682111104,793.7677409,68.33913422
2018/5/5 11:30,4.770688375,812.5886841,71.55445353
2018/5/5 11:45,4.857810974,832.9706014,78.04787191
2018/5/5 12:00,4.867622376,848.481425,82.85606638
2018/5/5 12:15,4.890533288,851.3380737,80.19239299
2018/5/5 12:30,4.899011294,846.0807292,82.98277283
2018/5/5 12:45,4.807311058,830.5031128,108.3714701
2018/5/5 13:00,4.840166728,835.7975464,111.8302943
2018/5/5 13:15,4.657244523,817.6166586,130.8875885
2018/5/5 13:30,4.469299952,750.3408814,147.1194255
2018/5/5 13:45,4.477977594,758.360026,142.5235748
2018/5/5 14:00,4.492633502,762.8347371,122.0552368
2018/5/5 14:15,4.292655309,711.9702555,99.06418864
2018/5/5 14:30,3.697677772,621.4168701,96.8057607
2018/5/5 14:45,3.74218893,581.342041,122.5046641
2018/5/5 15:00,3.739266714,592.7102051,105.349205
2018/5/5 15:15,3.525155465,556.3476562,95.94684601
2018/5/5 15:30,3.395910978,512.7102051,65.92258708
2018/5/5 15:45,3.1183002,464.1185099,55.77548345
2018/5/5 16:00,2.822200139,414.5060323,53.43740209
2018/5/5 16:15,2.49669989,362.5756429,50.99696604
2018/5/5 16:30,2.136088928,301.9301758,45.46764628
2018/5/5 16:45,1.76666673,244.7540436,42.4623998
2018/5/5 17:00,1.374833385,148.1358541,40.59819158
2018/5/5 17:15,0.969077666,35.55566215,33.25194931
2018/5/5 17:30,0.576577792,24.90466626,23.24851163
2018/5/5 17:45,0.149188897,16.50435829,16.04983393
2018/5/5 18:00,0.010188888,9.321672915,8.954171339
2018/5/5 18:15,-0.000111111,4.324745655,3.849224726
2018/5/5 18:30,0,2.64603583,2.282458623
2018/5/5 18:45,0,1.760055582,1.336937984
2018/5/5 19:00,0,2.370681405,1.933467706
2018/5/5 19:15,0,3.358696381,2.874285777
2018/5/5 19:30,0,2.442576329,1.999880433
2018/5/5 19:45,0,1.55794398,1.116918365
2018/5/5 20:00,0,2.126043955,1.696577311
2018/5/5 20:15,0,4.128383239,3.548067173
2018/5/5 20:30,0,3.359189908,2.749665261
2018/5/5 20:45,0,2.790416559,2.301661968
2018/5/5 21:00,0,2.33563288,1.787276188
2018/5/5 21:15,0,2.210835934,1.669549425
2018/5/5 21:30,0,3.027321339,2.465351343
2018/5/5 21:45,0,2.699018399,2.14306736
2018/5/5 22:00,0,2.265452385,1.696317434
2018/5/5 22:15,0,2.042332252,1.473537644
2018/5/5 22:30,0,1.53556478,1.007605831
2018/5/5 22:45,0,1.921883861,1.358321269
2018/5/5 23:00,0,1.848557114,1.317531069
2018/5/5 23:15,0,2.482765675,1.875900825
2018/5/5 23:30,0,1.944187284,1.399160067
2018/5/5 23:45,0,2.253848076,1.660094738
2018/5/6 0:00,0,1.753328363,1.182645917
2018/5/6 0:15,0,1.705524047,1.186673363
2018/5/6 0:30,0,1.786830147,1.218556404
2018/5/6 0:45,0,2.143171509,1.533918858
2018/5/6 1:00,0,2.082524697,1.497047166
2018/5/6 1:15,0,2.323181788,1.659255226
2018/5/6 1:30,0,1.937546015,1.339745283
2018/5/6 1:45,0,1.953163624,1.33772862
2018/5/6 2:00,0,2.329182148,1.648207665
2018/5/6 2:15,0,1.580474735,0.974414488
2018/5/6 2:30,0,1.59636112,1.022796035
2018/5/6 2:45,0,1.541114092,0.961677353
2018/5/6 3:00,0,1.37781481,0.812903424
2018/5/6 3:15,0,1.990136385,1.325208882
2018/5/6 3:30,0,2.025365551,1.381209056
2018/5/6 3:45,0,1.928187768,1.266927401
2018/5/6 4:00,0,1.831735452,1.223741372
2018/5/6 4:15,0,1.713274757,1.102181753
2018/5/6 4:30,0,1.656511585,1.107784033
2018/5/6 4:45,0,2.115598599,1.374387781
2018/5/6 5:00,0,2.557436704,1.849124472
2018/5/6 5:15,0,2.357020775,1.647739967
2018/5/6 5:30,0,1.959038417,1.364676953
2018/5/6 5:45,0,1.691388527,1.087625861
2018/5/6 6:00,0,1.673969865,1.059045931
2018/5/6 6:15,0,1.612832427,0.993457615
2018/5/6 6:30,0,1.971908768,1.28085351
2018/5/6 6:45,0,2.713044048,1.987140298
2018/5/6 7:00,0.007966666,8.141081811,6.163289865
2018/5/6 7:15,0.172422215,44.39028867,10.92692534
2018/5/6 7:30,0.660822253,98.529452,16.91245492
2018/5/6 7:45,1.109777769,164.178065,20.88243103
2018/5/6 8:00,1.538288951,235.4544169,24.73674075
2018/5/6 8:15,1.946688811,304.3687948,29.69561704
2018/5/6 8:30,2.322577794,380.2009583,35.331604
2018/5/6 8:45,2.678088903,438.4533895,40.28218969
2018/5/6 9:00,3.014010986,492.1377462,48.35018539
2018/5/6 9:15,3.325389067,545.6583048,53.08363342
2018/5/6 9:30,3.600355545,597.4079183,62.86271032
2018/5/6 9:45,3.843666633,638.4512736,65.73349508
2018/5/6 10:00,4.068211079,671.7770386,62.5111173
2018/5/6 10:15,4.250255744,713.5645752,60.52247493
2018/5/6 10:30,4.398199717,750.7185669,58.31918208
2018/5/6 10:45,4.558244069,785.2683919,55.66068777
2018/5/6 11:00,4.681500435,813.6769002,54.32383982
2018/5/6 11:15,4.766788801,840.3705444,57.07405853
2018/5/6 11:30,4.824133714,860.325765,60.61059697
2018/5/6 11:45,4.870355447,879.5685832,68.33428701
2018/5/6 12:00,4.918755531,893.8083089,71.28524272
2018/5/6 12:15,4.941833337,902.1197103,71.74250794
2018/5/6 12:30,4.980611165,893.3916219,68.3794632
2018/5/6 12:45,4.984488964,887.3822021,72.39817047
2018/5/6 13:00,4.948955536,874.4419352,68.65317281
2018/5/6 13:15,4.894566854,857.5985311,67.27945963
2018/5/6 13:30,4.805499872,838.539388,68.08627065
2018/5/6 13:45,4.708167076,812.3549805,64.45626195
2018/5/6 14:00,4.593855222,798.6716919,68.33244832
2018/5/6 14:15,4.453311443,763.3926188,65.05662791
2018/5/6 14:30,4.311400095,728.6781413,65.64882406
2018/5/6 14:45,4.135566711,691.2803141,65.92148845
2018/5/6 15:00,3.950644096,645.18986,58.6778717
2018/5/6 15:15,3.729144573,596.2033488,55.71626409
2018/5/6 15:30,3.484666665,536.4920858,49.3869667
2018/5/6 15:45,3.211633364,488.1827596,47.97520701
2018/5/6 16:00,2.906211058,434.4442851,44.32347489
2018/5/6 16:15,2.593911092,379.2549337,43.15018717
2018/5/6 16:30,2.242944479,320.9505513,43.28997548
2018/5/6 16:45,1.874499997,261.4402263,41.04431661
2018/5/6 17:00,1.475388885,169.1979243,38.72315979
2018/5/6 17:15,1.062166691,35.8701299,33.88657952
2018/5/6 17:30,0.652288914,23.82488314,23.20166588
2018/5/6 17:45,0.1641111,16.39474201,15.95777035
2018/5/6 18:00,0.008399999,9.982645035,9.50106907
2018/5/6 18:15,-0.0009,4.766738097,4.337071737
2018/5/6 18:30,0,3.42500631,2.959486643
2018/5/6 18:45,0,3.008616527,2.570597569
2018/5/6 19:00,0,4.074411949,3.535385767
2018/5/6 19:15,0,4.219602267,3.564961036
2018/5/6 19:30,0,2.978646477,2.484267434
2018/5/6 19:45,0,3.054055055,2.502560417
2018/5/6 20:00,0,2.828098217,2.353305419
2018/5/6 20:15,0,2.43244044,1.960689902
2018/5/6 20:30,0,2.154469609,1.638965964
2018/5/6 20:45,0,2.190555096,1.689511538
2018/5/6 21:00,0,2.31283609,1.725619038
2018/5/6 21:15,0,1.829790076,1.27794373
2018/5/6 21:30,0,1.733531277,1.174096465
2018/5/6 21:45,0,2.126560251,1.632268389
2018/5/6 22:00,0,2.571174542,1.955189983
2018/5/6 22:15,0,2.444628636,1.87899975
2018/5/6 22:30,0,1.868361274,1.271336277
2018/5/6 22:45,0,2.506137133,1.938178301
2018/5/6 23:00,0,2.241704504,1.616275032
2018/5/6 23:15,0,1.819976966,1.222163797
2018/5/6 23:30,0,1.189077278,0.705428878
2018/5/6 23:45,0,1.296497583,0.803134203
2018/5/7 0:00,0,1.488884568,0.952811976
2018/5/7 0:15,0,2.167374054,1.552068313
2018/5/7 0:30,0,2.276769122,1.669315139
2018/5/7 0:45,0,2.546426137,1.895515363
2018/5/7 1:00,0,2.727744341,2.135398388
2018/5/7 1:15,0,1.900144895,1.29493916
2018/5/7 1:30,0,2.118785818,1.436552684
2018/5/7 1:45,0,1.907220602,1.252755324
2018/5/7 2:00,0,1.928663294,1.26920259
2018/5/7 2:15,0,2.018060327,1.354615688
2018/5/7 2:30,0,1.809687336,1.20251592
2018/5/7 2:45,0,1.773729404,1.175260762
2018/5/7 3:00,0,2.15190955,1.422594706
2018/5/7 3:15,0,2.229742209,1.512675524
2018/5/7 3:30,0,2.091488759,1.359674692
2018/5/7 3:45,0,2.051223993,1.375681003
2018/5/7 4:00,0,1.426857948,0.866984705
2018/5/7 4:15,0,2.023177425,1.354117473
2018/5/7 4:30,0,1.885565003,1.24208943
2018/5/7 4:45,0,1.348247091,0.812164962
2018/5/7 5:00,0,1.550237179,0.984137555
2018/5/7 5:15,0,1.224754731,0.661771754
2018/5/7 5:30,0,1.278794805,0.74410367
2018/5/7 5:45,0,1.622464617,0.988553643
2018/5/7 6:00,0,1.832785487,1.168045362
2018/5/7 6:15,0,1.566583554,0.952345232
2018/5/7 6:30,0,1.756952286,1.084800621
2018/5/7 6:45,0,2.446527561,1.707664013
2018/5/7 7:00,0.006455555,7.805623851,5.788018783
2018/5/7 7:15,0.170633333,44.96236483,10.74996535
2018/5/7 7:30,0.660577774,96.23962148,15.99095058
2018/5/7 7:45,1.09112217,159.2690226,20.30554708
2018/5/7 8:00,1.51273334,228.6863352,23.54173787
2018/5/7 8:15,1.917933146,291.6901347,28.87237167
2018/5/7 8:30,2.297288974,368.311259,34.87864812
2018/5/7 8:45,2.64951086,428.6280823,39.95446904
2018/5/7 9:00,2.954822222,480.9151916,42.96183777
2018/5/7 9:15,3.222633203,534.7040405,48.41617711
2018/5/7 9:30,3.496322155,586.5058187,57.12469356
2018/5/7 9:45,3.730822245,631.6247966,60.49633408
2018/5/7 10:00,3.93197767,665.8017171,58.66903941
2018/5/7 10:15,4.091888746,707.9657389,57.44728851
2018/5/7 10:30,4.229666869,744.5232951,54.46867116
2018/5/7 10:45,4.397844474,781.0205689,53.75372823
2018/5/7 11:00,4.510177771,809.6164348,53.15563202
2018/5/7 11:15,4.572955608,835.9914958,54.61227671
2018/5/7 11:30,4.641955535,855.883138,57.27637227
2018/5/7 11:45,4.72347784,879.3320516,69.37529754
2018/5/7 12:00,4.767077923,892.0628662,70.6755422
2018/5/7 12:15,4.79405578,899.8490804,68.12719218
2018/5/7 12:30,4.782122453,896.7260946,66.67208354
2018/5/7 12:45,4.76318868,885.3380127,67.21347555
2018/5/7 13:00,4.757211208,874.9665934,67.38905589
2018/5/7 13:15,4.701477687,858.4014079,66.09893036
2018/5/7 13:30,4.700166702,845.9168905,68.83216349
2018/5/7 13:45,4.554677804,813.2990112,64.31219991
2018/5/7 14:00,4.497455756,793.5800171,65.06192907
2018/5/7 14:15,4.381222407,765.5776774,70.79613495
2018/5/7 14:30,4.217689196,717.3823242,61.26484426
2018/5/7 14:45,4.024277767,677.1338501,62.19189834
2018/5/7 15:00,3.849433343,635.2377523,63.60804622
2018/5/7 15:15,3.156633377,519.6496582,76.03386562
2018/5/7 15:30,2.752722343,436.7496745,155.7909597
2018/5/7 15:45,3.249844392,502.8383484,116.2636846
2018/5/7 16:00,2.733766476,409.6156718,71.71523794
2018/5/7 16:15,2.5339667,368.7557271,48.2632103
2018/5/7 16:30,2.167166631,310.5874329,49.281353
2018/5/7 16:45,1.567477783,242.6106008,67.46832276
2018/5/7 17:00,0.637688836,91.38047028,70.55355835
2018/5/7 17:15,0.79823331,68.42459615,59.19543584
2018/5/7 17:30,0.723844429,45.96010081,41.31218719
2018/5/7 17:45,0.163911112,18.90001933,18.46788152
2018/5/7 18:00,0.007444443,10.18253628,9.802850564
2018/5/7 18:15,-0.000577778,5.917090416,5.648437977
2018/5/7 18:30,0,3.551354965,3.215132872
2018/5/7 18:45,0,3.868350506,3.375877698
2018/5/7 19:00,0,3.674954891,3.213029067
2018/5/7 19:15,0,3.381944259,2.965941509
2018/5/7 19:30,0,3.054307064,2.641153256
2018/5/7 19:45,0,3.107445002,2.669206222
2018/5/7 20:00,0,3.569453557,3.05763348
2018/5/7 20:15,0,2.912021001,2.360435486
2018/5/7 20:30,0,2.191092571,1.65596203
2018/5/7 20:45,0,1.821387768,1.379229744
2018/5/7 21:00,0,1.661809246,1.219474713
2018/5/7 21:15,0,2.086219191,1.602478424
2018/5/7 21:30,0,2.350857178,1.842184504
2018/5/7 21:45,0,1.778381388,1.253319025
2018/5/7 22:00,0,1.675364574,1.216746549
2018/5/7 22:15,0,0.714676281,0.449618329
2018/5/7 22:30,0,1.098985136,0.736810485
2018/5/7 22:45,0,1.940758904,1.468539357
2018/5/7 23:00,0,2.411764224,1.834026059
2018/5/7 23:15,0,2.103337208,1.511215607
2018/5/7 23:30,0,2.230531772,1.654817104
2018/5/7 23:45,0,1.515250126,1.031665126
2018/5/8 0:00,0,1.965407848,1.397680124
2018/5/8 0:15,0,2.198129853,1.622116764
2018/5/8 0:30,0,1.825067083,1.25522844
2018/5/8 0:45,0,1.858071963,1.307225267
2018/5/8 1:00,0,1.720368385,1.191752156
2018/5/8 1:15,0,1.698147416,1.18652912
2018/5/8 1:30,0,2.035236796,1.409671227
2018/5/8 1:45,0,1.731026689,1.247487227
2018/5/8 2:00,0,1.899733345,1.336708347
2018/5/8 2:15,0,1.590840578,1.030963282
2018/5/8 2:30,0,2.179280281,1.59166189
2018/5/8 2:45,0,1.97463119,1.368902167
2018/5/8 3:00,0,2.026459058,1.438019236
2018/5/8 3:15,0,1.741662781,1.205736756
2018/5/8 3:30,0,1.711805582,1.1591386
2018/5/8 3:45,0,1.726480682,1.208187818
2018/5/8 4:00,0,1.099437316,0.612082422
2018/5/8 4:15,0,1.850269238,1.262322962
2018/5/8 4:30,0,1.860158205,1.298859318
2018/5/8 4:45,0,1.549966454,0.9883974
2018/5/8 5:00,0,1.780507087,1.210032781
2018/5/8 5:15,0,2.209960699,1.534754713
2018/5/8 5:30,0,1.861116012,1.239994407
2018/5/8 5:45,0,1.681112051,1.098422626
2018/5/8 6:00,0,1.750922998,1.166050156
2018/5/8 6:15,0,1.808012684,1.222394347
2018/5/8 6:30,0,1.790392717,1.192052841
2018/5/8 6:45,0,1.964229067,1.303049723
2018/5/8 7:00,0.005077777,6.508056165,5.19670995
2018/5/8 7:15,0.151300001,40.61968994,10.49483363
2018/5/8 7:30,0.617566685,89.55262755,15.7123944
2018/5/8 7:45,1.049966673,152.0737406,20.39762179
2018/5/8 8:00,1.467655539,220.2837524,23.99493853
2018/5/8 8:15,1.860077739,278.0394185,27.77137629
2018/5/8 8:30,2.223344326,347.3337504,31.90143649
2018/5/8 8:45,2.552188873,410.5866903,36.810215
2018/5/8 9:00,2.852711201,464.6798604,41.13869858
2018/5/8 9:15,3.130311012,517.9866435,46.80874506
2018/5/8 9:30,3.399577776,570.5348307,56.03564962
2018/5/8 9:45,3.664988915,618.7451782,61.34584172
2018/5/8 10:00,3.901511192,655.4619141,60.58527756
2018/5/8 10:15,4.091166814,692.388916,55.54025904
2018/5/8 10:30,4.264721712,728.0966594,53.40944799
2018/5/8 10:45,4.407610893,761.4784749,51.38207881
2018/5/8 11:00,4.494399706,789.721639,50.7455368
2018/5/8 11:15,4.603733698,817.4502563,55.5010821
2018/5/8 11:30,4.693422635,837.5708008,56.84568914
2018/5/8 11:45,4.747077624,855.7404582,63.55096563
2018/5/8 12:00,4.828500271,875.0942383,64.44320679
2018/5/8 12:15,4.786555608,879.5328573,63.16005834
2018/5/8 12:30,4.771488508,874.2750244,60.88358561
2018/5/8 12:45,4.766310692,866.8861287,63.4355456
2018/5/8 13:00,4.7405111,856.9702148,62.16417948
2018/5/8 13:15,4.712656021,842.1016032,60.57462947
2018/5/8 13:30,4.651721954,822.7077027,61.75456365
2018/5/8 13:45,4.551866372,795.024821,59.02916209
2018/5/8 14:00,4.464977742,776.5040894,61.14418411
2018/5/8 14:15,4.332610925,750.1047363,62.45465088
2018/5/8 14:30,4.193166574,716.9534912,61.6866595
2018/5/8 14:45,4.036266565,678.5920614,60.61602783
2018/5/8 15:00,3.842966557,633.5938721,56.30740356
2018/5/8 15:15,3.62688907,581.5530802,48.3043925
2018/5/8 15:30,3.377733469,528.9467163,46.6300621
2018/5/8 15:45,3.104577621,471.8985189,43.97321193
2018/5/8 16:00,2.83018899,422.6804809,42.38867696
2018/5/8 16:15,2.522988876,369.40389,42.4910965
2018/5/8 16:30,2.18182222,312.2378031,39.79577255
2018/5/8 16:45,1.814700007,251.3610687,37.44494502
2018/5/8 17:00,1.423733354,158.5014674,36.31153615
2018/5/8 17:15,1.019233326,37.21244812,31.85108376
2018/5/8 17:30,0.596655548,21.76546923,21.39067396
2018/5/8 17:45,0.136388878,15.62467257,15.23224004
2018/5/8 18:00,0.007277777,11.07549572,10.70793311
2018/5/8 18:15,0,5.012824376,4.615668217
2018/5/8 18:30,0,4.574247678,4.134797811
2018/5/8 18:45,0,4.54266119,3.996898651
2018/5/8 19:00,0,3.5428195,3.103593985
2018/5/8 19:15,0,3.062718272,2.554653684
2018/5/8 19:30,0,2.266952514,1.832527597
2018/5/8 19:45,0,3.244353215,2.767396768
2018/5/8 20:00,0,2.852027337,2.378667752
2018/5/8 20:15,0,2.411500971,2.002553145
2018/5/8 20:30,0,2.612038771,2.090893428
2018/5/8 20:45,0,2.136203845,1.690290729
2018/5/8 21:00,0,1.31854713,1.00883009
2018/5/8 21:15,0,1.573188384,1.209388931
2018/5/8 21:30,0,1.787392497,1.270677766
2018/5/8 21:45,0,1.733649929,1.285313646
2018/5/8 22:00,0,1.630317132,1.20463105
2018/5/8 22:15,0,1.941775799,1.438841542
2018/5/8 22:30,0,2.447598934,1.899267077
2018/5/8 22:45,0,2.28828295,1.796712557
2018/5/8 23:00,0,1.861418247,1.377160549
2018/5/8 23:15,0,2.280807018,1.734443267
2018/5/8 23:30,0,1.978503744,1.441658338
2018/5/8 23:45,0,1.173006316,0.737300227
2018/5/9 0:00,0,2.269970576,1.694659233
2018/5/9 0:15,0,1.642980297,1.160589993
2018/5/9 0:30,0,1.816081882,1.321655869
2018/5/9 0:45,0,2.011800369,1.444534143
2018/5/9 1:00,0,2.027015249,1.488154411
2018/5/9 1:15,0,1.990758617,1.397573312
2018/5/9 1:30,0,1.841855764,1.307153066
2018/5/9 1:45,0,1.959420721,1.425352414
2018/5/9 2:00,0,1.580784241,1.031867882
2018/5/9 2:15,0,1.96965301,1.382947167
2018/5/9 2:30,0,1.880195101,1.324171225
2018/5/9 2:45,0,1.919151982,1.284803987
2018/5/9 3:00,0,1.571137548,1.02559197
2018/5/9 3:15,0,1.195844451,0.703033964
2018/5/9 3:30,0,1.158511917,0.69515872
2018/5/9 3:45,0,2.003964941,1.436102867
2018/5/9 4:00,0,1.34367003,0.855962932
2018/5/9 4:15,0,2.233594735,1.703910867
2018/5/9 4:30,0,2.036105513,1.453460217
2018/5/9 4:45,0,1.763162533,1.181033234
2018/5/9 5:00,0,1.911144733,1.299101432
2018/5/9 5:15,0,1.581287861,1.063790679
2018/5/9 5:30,0,1.740121881,1.166638613
2018/5/9 5:45,0,1.687302311,1.125923514
2018/5/9 6:00,0,1.676584005,1.106219192
2018/5/9 6:15,0,1.802112857,1.223315835
2018/5/9 6:30,0,1.350765427,0.807398558
2018/5/9 6:45,0,2.271337112,1.647136847
2018/5/9 7:00,0.004122222,6.745498021,5.664400736
2018/5/9 7:15,0.146066664,37.84441121,10.03057257
2018/5/9 7:30,0.604855518,87.93955485,14.99563408
2018/5/9 7:45,1.036955595,147.6880697,19.57393201
2018/5/9 8:00,1.445800066,213.5446269,23.21085739
2018/5/9 8:15,1.830655495,268.9615733,27.13881429
2018/5/9 8:30,2.191733281,337.9144389,32.00103251
2018/5/9 8:45,2.523277839,402.5573324,37.24394354
2018/5/9 9:00,2.822499911,455.7679545,40.02988688
2018/5/9 9:15,3.107599974,510.0670064,46.5192248
2018/5/9 9:30,3.367988825,563.821818,56.75679525
2018/5/9 9:45,3.600666682,609.2491252,59.69581858
2018/5/9 10:00,3.848855416,647.3468628,59.02450307
2018/5/9 10:15,4.055733522,684.3820191,54.83864975
2018/5/9 10:30,4.192133268,718.6486003,50.02422206
2018/5/9 10:45,4.306410948,751.4519247,49.79152934
2018/5/9 11:00,4.425599575,780.999939,52.10332362
2018/5/9 11:15,4.500755469,803.1152141,52.75937907
2018/5/9 11:30,4.577078025,824.9837036,56.15287781
2018/5/9 11:45,4.632033348,847.7251587,68.28848394
2018/5/9 12:00,4.665355523,857.1469116,67.78504944
2018/5/9 12:15,4.70107762,858.399231,68.08740234
2018/5/9 12:30,4.701777776,851.6473796,66.56894175
2018/5/9 12:45,4.684600512,838.0056966,67.40248617
2018/5/9 13:00,4.65346686,829.2502442,68.67267863
2018/5/9 13:15,4.618810813,811.6054281,67.02530924
2018/5/9 13:30,4.548099995,791.7602946,68.1182607
2018/5/9 13:45,4.43848896,765.3185628,64.98029836
2018/5/9 14:00,4.343266646,743.4593302,67.13984426
2018/5/9 14:15,4.249922276,717.5589803,67.2074941
2018/5/9 14:30,4.109422525,684.4962362,65.54717509
2018/5/9 14:45,3.921388944,646.8274129,64.97600937
2018/5/9 15:00,3.730411212,603.4197388,62.84839121
2018/5/9 15:15,3.521611134,550.2810669,53.14659119
2018/5/9 15:30,3.292777936,502.8707479,53.10783641
2018/5/9 15:45,3.03880024,451.5513204,48.84227626
2018/5/9 16:00,2.738544385,402.1107483,45.90799332
2018/5/9 16:15,2.423899969,346.2277425,42.8993899
2018/5/9 16:30,2.080688954,292.624054,41.02190908
2018/5/9 16:45,1.714922229,234.7623087,39.7843984
2018/5/9 17:00,1.335500002,145.7619553,37.26187134
2018/5/9 17:15,0.940066695,38.85857709,33.69813411
2018/5/9 17:30,0.526066641,23.41845385,23.07789103
2018/5/9 17:45,0.122288889,15.77605121,15.388731
2018/5/9 18:00,0.005177778,9.507421811,9.193710961
2018/5/9 18:15,-0.000255556,5.314088027,4.89234527
2018/5/9 18:30,0,2.453398943,2.076016744
2018/5/9 18:45,0,3.457917134,2.94869113
2018/5/9 19:00,0,3.709290822,3.262151559
2018/5/9 19:15,0,2.922753175,2.486088395
2018/5/9 19:30,0,3.440328518,2.918081681
2018/5/9 19:45,0,3.091466189,2.62456123
2018/5/9 20:00,0,2.802081982,2.360207001
2018/5/9 20:15,0,2.322330554,1.807471276
2018/5/9 20:30,0,0.938838562,0.631888082
2018/5/9 20:45,0,1.191005707,0.802543273
2018/5/9 21:00,0,1.951705456,1.523739338
2018/5/9 21:15,0,1.878556808,1.420912186
2018/5/9 21:30,0,1.831332246,1.43517673
2018/5/9 21:45,0,2.005844236,1.498259982
2018/5/9 22:00,0,1.98738265,1.486214956
2018/5/9 22:15,0,1.658209483,1.24889195
2018/5/9 22:30,0,1.423825502,0.99170349
2018/5/9 22:45,0,0.568228046,0.455959787
2018/5/9 23:00,0,0.923572401,0.579271128
2018/5/9 23:15,0,1.223414838,0.824652722
2018/5/9 23:30,0,1.527637442,1.064832608
2018/5/9 23:45,0,2.070063472,1.562011083
2018/5/10 0:00,0,2.652106524,2.161551476
2018/5/10 0:15,0,2.284877936,1.727225741
2018/5/10 0:30,0,1.734115124,1.218164206
2018/5/10 0:45,0,1.830320319,1.354261676
2018/5/10 1:00,0,2.006797155,1.529250423
2018/5/10 1:15,0,2.394446691,1.872328202
2018/5/10 1:30,0,2.334772666,1.810215751
2018/5/10 1:45,0,1.780612628,1.28731521
2018/5/10 2:00,0,1.911841035,1.402213136
2018/5/10 2:15,0,1.843548973,1.349364956
2018/5/10 2:30,0,1.974851211,1.420768777
2018/5/10 2:45,0,1.467812896,0.984268566
2018/5/10 3:00,0,1.707966645,1.198402961
2018/5/10 3:15,0,1.459652464,0.982018928
2018/5/10 3:30,0,1.63095061,1.106753389
2018/5/10 3:45,0,1.235985835,0.815474252
2018/5/10 4:00,0,1.306931535,0.814546923
2018/5/10 4:15,0,1.600840529,1.073515653
2018/5/10 4:30,0,1.806949059,1.2633334
2018/5/10 4:45,0,1.372552872,0.967991749
2018/5/10 5:00,0,1.52850469,1.029106815
2018/5/10 5:15,0,1.676529964,1.194009701
2018/5/10 5:30,0,1.548303564,1.025821427
2018/5/10 5:45,0,1.76817294,1.202065587
2018/5/10 6:00,0,1.72438101,1.205304742
2018/5/10 6:15,0,1.845903516,1.343703389
2018/5/10 6:30,0,0.802917143,0.450187326
2018/5/10 6:45,0,1.292214752,0.853085587
2018/5/10 7:00,0.004277777,4.883266926,3.850758076
2018/5/10 7:15,0.127522221,30.38213984,9.868952591
2018/5/10 7:30,0.540577789,80.36825689,16.94083436
2018/5/10 7:45,0.9714667,139.5411072,21.38445091
2018/5/10 8:00,6.387266715,206.9942423,27.33984439
2018/5/10 8:15,7.791666706,265.3796845,33.42409961
2018/5/10 8:30,7.185733477,338.2117208,40.08394877
2018/5/10 8:45,2.55571111,403.9972229,45.25156021
2018/5/10 9:00,2.912877798,461.611145,50.04985173
2018/5/10 9:15,3.240155379,515.7637024,54.26436361
2018/5/10 9:30,3.507811149,566.9553019,59.20417913
2018/5/10 9:45,3.760200024,611.3114827,61.26787821
2018/5/10 10:00,3.97966671,649.2760213,61.12846883
2018/5/10 10:15,4.175300121,688.467041,58.12177531
2018/5/10 10:30,4.320044677,723.654541,56.96457036
2018/5/10 10:45,4.455866337,753.0756836,56.17887624
2018/5/10 11:00,4.602266788,784.1052653,57.16286341
2018/5/10 11:15,4.709855715,813.690979,62.11250687
2018/5/10 11:30,4.793377717,831.5818482,61.92869822
2018/5/10 11:45,4.852643967,851.4177856,74.95513662
2018/5/10 12:00,4.875288486,859.4102987,73.4041392
2018/5/10 12:15,4.921977838,863.4978638,71.41081492
2018/5/10 12:30,4.912522316,856.6497803,70.16606903
2018/5/10 12:45,4.902688821,845.1593831,71.67057546
2018/5/10 13:00,4.835677465,835.2474976,72.42532603
2018/5/10 13:15,4.803344568,820.0365804,70.85188548
2018/5/10 13:30,4.726722399,799.8237712,69.16568247
2018/5/10 13:45,4.604288896,775.2527873,69.33218638
2018/5/10 14:00,4.508710861,749.8672078,69.35634359
2018/5/10 14:15,4.377333482,725.8052979,69.11182403
2018/5/10 14:30,4.232288837,691.8824056,66.82560221
2018/5/10 14:45,4.050322374,654.4263102,65.20538838
2018/5/10 15:00,3.848699967,610.5166422,63.2203776
2018/5/10 15:15,3.623433192,559.6018473,56.86657079
2018/5/10 15:30,3.356777748,505.3167928,54.02820714
2018/5/10 15:45,3.089122375,454.1523946,50.33158366
2018/5/10 16:00,2.775944551,403.4867757,48.14613978
2018/5/10 16:15,2.473033428,350.0095724,45.81275559
2018/5/10 16:30,2.116599917,293.2504069,43.8001531
2018/5/10 16:45,1.748088876,234.8681844,41.59548442
2018/5/10 17:00,1.347866694,152.0777435,38.94588725
2018/5/10 17:15,0.949944417,40.78730583,35.25395266
2018/5/10 17:30,0.529188872,24.24253718,23.73123423
2018/5/10 17:45,0.108388884,16.56423219,16.13141219
2018/5/10 18:00,0.005877777,9.029558818,8.640488942
2018/5/10 18:15,0,4.302700202,3.854586601
2018/5/10 18:30,0,2.973548015,2.562386036
2018/5/10 18:45,0,3.027404785,2.667054812
2018/5/10 19:00,0,3.038041353,2.637146791
2018/5/10 19:15,0,2.193265677,1.773898999
2018/5/10 19:30,0,1.722032944,1.329058965
2018/5/10 19:45,0,2.228370269,1.782019377
2018/5/10 20:00,0,3.053156058,2.567273537
2018/5/10 20:15,0,2.359016617,1.895533204
2018/5/10 20:30,0,2.528208573,2.107314189
2018/5/10 20:45,0,2.000852942,1.562533856
2018/5/10 21:00,0,2.146729072,1.679221113
2018/5/10 21:15,0,2.07366395,1.55868423
2018/5/10 21:30,0,1.255073349,0.775087734
2018/5/10 21:45,0,1.418135365,0.987204174
2018/5/10 22:00,0,2.000541965,1.481790344
2018/5/10 22:15,0,2.539234003,2.052724282
2018/5/10 22:30,0,1.76047945,1.26557531
2018/5/10 22:45,0,1.625219385,1.152556101
2018/5/10 23:00,0,1.601008495,1.114117474
2018/5/10 23:15,0,1.920229395,1.403899312
2018/5/10 23:30,0,1.300082485,0.859974523
2018/5/10 23:45,0,1.233015498,0.799668253
2018/5/11 0:00,0,1.72272102,1.231397231
2018/5/11 0:15,0,1.534856439,1.058159987
2018/5/11 0:30,0,2.131369869,1.637550116
2018/5/11 0:45,0,2.251368205,1.749749422
2018/5/11 1:00,0,2.15057079,1.586331526
2018/5/11 1:15,0,1.73988688,1.215935588
2018/5/11 1:30,0,1.922526916,1.384263674
2018/5/11 1:45,0,1.921303391,1.403654178
2018/5/11 2:00,0,1.747757316,1.242802381
2018/5/11 2:15,0,1.468154311,0.94748201
2018/5/11 2:30,0,1.223619143,0.716012617
2018/5/11 2:45,0,1.198509256,0.788260251
2018/5/11 3:00,0,0.722391486,0.438442727
2018/5/11 3:15,0,1.622190039,1.099422356
2018/5/11 3:30,0,2.812360207,2.26390934
2018/5/11 3:45,0,2.734518448,2.194292148
2018/5/11 4:00,0,2.310989698,1.682364861
2018/5/11 4:15,0,2.005347331,1.389963388
2018/5/11 4:30,0,1.757556121,1.229285638
2018/5/11 4:45,0,2.260957082,1.541378419
2018/5/11 5:00,0,2.02615579,1.417349458
2018/5/11 5:15,0,2.188876629,1.491368135
2018/5/11 5:30,0,1.663158774,1.126924098
2018/5/11 5:45,0,1.56603833,1.049357156
2018/5/11 6:00,0,1.215483924,0.801059405
2018/5/11 6:15,0,1.190738082,0.689712743
2018/5/11 6:30,0,1.513093154,0.983738581
2018/5/11 6:45,0,2.063594619,1.43824172
2018/5/11 7:00,0.004188887,7.097548963,6.003226519
2018/5/11 7:15,0.123566669,35.92924563,15.04246362
2018/5/11 7:30,0.535255531,87.33459983,20.03796196
2018/5/11 7:45,0.98089999,142.7081655,24.32328033
2018/5/11 8:00,1.402388891,203.4414825,30.88868904
2018/5/11 8:15,1.80907774,261.9464315,38.11408869
2018/5/11 8:30,2.197866678,332.6412862,43.65884527
2018/5/11 8:45,2.573744456,397.5379639,50.97100957
2018/5/11 9:00,2.926966508,451.6903178,56.31250382
2018/5/11 9:15,3.246322314,505.1612142,62.24422073
2018/5/11 9:30,3.534344594,554.0747884,67.94413249
2018/5/11 9:45,3.7989223,597.7542114,69.05697377
2018/5/11 10:00,4.031188806,635.4676921,66.6205953
2018/5/11 10:15,4.240466595,673.4083659,64.11879476
2018/5/11 10:30,4.394455592,708.6071167,61.11172231
2018/5/11 10:45,4.546633562,742.5804647,61.18896484
2018/5/11 11:00,4.689655622,774.9155477,64.92294566
2018/5/11 11:15,4.789911111,801.1676839,68.87413788
2018/5/11 11:30,4.903799852,824.2496541,73.69148254
2018/5/11 11:45,4.978589217,843.8831584,83.37017568
2018/5/11 12:00,4.997622013,854.2083333,84.14425405
2018/5/11 12:15,5.01327769,855.4484863,78.97931926
2018/5/11 12:30,5.010688623,852.0992839,78.65310923
2018/5/11 12:45,5.015089035,842.3807576,79.00493367
2018/5/11 13:00,4.983466625,833.727356,78.631368
2018/5/11 13:15,4.893766403,819.0413208,78.04325104
2018/5/11 13:30,4.821777979,797.7282105,76.57667287
2018/5/11 13:45,4.729266802,770.7728271,72.67326609
2018/5/11 14:00,4.590477625,744.1600545,71.4351298
2018/5/11 14:15,4.458366712,720.8694865,71.02532704
2018/5/11 14:30,4.317977587,690.2041626,72.63082123
2018/5/11 14:45,4.139555454,651.3219198,69.61741129
2018/5/11 15:00,3.910844723,605.7906494,66.18777975
2018/5/11 15:15,3.695933263,559.8681437,63.27870178
2018/5/11 15:30,3.449733337,504.8365479,56.42022197
2018/5/11 15:45,3.187266668,453.4834493,51.41255061
2018/5/11 16:00,2.884666443,406.4469808,49.04129791
2018/5/11 16:15,2.549522241,349.3387655,46.76078669
2018/5/11 16:30,2.177611192,291.1795146,42.77988434
2018/5/11 16:45,1.799266617,234.6680552,41.32890828
2018/5/11 17:00,1.392577728,157.0179087,39.0190595
2018/5/11 17:15,0.974455535,39.0448583,33.63508351
2018/5/11 17:30,0.539066682,23.10394415,22.54111862
2018/5/11 17:45,0.104266658,15.46630065,14.93035189
2018/5/11 18:00,0.005211111,8.133979161,7.634166082
2018/5/11 18:15,0,3.111527125,2.629891634
2018/5/11 18:30,0,2.253105243,1.770007213
2018/5/11 18:45,0,2.006387114,1.559977372
2018/5/11 19:00,0,1.94405063,1.497776389
2018/5/11 19:15,0,1.854953885,1.401848435
2018/5/11 19:30,0,2.614400387,2.140712937
2018/5/11 19:45,0,2.167187293,1.681646307
2018/5/11 20:00,0,1.874697487,1.444606066
2018/5/11 20:15,0,2.255964557,1.697109659
2018/5/11 20:30,0,2.769841989,2.236661394
2018/5/11 20:45,0,3.45692865,2.87094442
2018/5/11 21:00,0,3.056779464,2.519745747
2018/5/11 21:15,0,2.747526725,2.146049658
2018/5/11 21:30,0,1.738824169,1.181541602
2018/5/11 21:45,0,1.359296123,0.848304212
2018/5/11 22:00,0,1.919364015,1.381059051
2018/5/11 22:15,0,2.062068025,1.489685377
2018/5/11 22:30,0,2.028751493,1.48228081
2018/5/11 22:45,0,1.921436945,1.352104823
2018/5/11 23:00,0,2.227607012,1.648886124
2018/5/11 23:15,0,1.807093144,1.153844158
2018/5/11 23:30,0,1.545061271,0.994871676
2018/5/11 23:45,0,2.394918283,1.724573175
2018/5/12 0:00,0,2.219757239,1.542919914
2018/5/12 0:15,0,1.776670654,1.182730516
2018/5/12 0:30,0,1.495703419,1.005471309
2018/5/12 0:45,0,1.682096879,1.13055563
2018/5/12 1:00,0,1.286339044,0.736773828
2018/5/12 1:15,0,1.373327613,0.847293754
2018/5/12 1:30,0,1.434415221,0.85280782
2018/5/12 1:45,0,1.802978794,1.216914018
2018/5/12 2:00,0,1.837415655,1.219553987
2018/5/12 2:15,0,2.076212009,1.45050319
2018/5/12 2:30,0,1.746174137,1.145840089
2018/5/12 2:45,0,1.083070477,0.596708745
2018/5/12 3:00,0,1.5683405,1.001292388
2018/5/12 3:15,0,2.023049037,1.36997056
2018/5/12 3:30,0,1.739015818,1.176067273
2018/5/12 3:45,0,1.536520879,0.986992141
2018/5/12 4:00,0,1.922946096,1.276312311
2018/5/12 4:15,0,1.880112052,1.244557778
2018/5/12 4:30,0,1.88394622,1.25837032
2018/5/12 4:45,0,1.914110542,1.259831428
2018/5/12 5:00,0,1.593513528,0.992796381
2018/5/12 5:15,0,1.560587009,0.965806524
2018/5/12 5:30,0,1.586912155,0.998691619
2018/5/12 5:45,0,2.221937975,1.512090922
2018/5/12 6:00,0,2.020386894,1.312894503
2018/5/12 6:15,0,2.350435893,1.5958637
2018/5/12 6:30,0,2.30527993,1.529478232
2018/5/12 6:45,0,1.996131579,1.330082874
2018/5/12 7:00,0.003888888,6.795056661,5.679564317
2018/5/12 7:15,0.112488881,28.95060825,12.73609352
2018/5/12 7:30,0.516811112,78.94753392,19.39088503
2018/5/12 7:45,0.993055582,139.7253214,27.00664647
2018/5/12 8:00,1.427866578,205.6020915,34.19396909
2018/5/12 8:15,1.796066602,258.7619527,38.42775345
2018/5/12 8:30,2.234100104,335.0288696,43.10703532
2018/5/12 8:45,2.603344599,400.790507,49.71497726
2018/5/12 9:00,2.953322331,457.634725,56.24240239
2018/5/12 9:15,3.26243345,508.2240397,61.44828924
2018/5/12 9:30,3.55408891,558.5795491,67.63848368
2018/5/12 9:45,3.81370012,600.2226359,67.99915059
2018/5/12 10:00,4.041499615,638.2143555,67.64244588
2018/5/12 10:15,4.255899747,675.6548055,66.22858938
2018/5/12 10:30,4.459655444,712.6995239,65.38426463
2018/5/12 10:45,4.587978363,744.9394124,63.79620107
2018/5/12 11:00,4.700377623,774.6474813,63.80678431
2018/5/12 11:15,4.808066527,804.3066813,70.18560537
2018/5/12 11:30,4.918877443,823.3939819,73.30967458
2018/5/12 11:45,4.984111468,845.789449,83.32220713
2018/5/12 12:00,5.033422311,857.5193481,80.03625234
2018/5/12 12:15,5.032066822,862.1970011,79.10755412
2018/5/12 12:30,5.008821646,845.6091919,77.26818339
2018/5/12 12:45,4.997077942,837.2838542,80.63296255
2018/5/12 13:00,4.914588928,819.4845785,82.46435038
2018/5/12 13:15,4.91431125,822.3749797,76.67085012
2018/5/12 13:30,4.871566454,803.1156006,74.44689178
2018/5/12 13:45,4.770033519,777.318217,71.38883972
2018/5/12 14:00,4.652766705,749.2554932,70.32911937
2018/5/12 14:15,4.514322122,725.5664673,69.01659393
2018/5/12 14:30,4.365533511,694.6702067,71.04724375
2018/5/12 14:45,4.178522269,656.2437134,68.12377421
2018/5/12 15:00,3.964800119,612.0894775,67.50409698
2018/5/12 15:15,3.745144447,563.7598674,60.47153727
2018/5/12 15:30,3.483111064,510.1726176,55.42158763
2018/5/12 15:45,3.196588755,457.1873474,51.63799159
2018/5/12 16:00,2.885133346,407.2554118,48.78743744
2018/5/12 16:15,2.551155567,350.7567952,47.36644618
2018/5/12 16:30,2.19125549,293.5498657,43.8125
2018/5/12 16:45,1.803677758,234.3925934,41.46333694
2018/5/12 17:00,1.391533414,155.3347651,38.86532211
2018/5/12 17:15,0.972599983,38.77806918,34.27829679
2018/5/12 17:30,0.527399987,23.34270604,22.76726214
2018/5/12 17:45,0.105300006,15.62059879,15.02928988
2018/5/12 18:00,0.003388889,8.114548364,7.577033362
2018/5/12 18:15,0,3.598157326,3.056094249
2018/5/12 18:30,0,1.857880274,1.347963929
2018/5/12 18:45,0,2.298369487,1.869273782
2018/5/12 19:00,0,2.722068469,2.246807496
2018/5/12 19:15,0,2.276470661,1.752723297
2018/5/12 19:30,0,1.825755914,1.352253715
2018/5/12 19:45,0,1.908809384,1.373390515
2018/5/12 20:00,0,1.898747961,1.3512911
2018/5/12 20:15,0,1.874985019,1.364818255
2018/5/12 20:30,0,1.870446444,1.319258968
2018/5/12 20:45,0,2.03822434,1.500450373
2018/5/12 21:00,0,2.22411418,1.636358142
2018/5/12 21:15,0,2.151055058,1.578965068
2018/5/12 21:30,0,2.994371017,2.438771089
2018/5/12 21:45,0,3.117717505,2.479314883
2018/5/12 22:00,0,2.711711327,2.05288891
2018/5/12 22:15,0,2.14101998,1.528686801
2018/5/12 22:30,0,2.424580812,1.75634408
2018/5/12 22:45,0,2.599559069,1.974375804
2018/5/12 23:00,0,2.867796659,2.271369219
2018/5/12 23:15,0,2.352852186,1.591115912
2018/5/12 23:30,0,1.768377463,1.195984781
2018/5/12 23:45,0,0.86857901,0.464373817
2018/5/13 0:00,0,1.140841723,0.621562054
2018/5/13 0:15,0,1.552240928,0.961903969
2018/5/13 0:30,0,1.419515888,0.890873015
2018/5/13 0:45,0,1.696038445,1.122129262
2018/5/13 1:00,0,1.742285609,1.18659242
2018/5/13 1:15,0,1.731161316,1.150776784
2018/5/13 1:30,0,2.256038984,1.621254245
2018/5/13 1:45,0,1.65917786,1.113678237
2018/5/13 2:00,0,1.73392733,1.153995315
2018/5/13 2:15,0,1.764510989,1.188619097
2018/5/13 2:30,0,1.708114147,1.128530701
2018/5/13 2:45,0,1.388813655,0.861069977
2018/5/13 3:00,0,1.406538606,0.862165213
2018/5/13 3:15,0,1.84721601,1.218237877
2018/5/13 3:30,0,1.862645388,1.230981469
2018/5/13 3:45,0,1.780778607,1.143858393
2018/5/13 4:00,0,1.631612539,1.020130356
2018/5/13 4:15,0,1.889573057,1.277935545
2018/5/13 4:30,0,1.546300848,0.958402793
2018/5/13 4:45,0,1.441457709,0.872782747
2018/5/13 5:00,0,2.478179455,1.788645268
2018/5/13 5:15,0,2.417786519,1.672106067
2018/5/13 5:30,0,2.700135072,1.95791769
2018/5/13 5:45,0,2.679552158,2.014070233
2018/5/13 6:00,0,1.756477674,1.10951976
2018/5/13 6:15,0,1.93523399,1.270742238
2018/5/13 6:30,0,2.343619903,1.574609796
2018/5/13 6:45,0,2.551091035,1.711836576
2018/5/13 7:00,0.001477777,6.132622719,5.11878713
2018/5/13 7:15,0.115422218,33.19859918,11.3048652
2018/5/13 7:30,0.566466669,84.28036498,16.07169151
2018/5/13 7:45,1.039411108,144.8302332,19.79964002
2018/5/13 8:00,1.470133424,208.8699188,23.21748479
2018/5/13 8:15,1.87812229,269.2476044,28.6716404
2018/5/13 8:30,2.265211185,342.8493551,34.21008047
2018/5/13 8:45,2.632299979,410.0720825,40.79231771
2018/5/13 9:00,2.977188985,465.7273458,45.96670023
2018/5/13 9:15,3.283011119,516.3410848,50.44260788
2018/5/13 9:30,3.581766526,566.9203084,55.50691605
2018/5/13 9:45,3.832722108,608.5057983,53.86832428
2018/5/13 10:00,4.045644522,650.4814657,54.29716237
2018/5/13 10:15,4.222189109,688.3439738,49.86088944
2018/5/13 10:30,4.430477619,728.7051188,52.29784902
2018/5/13 10:45,4.591633161,762.6569621,50.63554255
2018/5/13 11:00,4.710755189,790.466512,50.88520813
2018/5/13 11:15,4.815811634,814.7910563,54.88717525
2018/5/13 11:30,4.875366688,840.8937175,58.83402252
2018/5/13 11:45,4.936911424,861.2809448,69.5697225
2018/5/13 12:00,4.988622189,869.726298,67.48103841
2018/5/13 12:15,5.003010909,875.0099487,65.05159251
2018/5/13 12:30,5.042633215,871.6916301,64.41910171
2018/5/13 12:45,5.046667099,858.766805,64.59179052
2018/5/13 13:00,4.974722067,851.0260417,65.84049606
2018/5/13 13:15,4.936210632,837.2713013,64.02204513
2018/5/13 13:30,4.86448892,815.9744059,62.03050105
2018/5/13 13:45,4.760766506,790.6270752,61.97522227
2018/5/13 14:00,4.641111215,757.0501709,59.55077871
2018/5/13 14:15,4.522888978,737.0969849,61.47708893
2018/5/13 14:30,4.346677939,705.647644,61.77698517
2018/5/13 14:45,4.188788891,668.606018,62.1671346
2018/5/13 15:00,3.977578083,621.7020467,58.42080434
2018/5/13 15:15,3.750589053,573.1839193,50.87152481
2018/5/13 15:30,3.490188837,520.2681275,47.87811406
2018/5/13 15:45,3.210377773,465.8279927,45.0726916
2018/5/13 16:00,2.904433091,413.7478536,41.84555689
2018/5/13 16:15,2.574111144,356.23585,40.57734426
2018/5/13 16:30,2.217433373,299.5403849,38.68499883
2018/5/13 16:45,1.83253332,240.2922363,37.93255488
2018/5/13 17:00,1.42626667,155.1140696,35.31208166
2018/5/13 17:15,1.006955524,35.03036817,30.87143072
2018/5/13 17:30,0.545322219,20.59553528,20.13786125
2018/5/13 17:45,0.103322213,13.96905104,13.47813893
2018/5/13 18:00,0.003344444,7.554444472,7.014106909
2018/5/13 18:15,0,3.684718847,3.175052643
2018/5/13 18:30,0,2.915998379,2.453063091
2018/5/13 18:45,0,2.870188475,2.419008811
2018/5/13 19:00,0,2.444181045,1.919249495
2018/5/13 19:15,0,2.555452347,2.072236776
2018/5/13 19:30,0,2.476163546,1.991040905
2018/5/13 19:45,0,2.4742136,1.94830668
2018/5/13 20:00,0,2.952887615,2.378790617
2018/5/13 20:15,0,3.797286431,3.22294108
2018/5/13 20:30,0,3.795607487,3.130931616
2018/5/13 20:45,0,3.561818758,2.967116276
2018/5/13 21:00,0,2.832980792,2.210444768
2018/5/13 21:15,0,2.184999664,1.568838239
2018/5/13 21:30,0,2.229856531,1.580207745
2018/5/13 21:45,0,2.183058818,1.499057055
2018/5/13 22:00,0,1.649067958,1.100283484
2018/5/13 22:15,0,1.504923264,0.932834268
2018/5/13 22:30,0,1.452661435,0.899720629
2018/5/13 22:45,0,1.566564361,0.988313794
2018/5/13 23:00,0,1.664542476,1.099092762
2018/5/13 23:15,0,2.554201603,1.908534288
2018/5/13 23:30,0,2.482487281,1.80642275
2018/5/13 23:45,0,1.810444077,1.205179254
2018/5/14 0:00,0,2.190154274,1.478739579
2018/5/14 0:15,0,1.688968062,1.09904178
2018/5/14 0:30,0,2.172786792,1.486337344
2018/5/14 0:45,0,2.048789025,1.371252299
2018/5/14 1:00,0,1.735416611,1.122193853
2018/5/14 1:15,0,1.608534853,1.000213126
2018/5/14 1:30,0,1.925352295,1.244739254
2018/5/14 1:45,0,1.463398973,0.895087719
2018/5/14 2:00,0,1.917646249,1.269183636
2018/5/14 2:15,0,1.693576455,1.091516991
2018/5/14 2:30,0,1.786530574,1.125874638
2018/5/14 2:45,0,1.980964899,1.327760418
2018/5/14 3:00,0,2.119905829,1.427672028
2018/5/14 3:15,0,2.173784733,1.448167563
2018/5/14 3:30,0,1.854278683,1.178564827
2018/5/14 3:45,0,1.87449189,1.235162497
2018/5/14 4:00,0,1.055515329,0.573322634
2018/5/14 4:15,0,1.810850739,1.135333896
2018/5/14 4:30,0,1.970284025,1.268868009
2018/5/14 4:45,0,1.684494058,1.056826711
2018/5/14 5:00,0,1.162227293,0.69240882
2018/5/14 5:15,0,1.793611527,1.144399285
2018/5/14 5:30,0,1.259681642,0.717991978
2018/5/14 5:45,0,1.604969025,0.98748831
2018/5/14 6:00,0,1.827913324,1.130239725
2018/5/14 6:15,0,1.896998366,1.217068791
2018/5/14 6:30,0,1.781515718,1.088228703
2018/5/14 6:45,0,2.283759912,1.537799597
2018/5/14 7:00,0.0012,5.44095691,4.535661459
2018/5/14 7:15,0.095188888,28.81058916,10.4880956
2018/5/14 7:30,0.520511071,77.50912603,15.73469607
2018/5/14 7:45,1.004488866,136.7314758,19.93614197
2018/5/14 8:00,1.430233359,198.348999,23.17496936
2018/5/14 8:15,1.83838896,259.8641968,28.80165545
2018/5/14 8:30,2.216688792,331.7725423,34.17611059
2018/5/14 8:45,2.582400084,399.1251729,41.67569224
2018/5/14 9:00,2.91698885,454.2680969,46.95731608
2018/5/14 9:15,3.219977458,505.3867798,51.99204381
2018/5/14 9:30,3.488666614,553.7588908,56.7093544
2018/5/14 9:45,3.749077876,594.1376546,54.7057368
2018/5/14 10:00,3.965077956,634.8759155,55.66925685
2018/5/14 10:15,4.163422267,671.7679036,55.3054657
2018/5/14 10:30,4.366477966,708.1057943,52.84841156
2018/5/14 10:45,4.530766646,743.1780192,52.4811465
2018/5/14 11:00,4.664933363,772.4108073,52.32105764
2018/5/14 11:15,4.771344503,795.7537435,55.91265742
2018/5/14 11:30,4.866966883,821.5686442,60.84647751
2018/5/14 11:45,4.938132922,841.4237061,71.02422333
2018/5/14 12:00,4.95051082,848.986084,66.35051727
2018/5/14 12:15,4.956022262,853.1254883,65.70981089
2018/5/14 12:30,5.001722177,849.8356526,63.51794942
2018/5/14 12:45,4.959844589,841.2330322,66.22015635
2018/5/14 13:00,4.930011113,830.7504883,67.22694142
2018/5/14 13:15,4.883377552,815.2698771,65.27199809
2018/5/14 13:30,4.812311491,797.1210734,64.60938136
2018/5/14 13:45,4.693722248,770.2516886,62.01080958
2018/5/14 14:00,4.583421866,741.4804891,61.72996012
2018/5/14 14:15,4.456555684,717.5848999,63.23598226
2018/5/14 14:30,4.292622248,688.3184204,61.78095754
2018/5/14 14:45,4.088977655,649.4070434,62.59748967
2018/5/14 15:00,3.918711265,608.5182699,61.92064921
2018/5/14 15:15,3.70146656,559.9740601,52.77631124
2018/5/14 15:30,3.435677687,505.1227926,48.38375092
2018/5/14 15:45,3.158033133,455.4756266,47.08569463
2018/5/14 16:00,2.846277793,403.4534403,43.21046066
2018/5/14 16:15,2.512111028,346.306661,41.74214427
2018/5/14 16:30,2.161155701,289.9695333,39.8706665
2018/5/14 16:45,1.774011175,230.939331,38.40945689
2018/5/14 17:00,1.369644443,146.7893855,36.45824178
2018/5/14 17:15,0.95164448,37.79350408,31.38483747
2018/5/14 17:30,0.494433314,21.24961789,20.74126561
2018/5/14 17:45,0.091266662,14.36805089,13.8795805
2018/5/14 18:00,0.002888889,7.099594275,6.623020331
2018/5/14 18:15,0,2.938658555,2.517478029
2018/5/14 18:30,0,2.128279845,1.705323259
2018/5/14 18:45,0,2.354132175,1.873413245
2018/5/14 19:00,0,2.717269818,2.22694389
2018/5/14 19:15,0,3.168134133,2.669456562
2018/5/14 19:30,0,3.648049116,3.040746689
2018/5/14 19:45,0,3.328782082,2.788511515
2018/5/14 20:00,0,3.079437494,2.592434009
2018/5/14 20:15,0,3.010692438,2.48470068
2018/5/14 20:30,0,2.824825128,2.267160415
2018/5/14 20:45,0,3.267240842,2.651496967
2018/5/14 21:00,0,2.697436492,2.125197728
2018/5/14 21:15,0,2.932403564,2.393693685
2018/5/14 21:30,0,2.407793363,1.75374639
2018/5/14 21:45,0,2.247527361,1.649915814
2018/5/14 22:00,0,2.259790262,1.66528519
2018/5/14 22:15,0,1.879660726,1.237872839
2018/5/14 22:30,0,1.995441357,1.386593938
2018/5/14 22:45,0,1.669763088,1.098356684
2018/5/14 23:00,0,1.6979086,1.142686844
2018/5/14 23:15,0,1.756887873,1.178756595
2018/5/14 23:30,0,1.955381155,1.305478454
2018/5/14 23:45,0,1.590907852,1.013689161
2018/5/15 0:00,0,1.541937073,0.9987486
2018/5/15 0:15,0,2.449798187,1.783860882
2018/5/15 0:30,0,2.532138109,1.831997911
2018/5/15 0:45,0,1.830442945,1.214025319
2018/5/15 1:00,0,2.091673295,1.42682759
2018/5/15 1:15,0,1.161078632,0.684114515
2018/5/15 1:30,0,1.632415056,1.042312026
2018/5/15 1:45,0,2.045823455,1.355623643
2018/5/15 2:00,0,2.290118297,1.592002233
2018/5/15 2:15,0,1.791520119,1.141448379
2018/5/15 2:30,0,1.669030467,1.038732946
2018/5/15 2:45,0,1.985559582,1.310975273
2018/5/15 3:00,0,2.22194314,1.504515012
2018/5/15 3:15,0,1.807514509,1.199963669
2018/5/15 3:30,0,2.181746245,1.459074656
2018/5/15 3:45,0,2.170703967,1.479485114
2018/5/15 4:00,0,1.888066371,1.24263974
2018/5/15 4:15,0,1.910289725,1.236615141
2018/5/15 4:30,0,1.516057889,0.877322912
2018/5/15 4:45,0,1.546137293,0.913924038
2018/5/15 5:00,0,1.066783726,0.547725648
2018/5/15 5:15,0,0.836485267,0.431938012
2018/5/15 5:30,0,1.56331861,1.002285451
2018/5/15 5:45,0,1.215463082,0.70588237
2018/5/15 6:00,0,1.184599678,0.683086306
2018/5/15 6:15,0,1.796259761,1.213311593
2018/5/15 6:30,0,2.338833173,1.645082831
2018/5/15 6:45,0,2.926039854,2.229056199
2018/5/15 7:00,0.000622222,5.744443735,4.908036868
2018/5/15 7:15,0.095311111,30.04003461,9.555895487
2018/5/15 7:30,0.527822246,81.7672221,15.16344992
2018/5/15 7:45,1.027755499,142.4138133,19.59326935
2018/5/15 8:00,1.455588937,202.806132,22.2778918
2018/5/15 8:15,1.854844491,263.4690654,27.89114952
2018/5/15 8:30,2.235566616,335.6368612,34.22130585
2018/5/15 8:45,2.593000014,400.3140767,40.21657181
2018/5/15 9:00,2.924533288,455.1947225,44.35639191
2018/5/15 9:15,3.219633341,506.5430806,49.67764791
2018/5/15 9:30,3.505244493,554.7554728,54.79199346
2018/5/15 9:45,3.777233283,597.49823,53.84357071
2018/5/15 10:00,4.021800041,638.6788533,53.6006546
2018/5/15 10:15,4.227544308,674.417745,51.54489009
2018/5/15 10:30,4.40314436,708.6568603,51.07425944
2018/5/15 10:45,4.5438447,742.3408203,51.42630386
2018/5/15 11:00,4.613344352,753.0583293,54.80430603
2018/5/15 11:15,4.851099968,806.915568,63.19144312
2018/5/15 11:30,4.887800058,820.7229411,61.18616613
2018/5/15 11:45,4.925488631,842.7435099,74.71755473
2018/5/15 12:00,5.008999507,854.3416138,71.10719554
2018/5/15 12:15,5.032910983,857.6924235,68.92941538
2018/5/15 12:30,5.025778135,862.7166748,91.4057719
2018/5/15 12:45,5.003022353,845.8504638,88.16302236
2018/5/15 13:00,4.959700108,827.4516195,68.08354187
2018/5/15 13:15,4.907011191,814.4616496,64.87824885
2018/5/15 13:30,4.84496657,797.1759643,63.30921936
2018/5/15 13:45,4.728177866,772.7101034,61.83397039
2018/5/15 14:00,4.583433469,737.5325521,59.58389664
2018/5/15 14:15,4.484788259,718.9005534,63.92636744
2018/5/15 14:30,4.328022162,691.9717611,63.17114258
2018/5/15 14:45,4.142066637,651.0569662,59.8682785
2018/5/15 15:00,3.918199778,607.5198771,59.30368042
2018/5/15 15:15,3.70548892,561.6672363,53.63959757
2018/5/15 15:30,3.441544374,508.5199992,47.49994278
2018/5/15 15:45,3.167155822,454.9501241,45.62286759
2018/5/15 16:00,2.86611112,406.1132405,42.88364538
2018/5/15 16:15,2.530799945,346.7774963,40.88728968
2018/5/15 16:30,2.164755503,288.5732727,38.57400894
2018/5/15 16:45,1.783600052,229.9337311,36.50615184
2018/5/15 17:00,1.386244416,146.43971,35.02085241
2018/5/15 17:15,0.972088873,37.5082868,29.3903815
2018/5/15 17:30,0.503666649,20.17305247,19.80753581
2018/5/15 17:45,0.083411109,12.81653881,12.38675245
2018/5/15 18:00,0.001877778,6.945826531,6.49561278
2018/5/15 18:15,0,3.120460431,2.66189297
2018/5/15 18:30,0,2.373085022,1.965183695
2018/5/15 18:45,0,2.557413657,2.133434693
2018/5/15 19:00,0,1.946655075,1.481710752
2018/5/15 19:15,0,2.776404063,2.30986627
2018/5/15 19:30,0,3.478277286,2.917388996
2018/5/15 19:45,0,2.826496442,2.322396994
2018/5/15 20:00,0,3.357739369,2.806888978
2018/5/15 20:15,0,3.394724449,2.821949561
2018/5/15 20:30,0,2.871137857,2.352914731
2018/5/15 20:45,0,2.575583855,2.031218727
2018/5/15 21:00,0,3.02975591,2.523129543
2018/5/15 21:15,0,2.881363154,2.321696361
2018/5/15 21:30,0,2.784293652,2.210934957
2018/5/15 21:45,0,2.122099678,1.476857265
2018/5/15 22:00,0,1.975658576,1.357423345
2018/5/15 22:15,0,1.822722634,1.253385941
2018/5/15 22:30,0,1.892656565,1.286181251
2018/5/15 22:45,0,2.041377147,1.400199334
2018/5/15 23:00,0,2.150769552,1.556069215
2018/5/15 23:15,0,2.423535744,1.728028933
2018/5/15 23:30,0,2.164256295,1.445281506
2018/5/15 23:45,0,1.741121213,1.136824012
2018/5/16 0:00,0,1.840000788,1.252964775
2018/5/16 0:15,0,1.528950016,0.970559975
2018/5/16 0:30,0,1.436594566,0.874974966
2018/5/16 0:45,0,2.041501323,1.376086036
2018/5/16 1:00,0,2.110253334,1.448923191
2018/5/16 1:15,0,1.517321904,0.935599029
2018/5/16 1:30,0,1.309129318,0.738120079
2018/5/16 1:45,0,1.599058708,1.015021781
2018/5/16 2:00,0,1.90267543,1.287678599
2018/5/16 2:15,0,1.71119829,1.087155223
2018/5/16 2:30,0,1.70392255,1.084754586
2018/5/16 2:45,0,1.17557027,0.732578734
2018/5/16 3:00,0,1.665133596,1.098963221
2018/5/16 3:15,0,1.00258257,0.556502879
2018/5/16 3:30,0,1.76849409,1.144698143
2018/5/16 3:45,0,2.621418079,1.932951172
2018/5/16 4:00,0,1.661808849,1.06686606
2018/5/16 4:15,0,1.672405005,1.069954594
2018/5/16 4:30,0,1.95269227,1.276356896
2018/5/16 4:45,0,1.477265636,0.881206274
2018/5/16 5:00,0,1.575927258,1.038229744
2018/5/16 5:15,0,1.69725277,1.186944276
2018/5/16 5:30,0,1.295504153,0.802666277
2018/5/16 5:45,0,1.855874101,1.223600705
2018/5/16 6:00,0,2.181572715,1.518926024
2018/5/16 6:15,0,2.181570371,1.447204391
2018/5/16 6:30,0,2.073699355,1.301532944
2018/5/16 6:45,0,2.711530685,2.016941905
2018/5/16 7:00,0,5.61164999,4.832233906
2018/5/16 7:15,0.081655555,27.18343735,9.444450059
2018/5/16 7:30,0.491899977,74.66615168,13.94317531
2018/5/16 7:45,0.988455494,134.4679387,19.49779637
2018/5/16 8:00,1.409700036,194.1015727,23.93976466
2018/5/16 8:15,1.822100083,257.3797709,29.65923818
2018/5/16 8:30,2.207999945,328.852356,35.39847183
2018/5/16 8:45,2.568755468,393.391449,41.30943044
2018/5/16 9:00,2.914199988,448.0760905,45.79851786
2018/5/16 9:15,3.218677759,499.2035929,51.43915303
2018/5/16 9:30,3.501433452,547.4595337,53.62246958
2018/5/16 9:45,3.753255526,588.6433512,52.83615748
2018/5/16 10:00,3.984688997,629.0936279,52.62903595
2018/5/16 10:15,4.20308876,667.4395142,51.48454666
2018/5/16 10:30,4.375866731,701.4843546,51.350118
2018/5/16 10:45,4.542611122,737.5073242,51.56904983
2018/5/16 11:00,4.675422351,765.022522,52.7001915
2018/5/16 11:15,4.78451093,789.4239502,55.54123815
2018/5/16 11:30,4.864944776,812.2657064,59.78659821
2018/5/16 11:45,4.948744456,834.9160563,70.64489746
2018/5/16 12:00,4.983700116,841.3576457,66.37462616
2018/5/16 12:15,5.004033406,849.3123576,66.80994415
2018/5/16 12:30,5.013844172,843.7012532,62.85288493
2018/5/16 12:45,4.972744941,831.6954956,62.37357966
2018/5/16 13:00,4.915833473,822.9092001,65.83289846
2018/5/16 13:15,4.878088951,808.5655111,65.119133
2018/5/16 13:30,4.794455687,785.6566569,62.01328532
2018/5/16 13:45,4.690311273,763.4349772,62.83994929
2018/5/16 14:00,4.559766611,730.3358358,60.97834524
2018/5/16 14:15,4.416022619,702.7478434,60.50346629
2018/5/16 14:30,4.275389036,679.9907837,62.84315109
2018/5/16 14:45,4.115488847,643.2173462,61.4144338
2018/5/16 15:00,3.899800062,599.1049601,62.00865555
2018/5/16 15:15,3.658322176,548.6660563,55.26176326
2018/5/16 15:30,3.422666788,499.0685628,49.75732167
2018/5/16 15:45,3.122822364,444.9208781,47.0725085
2018/5/16 16:00,2.810255686,393.3498128,44.69190598
2018/5/16 16:15,2.475488901,336.0398763,42.41847102
2018/5/16 16:30,2.124711196,280.9880371,40.24896494
2018/5/16 16:45,1.740866741,222.4105479,37.65768941
2018/5/16 17:00,1.344988863,143.1433385,36.31110128
2018/5/16 17:15,0.934299986,38.66309166,30.17729441
2018/5/16 17:30,0.467244436,20.44666036,20.057326
2018/5/16 17:45,0.072611105,13.4230531,12.96577104
2018/5/16 18:00,0.002055556,6.300783475,5.773625374
2018/5/16 18:15,0,2.641391913,2.194161336
2018/5/16 18:30,0,1.830363353,1.406709194
2018/5/16 18:45,0,1.8107181,1.423756957
2018/5/16 19:00,0,2.550703764,2.106608073
2018/5/16 19:15,0,2.119187753,1.665051977
2018/5/16 19:30,0,2.506376664,2.011578322
2018/5/16 19:45,0,1.95295616,1.541018605
2018/5/16 20:00,0,2.063210448,1.607534448
2018/5/16 20:15,0,1.975376089,1.504317045
2018/5/16 20:30,0,2.306007147,1.795716524
2018/5/16 20:45,0,1.741822799,1.282687028
2018/5/16 21:00,0,1.732283115,1.298024932
2018/5/16 21:15,0,1.787482421,1.331374724
2018/5/16 21:30,0,2.334137201,1.856082042
2018/5/16 21:45,0,3.018283367,2.404155771
2018/5/16 22:00,0,3.449182669,2.872312387
2018/5/16 22:15,0,3.034441471,2.423037926
2018/5/16 22:30,0,2.423328638,1.800499797
2018/5/16 22:45,0,1.351473928,0.886665126
2018/5/16 23:00,0,0.661863903,0.438134144
2018/5/16 23:15,0,1.610669613,1.062105437
2018/5/16 23:30,0,3.598680735,2.920285225
2018/5/16 23:45,0,3.331487179,2.58981204
2018/5/17 0:00,0,2.831993342,2.182381948
2018/5/17 0:15,0,1.887347142,1.295749903
2018/5/17 0:30,0,1.250651836,0.7213642
2018/5/17 0:45,0,1.553487321,1.051491082
2018/5/17 1:00,0,1.791322311,1.161671519
2018/5/17 1:15,0,2.373439153,1.754535238
2018/5/17 1:30,0,2.889021397,2.242855946
2018/5/17 1:45,0,2.243132075,1.576723417
2018/5/17 2:00,0,1.853495121,1.209656318
2018/5/17 2:15,0,1.52896301,0.948041856
2018/5/17 2:30,0,1.586108327,1.019076626
2018/5/17 2:45,0,1.345229745,0.872085691
2018/5/17 3:00,0,1.672308564,1.140298685
2018/5/17 3:15,0,2.418706735,1.741010944
2018/5/17 3:30,0,1.666188677,1.075057447
2018/5/17 3:45,0,1.689940612,1.063806574
2018/5/17 4:00,0,1.709123651,1.096429507
2018/5/17 4:15,0,1.559722066,1.020404617
2018/5/17 4:30,0,2.221852104,1.502612671
2018/5/17 4:45,0,1.578825672,0.987820903
2018/5/17 5:00,0,1.609616479,1.061134736
2018/5/17 5:15,0,2.262908657,1.637627761
2018/5/17 5:30,0,2.140483618,1.517752131
2018/5/17 5:45,0,1.886542241,1.268923362
2018/5/17 6:00,0,1.299242496,0.773386161
2018/5/17 6:15,0,1.433728178,0.85356311
2018/5/17 6:30,0,1.866786758,1.223716895
2018/5/17 6:45,0,2.307908575,1.638673822
2018/5/17 7:00,0,5.175138315,4.397628546
2018/5/17 7:15,0.080366665,30.56145414,13.11218643
2018/5/17 7:30,0.461833318,76.57013957,17.58120918
2018/5/17 7:45,0.945911109,127.6260376,21.33445676
2018/5/17 8:00,1.356722196,185.0380453,27.94567235
2018/5/17 8:15,1.757600149,246.728597,35.6558253
2018/5/17 8:30,2.156533321,317.8850403,39.60108948
2018/5/17 8:45,2.531766574,384.5157268,45.11346308
2018/5/17 9:00,2.870333195,440.4952494,50.91609065
2018/5/17 9:15,3.183366617,491.7522176,56.78588995
2018/5/17 9:30,3.473399877,539.1727091,58.76751328
2018/5/17 9:45,3.72681125,579.9551188,59.37159856
2018/5/17 10:00,3.952433427,619.7722371,58.50952276
2018/5/17 10:15,4.024888913,645.1773275,63.60825221
2018/5/17 10:30,3.892711242,634.9147949,78.83110046
2018/5/17 10:45,4.491188844,719.3891602,67.27443186
2018/5/17 11:00,4.677877585,753.2222086,63.57438914
2018/5/17 11:15,4.742966811,781.6694132,62.27190272
2018/5/17 11:30,4.82400004,800.7189738,65.88579051
2018/5/17 11:45,4.892011007,822.6560872,75.25816854
2018/5/17 12:00,4.917188962,832.541626,72.85707092
2018/5/17 12:15,4.941122055,835.9851888,70.96397654
2018/5/17 12:30,4.947144349,827.3026733,66.88395945
2018/5/17 12:45,4.954433441,821.6080933,69.45305888
2018/5/17 13:00,4.920699755,811.4928182,70.50136058
2018/5/17 13:15,4.86977768,800.9553833,70.03178151
2018/5/17 13:30,4.773555279,777.861735,64.80753835
2018/5/17 13:45,4.707555612,756.1716105,65.03187306
2018/5/17 14:00,4.588677883,726.7781575,64.0185407
2018/5/17 14:15,4.468177478,700.8848063,64.67457835
2018/5/17 14:30,4.300621828,677.3826497,65.03585561
2018/5/17 14:45,4.126755714,640.2528687,63.34055837
2018/5/17 15:00,3.929788907,598.0108643,62.3636411
2018/5/17 15:15,3.679177602,549.0511068,55.78422928
2018/5/17 15:30,3.436077992,499.1452535,50.36591085
2018/5/17 15:45,3.156433344,446.2282613,46.86181386
2018/5/17 16:00,2.830344359,393.4988505,44.48248418
2018/5/17 16:15,2.491188923,334.5017904,41.33943303
2018/5/17 16:30,2.13803339,281.1494548,40.98875427
2018/5/17 16:45,1.757033269,222.8720398,38.03034592
2018/5/17 17:00,1.351199985,146.5814794,35.39773941
2018/5/17 17:15,0.939433317,42.12330182,31.25283877
2018/5/17 17:30,0.457800001,20.86875598,20.38384755
2018/5/17 17:45,0.059422221,13.41849391,12.97647731
2018/5/17 18:00,0.001166667,6.889451186,6.369384925
2018/5/17 18:15,0,2.739906232,2.326641679
2018/5/17 18:30,0,1.89075907,1.425351143
2018/5/17 18:45,0,2.610471884,2.124306639
2018/5/17 19:00,0,2.175078591,1.727183381
2018/5/17 19:15,0,2.189228415,1.674348315
2018/5/17 19:30,0,2.711223284,2.225513299
2018/5/17 19:45,0,2.740863482,2.343968948
2018/5/17 20:00,0,2.384361426,1.800123532
2018/5/17 20:15,0,2.16414992,1.607314865
2018/5/17 20:30,0,2.595716317,2.0620869
2018/5/17 20:45,0,3.101219336,2.547474782
2018/5/17 21:00,0,3.01335152,2.509835005
2018/5/17 21:15,0,2.137477318,1.546055714
2018/5/17 21:30,0,1.803187529,1.308516224
2018/5/17 21:45,0,1.91647776,1.360728899
2018/5/17 22:00,0,1.738241792,1.189171076
2018/5/17 22:15,0,2.141856591,1.515539527
2018/5/17 22:30,0,2.595604976,2.005791505
2018/5/17 22:45,0,1.859978676,1.281142314
2018/5/17 23:00,0,1.03193452,0.590885222
2018/5/17 23:15,0,1.389047384,0.828403274
2018/5/17 23:30,0,2.387084683,1.755120794
2018/5/17 23:45,0,2.130057136,1.550056259
2018/5/18 0:00,0,2.352166732,1.713567058
2018/5/18 0:15,0,2.14037919,1.568433722
2018/5/18 0:30,0,2.016561826,1.359693011
2018/5/18 0:45,0,2.51336511,1.847850124
2018/5/18 1:00,0,2.335787416,1.720065713
2018/5/18 1:15,0,2.494036436,1.829536398
2018/5/18 1:30,0,1.971237778,1.338913918
2018/5/18 1:45,0,2.063185732,1.424991926
2018/5/18 2:00,0,1.835909526,1.212900122
2018/5/18 2:15,0,1.802550236,1.175264041
2018/5/18 2:30,0,1.774333834,1.163404544
2018/5/18 2:45,0,2.248111407,1.570137382
2018/5/18 3:00,0,2.48646005,1.755441507
2018/5/18 3:15,0,1.915623268,1.232239147
2018/5/18 3:30,0,1.973338842,1.325217326
2018/5/18 3:45,0,1.548155229,0.92923218
2018/5/18 4:00,0,1.842220346,1.213363846
2018/5/18 4:15,0,1.787808736,1.168869893
2018/5/18 4:30,0,1.196887891,0.634837091
2018/5/18 4:45,0,1.724187692,1.044389566
2018/5/18 5:00,0,1.604828477,0.96925956
2018/5/18 5:15,0,2.124950886,1.375741323
2018/5/18 5:30,0,2.085395018,1.390361826
2018/5/18 5:45,0,1.788970312,1.134245297
2018/5/18 6:00,0,1.571049929,0.935881952
2018/5/18 6:15,0,1.96015807,1.258593201
2018/5/18 6:30,0,1.869008223,1.215497951
2018/5/18 6:45,0,2.528968096,1.802453518
2018/5/18 7:00,0.000122222,6.259932518,5.418477217
2018/5/18 7:15,0.066466668,24.53437678,11.14335505
2018/5/18 7:30,0.28348889,50.23794556,18.86299769
2018/5/18 7:45,1.056811114,136.1072667,29.02662023
2018/5/18 8:00,1.276244402,175.2747904,36.80887858
2018/5/18 8:15,1.445511103,201.9446767,43.58284505
2018/5/18 8:30,2.322866599,330.8034871,59.45222728
2018/5/18 8:45,1.571144462,265.3859202,98.86424002
2018/5/18 9:00,2.351411144,342.3546397,85.15062714
2018/5/18 9:15,3.179911057,491.565684,71.96555583
2018/5/18 9:30,3.396466653,535.3754679,65.57692846
2018/5/18 9:45,3.724755605,576.254008,61.03821564
2018/5/18 10:00,4.020922184,636.563151,60.81675085
2018/5/18 10:15,4.264088949,682.9448446,68.77502187
2018/5/18 10:30,4.46672233,720.1999715,74.22741445
2018/5/18 10:45,4.537677765,736.3068847,68.94247436
2018/5/18 11:00,4.655077616,754.0811564,66.0444959
2018/5/18 11:15,4.842155616,797.8439738,69.71599579
2018/5/18 11:30,4.586399873,772.1169637,105.020663
2018/5/18 11:45,4.91392231,828.5672404,104.8318405
2018/5/18 12:00,5.058166504,857.1394857,94.16092173
2018/5/18 12:15,5.109055519,864.5633138,95.24266053
2018/5/18 12:30,5.056544463,847.8450724,79.74626668
2018/5/18 12:45,5.03871123,839.145284,86.77313232
2018/5/18 13:00,4.873411337,822.8483887,105.3087184
2018/5/18 13:15,4.8716108,797.5823974,110.6324463
2018/5/18 13:30,4.682533264,767.6814982,104.1997808
2018/5/18 13:45,4.756989002,771.3908488,105.3443197
2018/5/18 14:00,4.713789145,750.6870524,93.59549459
2018/5/18 14:15,4.419844627,692.3574015,94.37223562
2018/5/18 14:30,4.366555691,685.4805705,96.52824147
2018/5/18 14:45,4.119344155,648.4845581,107.2543793
2018/5/18 15:00,3.22642223,498.7113648,169.947642
2018/5/18 15:15,2.493277749,404.8002116,186.8364054
2018/5/18 15:30,1.447600126,244.3545125,205.3179423
2018/5/18 15:45,2.605444471,365.9436035,189.9004872
2018/5/18 16:00,2.683377822,429.3410237,174.3590342
2018/5/18 16:15,0.846599996,156.3686295,102.6696854
2018/5/18 16:30,1.011433363,150.7420603,110.8534622
2018/5/18 16:45,1.062899987,169.4255879,126.3908183
2018/5/18 17:00,0.538144449,105.7160772,97.37021128
2018/5/18 17:15,0.426433315,77.30697505,75.288016
2018/5/18 17:30,0.269255559,48.79145177,48.03173065
2018/5/18 17:45,0.051066667,19.35509014,18.74505043
2018/5/18 18:00,-0.000322222,5.918580373,5.385230303
2018/5/18 18:15,0,2.632787784,2.195912758
2018/5/18 18:30,0,1.594968875,1.175952872
2018/5/18 18:45,0,1.957003276,1.516709487
2018/5/18 19:00,0,2.576914946,2.139217695
2018/5/18 19:15,0,2.430044254,1.968641361
2018/5/18 19:30,0,1.977784514,1.522024949
2018/5/18 19:45,0,2.668466409,2.155744394
2018/5/18 20:00,0,2.581729412,2.074730873
2018/5/18 20:15,0,2.639493863,2.093956113
2018/5/18 20:30,0,2.35976855,1.750001431
2018/5/18 20:45,0,2.681696018,2.161883831
2018/5/18 21:00,0,2.751216412,2.187397758
2018/5/18 21:15,0,2.930962483,2.364078362
2018/5/18 21:30,0,3.074842533,2.485236724
2018/5/18 21:45,0,2.036114335,1.485606114
2018/5/18 22:00,0,1.878747105,1.279215256
2018/5/18 22:15,0,2.161106825,1.53516988
2018/5/18 22:30,0,2.330284436,1.7033029
2018/5/18 22:45,0,2.041443905,1.414048433
2018/5/18 23:00,0,1.067922413,0.651145359
2018/5/18 23:15,0,2.232187073,1.553447803
2018/5/18 23:30,0,2.973583778,2.364107529
2018/5/18 23:45,0,2.57022802,1.938081741
2018/5/19 0:00,0,2.525575558,1.861185908
2018/5/19 0:15,0,2.074219704,1.419781208
2018/5/19 0:30,0,2.052905083,1.373297413
2018/5/19 0:45,0,1.789742708,1.143492738
2018/5/19 1:00,0,2.384404659,1.663581371
2018/5/19 1:15,0,1.983255148,1.30409654
2018/5/19 1:30,0,2.206885894,1.433346113
2018/5/19 1:45,0,2.181493083,1.410945416
2018/5/19 2:00,0,1.822860162,1.184376259
2018/5/19 2:15,0,1.413512429,0.881612698
2018/5/19 2:30,0,1.707806547,1.057750563
2018/5/19 2:45,0,1.903290153,1.253925085
2018/5/19 3:00,0,2.057973862,1.376664082
2018/5/19 3:15,0,1.044468463,0.584972332
2018/5/19 3:30,0,0.726491531,0.423111518
2018/5/19 3:45,0,1.578282515,0.929924587
2018/5/19 4:00,0,1.606998761,0.951986333
2018/5/19 4:15,0,2.100234787,1.401895583
2018/5/19 4:30,0,2.342794021,1.65004917
2018/5/19 4:45,0,2.893599669,2.182344198
2018/5/19 5:00,0,2.750870864,2.024157445
2018/5/19 5:15,0,2.375503461,1.62349685
2018/5/19 5:30,0,2.157016992,1.39577206
2018/5/19 5:45,0,1.559838454,0.956930161
2018/5/19 6:00,0,1.49847281,0.891327799
2018/5/19 6:15,0,2.218492031,1.471655885
2018/5/19 6:30,0,2.381209811,1.608623902
2018/5/19 6:45,0,2.134828686,1.41101565
2018/5/19 7:00,0,4.958721399,4.153319677
2018/5/19 7:15,0.0703,27.05655924,8.96856483
2018/5/19 7:30,0.520466656,75.4381485,15.19726276
2018/5/19 7:45,1.037988881,137.0902506,22.70661481
2018/5/19 8:00,1.512355566,199.8927714,30.02556737
2018/5/19 8:15,1.70702219,235.854716,36.45041656
2018/5/19 8:30,2.283089002,334.7677612,40.87233988
2018/5/19 8:45,2.610199769,400.5367839,44.49832535
2018/5/19 9:00,2.940022071,454.6097514,47.13194275
2018/5/19 9:15,3.239799976,505.4460958,52.37366231
2018/5/19 9:30,3.53165563,552.4631551,54.1937561
2018/5/19 9:45,3.786399921,594.1881714,52.20052083
2018/5/19 10:00,4.0145998,637.0198975,51.7546107
2018/5/19 10:15,4.211199919,674.1906738,51.16301218
2018/5/19 10:30,4.393522103,706.9893392,50.67870585
2018/5/19 10:45,4.532744408,742.9821167,50.79901886
2018/5/19 11:00,4.655566533,769.8121948,53.00393295
2018/5/19 11:15,4.788222313,795.486206,57.00955709
2018/5/19 11:30,4.859477997,816.0562337,61.94354375
2018/5/19 11:45,4.938755671,838.0105387,72.67789459
2018/5/19 12:00,4.960000197,846.7978719,67.45933279
2018/5/19 12:15,4.983833472,851.1879272,65.12658056
2018/5/19 12:30,4.980311394,847.0534261,63.05577596
2018/5/19 12:45,4.956555843,833.8002523,63.97247569
2018/5/19 13:00,4.922155857,823.1011149,65.65403239
2018/5/19 13:15,4.881721814,814.8312174,66.35295614
2018/5/19 13:30,4.827822208,793.9476115,62.63240305
2018/5/19 13:45,4.693411191,769.3355103,60.89513143
2018/5/19 14:00,4.605333169,738.4995931,62.2145551
2018/5/19 14:15,4.470277786,706.8415527,59.85464605
2018/5/19 14:30,4.30562226,687.8736572,62.36717733
2018/5/19 14:45,4.112488747,646.0707397,58.12807083
2018/5/19 15:00,3.913889249,605.5063477,61.13217417
2018/5/19 15:15,3.670655568,555.9097697,54.75129064
2018/5/19 15:30,3.422466675,505.3023987,48.86007182
2018/5/19 15:45,3.14503336,452.1962992,44.94999313
2018/5/19 16:00,2.837922255,398.6381022,43.86865107
2018/5/19 16:15,2.50880003,340.2125651,41.27571487
2018/5/19 16:30,2.137888749,281.8621012,39.07295736
2018/5/19 16:45,1.762166699,223.634669,36.95613225
2018/5/19 17:00,1.362211029,150.5243225,34.84640248
2018/5/19 17:15,0.946688851,48.32259115,30.4293766
2018/5/19 17:30,0.429277768,20.57211939,20.02749888
2018/5/19 17:45,0.044533332,12.93779024,12.47409852
2018/5/19 18:00,0.000433333,7.039395173,6.528073311
2018/5/19 18:15,0,4.51417017,3.852366527
2018/5/19 18:30,0,3.853027105,3.245433013
2018/5/19 18:45,0,2.691214402,2.156348864
2018/5/19 19:00,0,2.632795255,2.1129963
2018/5/19 19:15,0,2.325100422,1.744058847
2018/5/19 19:30,0,3.408405701,2.746720076
2018/5/19 19:45,0,3.604768356,2.95706145
2018/5/19 20:00,0,3.046409289,2.491210381
2018/5/19 20:15,0,2.770476421,2.236039639
2018/5/19 20:30,0,2.806357304,2.246286233
2018/5/19 20:45,0,2.542219559,1.89676555
2018/5/19 21:00,0,2.333412568,1.700595816
2018/5/19 21:15,0,2.224368413,1.538754821
2018/5/19 21:30,0,1.997127215,1.320154548
2018/5/19 21:45,0,1.814164718,1.199269076
2018/5/19 22:00,0,1.620625496,1.015103281
2018/5/19 22:15,0,2.434484879,1.761640429
2018/5/19 22:30,0,2.039747834,1.360665122
2018/5/19 22:45,0,2.318279823,1.626786351
2018/5/19 23:00,0,2.249255578,1.550818999
2018/5/19 23:15,0,2.390148084,1.719037215
2018/5/19 23:30,0,1.9793305,1.248504996
2018/5/19 23:45,0,1.463295062,0.895892541
2018/5/20 0:00,0,0.908289114,0.506386727
2018/5/20 0:15,0,0.938140531,0.587458561
2018/5/20 0:30,0,1.698551337,1.075959722
2018/5/20 0:45,0,2.405771017,1.668247223
2018/5/20 1:00,0,2.549816211,1.817704439
2018/5/20 1:15,0,1.642668843,0.998890519
2018/5/20 1:30,0,1.995652636,1.302509586
2018/5/20 1:45,0,1.875483593,1.228919109
2018/5/20 2:00,0,1.7436891,1.122802337
2018/5/20 2:15,0,2.002161701,1.334740877
2018/5/20 2:30,0,1.826475859,1.179760337
2018/5/20 2:45,0,1.867814461,1.180537343
2018/5/20 3:00,0,1.651126782,1.000149806
2018/5/20 3:15,0,2.387977918,1.658768296
2018/5/20 3:30,0,2.07594498,1.342392246
2018/5/20 3:45,0,2.134183129,1.420002103
2018/5/20 4:00,0,1.90592579,1.19135197
2018/5/20 4:15,0,1.580831011,0.986577312
2018/5/20 4:30,0,1.539368232,0.881292681
2018/5/20 4:45,0,2.089655797,1.328132153
2018/5/20 5:00,0,1.803625425,1.112742345
2018/5/20 5:15,0,1.854240099,1.12565434
2018/5/20 5:30,0,1.615438223,0.947588364
2018/5/20 5:45,0,1.467321714,0.834877014
2018/5/20 6:00,0,1.878730019,1.197673798
2018/5/20 6:15,0,1.806142886,1.076310615
2018/5/20 6:30,0,1.826756001,1.118919154
2018/5/20 6:45,0,2.01106747,1.295655767
2018/5/20 7:00,0,4.724779844,3.882374446
2018/5/20 7:15,0.047688888,26.53686905,9.134561857
2018/5/20 7:30,0.434233298,72.11579005,14.33159129
2018/5/20 7:45,0.959877809,126.2155635,17.81584168
2018/5/20 8:00,1.376433373,181.6349182,21.28147125
2018/5/20 8:15,1.775533279,245.2830811,25.06457011
2018/5/20 8:30,2.145389001,314.0154622,30.45148595
2018/5/20 8:45,2.490188917,379.2549235,36.16903941
2018/5/20 9:00,2.820000092,436.8782043,43.45342127
2018/5/20 9:15,3.137833277,488.2599996,50.87895584
2018/5/20 9:30,3.424822172,533.2813314,51.88376872
2018/5/20 9:45,3.682389021,574.8852539,50.60604477
2018/5/20 10:00,3.916422288,617.2598063,49.39429347
2018/5/20 10:15,4.09958903,656.396464,49.26521683
2018/5/20 10:30,4.250144482,687.4647217,48.96772257
2018/5/20 10:45,4.381688913,719.1935832,48.63270696
2018/5/20 11:00,4.527699947,748.1886393,52.22524261
2018/5/20 11:15,4.643244743,768.8912964,54.09566498
2018/5/20 11:30,4.714199861,791.5676269,61.31837209
2018/5/20 11:45,4.788166205,812.9495239,71.74552663
2018/5/20 12:00,4.825421969,819.2211507,67.86510722
2018/5/20 12:15,4.897666613,821.6425781,64.41151301
2018/5/20 12:30,4.878466606,814.0084229,61.70462799
2018/5/20 12:45,4.850266139,806.5374959,63.00751496
2018/5/20 13:00,4.809877714,798.3275147,65.66434733
2018/5/20 13:15,4.771499793,782.0652262,62.61564509
2018/5/20 13:30,4.668977579,765.1342773,61.51265335
2018/5/20 13:45,4.578088919,741.3171387,60.35230128
2018/5/20 14:00,4.452666601,703.8527425,56.34191005
2018/5/20 14:15,4.34027799,676.7337036,58.26926041
2018/5/20 14:30,4.16698885,658.2099406,59.53735351
2018/5/20 14:45,3.991177718,625.0352173,59.72496923
2018/5/20 15:00,3.799655517,579.6630453,57.709699
2018/5/20 15:15,3.564099789,535.0975139,53.98432286
2018/5/20 15:30,3.317788919,483.2589722,45.96151225
2018/5/20 15:45,3.049877803,434.155131,44.46694056
2018/5/20 16:00,2.74312218,380.3497721,41.77489853
2018/5/20 16:15,2.410877784,323.7101949,40.0010821
2018/5/20 16:30,2.056966543,266.9744822,37.26986694
2018/5/20 16:45,1.678744475,210.2833557,35.17318598
2018/5/20 17:00,1.28811117,147.9757461,33.50633621
2018/5/20 17:15,0.884577771,49.96644592,30.07343864
2018/5/20 17:30,0.387899995,19.97156524,19.59140841
2018/5/20 17:45,0.036977773,12.08734385,11.60717042
2018/5/20 18:00,-0.000755544,5.951963583,5.501556873
2018/5/20 18:15,0,3.165578683,2.768646558
2018/5/20 18:30,0,2.665718396,2.268792709
2018/5/20 18:45,0,2.139675697,1.73309048
2018/5/20 19:00,0,2.669903676,2.207324346
2018/5/20 19:15,0,2.68239061,2.241241535
2018/5/20 19:30,0,2.917930444,2.500794887
2018/5/20 19:45,0,2.993256171,2.52866292
2018/5/20 20:00,0,3.3946925,2.809406201
2018/5/20 20:15,0,3.092652877,2.566724698
2018/5/20 20:30,0,2.916814883,2.431949933
2018/5/20 20:45,0,2.590301434,2.04667747
2018/5/20 21:00,0,2.737911781,2.220790625
2018/5/20 21:15,0,2.098823587,1.536710977
2018/5/20 21:30,0,1.857404033,1.325178425
2018/5/20 21:45,0,1.803113222,1.235200047
2018/5/20 22:00,0,1.99040544,1.368253867
2018/5/20 22:15,0,1.524207155,0.982045869
2018/5/20 22:30,0,2.129667759,1.543865403
2018/5/20 22:45,0,1.656567931,1.120754083
2018/5/20 23:00,0,1.335526228,0.828239282
2018/5/20 23:15,0,1.571479281,1.013582647
2018/5/20 23:30,0,2.089943965,1.463757396
2018/5/20 23:45,0,1.979704817,1.391526262
2018/5/21 0:00,0,2.020852328,1.412031253
2018/5/21 0:15,0,1.98893547,1.34509031
2018/5/21 0:30,0,2.171973745,1.530213475
2018/5/21 0:45,0,2.062119683,1.41332233
2018/5/21 1:00,0,1.974239111,1.320832014
2018/5/21 1:15,0,1.880549232,1.284183065
2018/5/21 1:30,0,1.850105842,1.229606152
2018/5/21 1:45,0,1.805852453,1.236101667
2018/5/21 2:00,0,2.151843945,1.486067534
2018/5/21 2:15,0,1.815885862,1.213774562
2018/5/21 2:30,0,1.936252792,1.273741047
2018/5/21 2:45,0,1.786637743,1.20855387
2018/5/21 3:00,0,1.641306361,1.087012927
2018/5/21 3:15,0,2.105287592,1.432456493
2018/5/21 3:30,0,2.174477736,1.513791959
2018/5/21 3:45,0,1.505221367,0.920639594
2018/5/21 4:00,0,1.481187026,0.937796732
2018/5/21 4:15,0,1.48312978,0.886152168
2018/5/21 4:30,0,1.556723714,0.928962072
2018/5/21 4:45,0,1.764025291,1.151319027
2018/5/21 5:00,0,1.302707633,0.762445192
2018/5/21 5:15,0,2.355138302,1.669622342
2018/5/21 5:30,0,2.056864699,1.347023527
2018/5/21 5:45,0,1.800103187,1.154746453
2018/5/21 6:00,0,1.738467455,1.104229351
2018/5/21 6:15,0,1.427541296,0.861308495
2018/5/21 6:30,0,2.330385685,1.59759434
2018/5/21 6:45,0,1.920955777,1.209669709
2018/5/21 7:00,0,3.834576686,3.097589453
2018/5/21 7:15,0.036077774,24.15906048,11.31771914
2018/5/21 7:30,0.381611099,65.93685659,23.91585604
2018/5/21 7:45,0.926600039,114.7773514,34.53250822
2018/5/21 8:00,1.344422261,174.5024312,31.48854701
2018/5/21 8:15,1.749855558,251.9581553,25.64659436
2018/5/21 8:30,2.123577754,307.5679525,30.69150925
2018/5/21 8:45,2.468977849,373.2425741,38.0524025
2018/5/21 9:00,2.790855566,428.2469483,43.26610565
2018/5/21 9:15,3.097155412,478.7926839,49.34918722
2018/5/21 9:30,3.358788808,522.5885213,49.7616361
2018/5/21 9:45,3.59313337,565.0851034,49.8192393
2018/5/21 10:00,3.815744559,606.4604492,49.37575785
2018/5/21 10:15,4.028211196,646.0793457,50.75707881
2018/5/21 10:30,4.205055555,678.3846842,50.16154099
2018/5/21 10:45,4.38401111,711.2478434,51.30229569
2018/5/21 11:00,4.530644417,738.1821493,52.79201762
2018/5/21 11:15,4.657788754,761.5883586,55.46846644
2018/5/21 11:30,4.746822516,785.3489583,62.78630066
2018/5/21 11:45,4.789033413,804.2427368,70.6217041
2018/5/21 12:00,4.838522275,811.0760702,67.30071513
2018/5/21 12:15,4.83946689,815.1446533,65.00939306
2018/5/21 12:30,4.847733021,810.6571452,64.33047994
2018/5/21 12:45,4.843322277,799.9861857,63.44433848
2018/5/21 13:00,4.80398941,790.6460368,64.51629893
2018/5/21 13:15,4.756355604,778.2687581,65.18665568
2018/5/21 13:30,4.715844631,761.1130371,63.33112971
2018/5/21 13:45,4.613089244,737.486735,59.64505386
2018/5/21 14:00,4.493744532,706.1156413,59.41524633
2018/5/21 14:15,4.37205553,676.5729167,60.03116608
2018/5/21 14:30,4.234311422,657.4107666,59.90408834
2018/5/21 14:45,4.044222196,620.919454,58.26248678
2018/5/21 15:00,3.833277702,578.0494385,58.4421641
2018/5/21 15:15,3.605933348,535.6910197,55.80067444
2018/5/21 15:30,3.349655549,484.0795492,47.64707565
2018/5/21 15:45,3.072177887,432.7960917,45.77468236
2018/5/21 16:00,2.775077899,381.1805623,42.23147329
2018/5/21 16:15,2.439477841,324.4990743,39.91420618
2018/5/21 16:30,2.081544479,268.2454223,37.74681473
2018/5/21 16:45,1.717422247,212.8944702,35.95985285
2018/5/21 17:00,1.311288913,150.7232513,33.95342255
2018/5/21 17:15,0.902411103,56.05100695,29.77901014
2018/5/21 17:30,0.39905557,19.82587751,19.37559255
2018/5/21 17:45,0.032833327,12.56609949,11.92663797
2018/5/21 18:00,0.000155556,6.464009523,5.914296388
2018/5/21 18:15,0,2.362560034,1.872981826
2018/5/21 18:30,0,1.851293365,1.49486806
2018/5/21 18:45,0,2.384045442,1.948742907
2018/5/21 19:00,0,1.912636042,1.476333737
2018/5/21 19:15,0,2.343927463,1.845671694
2018/5/21 19:30,0,2.428437789,1.973698298
2018/5/21 19:45,0,1.959189335,1.517345389
2018/5/21 20:00,0,2.005092223,1.480764111
2018/5/21 20:15,0,1.886211515,1.435679475
2018/5/21 20:30,0,1.825375438,1.317585965
2018/5/21 20:45,0,1.133679072,0.755054871
2018/5/21 21:00,0,2.042112112,1.54177316
2018/5/21 21:15,0,2.132697066,1.550403118
2018/5/21 21:30,0,2.245932102,1.744831324
2018/5/21 21:45,0,3.031855981,2.479925474
2018/5/21 22:00,0,3.600353003,2.993513107
2018/5/21 22:15,0,3.772565126,3.089066188
2018/5/21 22:30,0,3.452453136,2.811230659
2018/5/21 22:45,0,3.022871494,2.465278625
2018/5/21 23:00,0,2.950373093,2.337592403
2018/5/21 23:15,0,2.300087412,1.713934501
2018/5/21 23:30,0,2.01843667,1.353861054
2018/5/21 23:45,0,1.694763065,1.093309403
2018/5/22 0:00,0,1.596419732,1.045953035
2018/5/22 0:15,0,1.70801131,1.101316492
2018/5/22 0:30,0,2.081545115,1.443713943
2018/5/22 0:45,0,2.026073376,1.341640393
2018/5/22 1:00,0,1.863757292,1.197576682
2018/5/22 1:15,0,1.893805742,1.259172241
2018/5/22 1:30,0,2.161643465,1.502039115
2018/5/22 1:45,0,2.255952597,1.604705532
2018/5/22 2:00,0,1.673125625,1.102743387
2018/5/22 2:15,0,1.609011451,1.062664827
2018/5/22 2:30,0,1.969109734,1.334324042
2018/5/22 2:45,0,1.691178163,1.134765704
2018/5/22 3:00,0,2.281789859,1.634932041
2018/5/22 3:15,0,1.381991227,0.838536739
2018/5/22 3:30,0,1.898527344,1.250161429
2018/5/22 3:45,0,1.841325521,1.188220183
2018/5/22 4:00,0,1.733488878,1.092984955
2018/5/22 4:15,0,1.972976247,1.31178383
2018/5/22 4:30,0,1.599523187,1.002235413
2018/5/22 4:45,0,1.778180837,1.182975451
2018/5/22 5:00,0,2.448317448,1.758519967
2018/5/22 5:15,0,2.211929003,1.43977809
2018/5/22 5:30,0,1.61712416,0.999055922
2018/5/22 5:45,0,2.024422209,1.295830409
2018/5/22 6:00,0,2.347990354,1.630965829
2018/5/22 6:15,0,1.833548665,1.213252028
2018/5/22 6:30,0,1.281637828,0.771829525
2018/5/22 6:45,0,2.319290241,1.582211773
2018/5/22 7:00,0,3.737549225,2.990248879
2018/5/22 7:15,0.030977778,22.70472145,8.681616624
2018/5/22 7:30,0.364933342,67.15358353,13.30329132
2018/5/22 7:45,0.937633336,120.9620666,17.55265299
2018/5/22 8:00,1.361044487,176.0335744,21.09731929
2018/5/22 8:15,1.764611045,241.4781392,25.49461746
2018/5/22 8:30,2.138088862,310.3488363,31.67190679
2018/5/22 8:45,2.480644464,376.3070984,37.76483027
2018/5/22 9:00,2.815366665,432.7121175,43.57211431
2018/5/22 9:15,3.106033166,481.3223063,48.48167674
2018/5/22 9:30,3.403088808,529.2299805,52.12144089
2018/5/22 9:45,3.64953359,569.2207031,49.84584172
2018/5/22 10:00,3.867666721,607.4736328,48.70746485
2018/5/22 10:15,4.069911162,650.2505086,48.72967021
2018/5/22 10:30,4.236789226,681.3931885,47.39167277
2018/5/22 10:45,4.385544618,716.3004557,48.05221049
2018/5/22 11:00,4.511489073,740.2884928,48.54854711
2018/5/22 11:15,4.624066671,766.3747559,53.06672033
2018/5/22 11:30,4.704222202,785.5236409,57.75131225
2018/5/22 11:45,4.768266519,804.602946,66.78737132
2018/5/22 12:00,4.818166892,813.1594442,63.94059118
2018/5/22 12:15,4.88154459,828.4932048,78.61946233
2018/5/22 12:30,4.852888902,815.3134155,71.6970342
2018/5/22 12:45,4.721988837,794.9993897,101.7887421
2018/5/22 13:00,4.292933305,720.3918864,140.1878916
2018/5/22 13:15,4.554677327,726.7589315,99.47917174
2018/5/22 13:30,4.770088673,781.84493,84.00750987
2018/5/22 13:45,3.730711063,624.9822489,147.1375376
2018/5/22 14:00,3.408277671,545.9578552,205.1955465
2018/5/22 14:15,4.475866636,704.4601441,168.2002564
2018/5/22 14:30,4.238667011,676.6723022,91.90004221
2018/5/22 14:45,3.662155549,574.9404704,110.5955607
2018/5/22 15:00,3.865022262,591.0847372,138.2501094
2018/5/22 15:15,3.259666681,489.7695516,106.795634
2018/5/22 15:30,3.385455608,503.4387004,89.10169729
2018/5/22 15:45,2.610566735,378.7420552,114.3404846
2018/5/22 16:00,2.750333309,400.9836833,116.5717544
2018/5/22 16:15,1.661122243,250.8053233,82.97486878
2018/5/22 16:30,0.963922163,154.2614441,101.4654872
2018/5/22 16:45,0.67698884,133.2780304,118.5622787
2018/5/22 17:00,0.586066663,105.9894079,93.65505219
2018/5/22 17:15,0.601733327,82.99115627,72.74302928
2018/5/22 17:30,0.2342778,50.22183863,47.9946963
2018/5/22 17:45,0.02634444,17.87381872,17.16554705
2018/5/22 18:00,-0.000933333,4.383946419,3.92752552
2018/5/22 18:15,0,2.292194009,1.926062584
2018/5/22 18:30,0,2.21699214,1.790780942
2018/5/22 18:45,0,1.680675348,1.242474556
2018/5/22 19:00,0,2.569535891,2.223778963
2018/5/22 19:15,0,2.293742895,1.82893153
2018/5/22 19:30,0,2.514236132,2.087803443
2018/5/22 19:45,0,3.891102076,3.34745121
2018/5/22 20:00,0,3.778422515,3.186264833
2018/5/22 20:15,0,3.506147941,2.995934248
2018/5/22 20:30,0,3.277205546,2.737080256
2018/5/22 20:45,0,2.847665469,2.356898069
2018/5/22 21:00,0,2.565107823,2.091103633
2018/5/22 21:15,0,2.098152757,1.578565279
2018/5/22 21:30,0,2.06924955,1.535357555
2018/5/22 21:45,0,1.859019041,1.356055379
2018/5/22 22:00,0,0.723539293,0.455336611
2018/5/22 22:15,0,0.966406365,0.583750884
2018/5/22 22:30,0,1.010394216,0.709053616
2018/5/22 22:45,0,2.417496324,1.885133664
2018/5/22 23:00,0,2.474864642,1.971446157
2018/5/22 23:15,0,2.795142333,2.264807065
2018/5/22 23:30,0,2.285403967,1.753070156
2018/5/22 23:45,0,2.252282302,1.681558053
2018/5/23 0:00,0,1.958793163,1.36558493
2018/5/23 0:15,0,1.734086116,1.181289434
2018/5/23 0:30,0,1.99328955,1.397005002
2018/5/23 0:45,0,1.823729594,1.276617249
2018/5/23 1:00,0,1.221473654,0.716335495
2018/5/23 1:15,0,2.250861525,1.650938908
2018/5/23 1:30,0,2.419787884,1.860429843
2018/5/23 1:45,0,1.532402198,0.985526105
2018/5/23 2:00,0,1.287123521,0.772664368
2018/5/23 2:15,0,1.49754413,0.920632919
2018/5/23 2:30,0,0.74615852,0.432247718
2018/5/23 2:45,0,1.354061683,0.858876447
2018/5/23 3:00,0,2.070796013,1.45084099
2018/5/23 3:15,0,1.551869313,1.016485393
2018/5/23 3:30,0,1.012625555,0.571652492
2018/5/23 3:45,0,1.424375852,0.894582053
2018/5/23 4:00,0,1.376011769,0.895599008
2018/5/23 4:15,0,2.207692305,1.607203047
2018/5/23 4:30,0,2.462563356,1.743154645
2018/5/23 4:45,0,1.774236957,1.173356334
2018/5/23 5:00,0,1.672724048,1.041184266
2018/5/23 5:15,0,1.44412144,0.943144103
2018/5/23 5:30,0,1.250507116,0.749021262
2018/5/23 5:45,0,0.664315025,0.438774874
2018/5/23 6:00,0,0.832607448,0.455801606
2018/5/23 6:15,0,1.539072255,1.010655194
2018/5/23 6:30,0,2.137552818,1.515972455
2018/5/23 6:45,0,2.061818242,1.507306417
2018/5/23 7:00,0,3.244797547,2.616535902
2018/5/23 7:15,0.028577774,15.22322957,12.28961102
2018/5/23 7:30,0.170577775,43.31070073,40.46732521
2018/5/23 7:45,0.329600026,64.64654541,54.74268977
2018/5/23 8:00,0.346488903,67.86186091,63.43453725
2018/5/23 8:15,0.781644464,137.713501,110.0623423
2018/5/23 8:30,0.568888873,114.3075078,108.9535166
2018/5/23 8:45,1.992988785,277.9707947,91.07176463
2018/5/23 9:00,2.540433168,419.585317,160.9946086
2018/5/23 9:15,1.94194448,324.3866832,153.2294973
2018/5/23 9:30,1.562488814,283.7161255,229.2762299
2018/5/23 9:45,1.792988857,267.9697672,175.7714742
2018/5/23 10:00,2.341188828,404.8120626,263.9933319
2018/5/23 10:15,1.832988699,337.1410217,277.7467804
2018/5/23 10:30,1.159233332,193.9299164,176.8423971
2018/5/23 10:45,1.405744354,220.9647217,217.5509745
2018/5/23 11:00,1.431433439,241.0432383,235.8305969
2018/5/23 11:15,1.101822336,195.7329356,192.0809784
2018/5/23 11:30,0.869888882,159.0907237,157.5659587
2018/5/23 11:45,1.104988873,185.511556,183.2881114
2018/5/23 12:00,1.338766694,235.857371,232.0371958
2018/5/23 12:15,1.252477765,229.6990662,226.4340006
2018/5/23 12:30,1.128399928,203.9821676,200.7313639
2018/5/23 12:45,1.237144431,210.3842417,206.1561432
2018/5/23 13:00,1.358533263,232.6453603,226.7072245
2018/5/23 13:15,1.364600062,228.0512339,224.9608764
2018/5/23 13:30,1.420100133,253.3335927,249.3260549
2018/5/23 13:45,1.871177872,312.6680654,287.0620524
2018/5/23 14:00,2.004711191,359.002004,327.3588257
2018/5/23 14:15,1.51243333,281.4332072,262.0507355
2018/5/23 14:30,1.125166655,215.9925334,212.8093923
2018/5/23 14:45,0.979466597,186.0259349,182.240743
2018/5/23 15:00,1.781455636,298.3613536,271.2227529
2018/5/23 15:15,2.543899973,412.3928528,284.8350881
2018/5/23 15:30,1.093077779,224.4103495,189.1322276
2018/5/23 15:45,0.999588907,188.0987345,183.9607748
2018/5/23 16:00,0.929322144,173.3884989,167.0282644
2018/5/23 16:15,0.809733391,157.9762166,151.8748932
2018/5/23 16:30,0.609188835,123.6801504,121.7740987
2018/5/23 16:45,0.372933318,82.0599823,80.821757
2018/5/23 17:00,0.26025558,60.36646271,59.76502991
2018/5/23 17:15,0.144155577,40.00387573,39.56626638
2018/5/23 17:30,0.053066662,21.95296097,21.53570016
2018/5/23 17:45,0.002722222,8.485766569,8.069387278
2018/5/23 18:00,0,8.452487945,7.924520651
2018/5/23 18:15,0,2.475592693,2.094730377
2018/5/23 18:30,0,1.830838283,1.43182675
2018/5/23 18:45,0,1.770531138,1.40886565
2018/5/23 19:00,0,1.75143377,1.353783051
2018/5/23 19:15,0,1.660684466,1.286864956
2018/5/23 19:30,0,2.132283449,1.632781863
2018/5/23 19:45,0,2.225688775,1.766616384
2018/5/23 20:00,0,2.623234272,2.128906449
2018/5/23 20:15,0,2.222074429,1.807577014
2018/5/23 20:30,0,1.374442935,0.913969656
2018/5/23 20:45,0,2.236569802,1.73685658
2018/5/23 21:00,0,2.978756428,2.439610283
2018/5/23 21:15,0,3.483108044,2.868448416
2018/5/23 21:30,0,2.885651827,2.398215453
2018/5/23 21:45,0,1.876190225,1.332875728
2018/5/23 22:00,0,1.411093116,0.926611046
2018/5/23 22:15,0,1.291655421,0.803773224
2018/5/23 22:30,0,2.402039925,1.846009135
2018/5/23 22:45,0,2.822397629,2.272987048
2018/5/23 23:00,0,2.665307998,2.024158557
2018/5/23 23:15,0,3.037190517,2.467056989
2018/5/23 23:30,0,2.882612149,2.31809783
2018/5/23 23:45,0,2.508380413,1.902646542
2018/5/24 0:00,0,2.365795056,1.663063606
2018/5/24 0:15,0,2.757989009,2.140240391
2018/5/24 0:30,0,2.354502837,1.715241154
2018/5/24 0:45,0,1.901427667,1.302078009
2018/5/24 1:00,0,1.70344003,1.096292933
2018/5/24 1:15,0,2.173607826,1.47166121
2018/5/24 1:30,0,1.93777136,1.296620647
2018/5/24 1:45,0,1.981310805,1.26128451
2018/5/24 2:00,0,1.357925872,0.818078607
2018/5/24 2:15,0,1.438461423,0.910776258
2018/5/24 2:30,0,2.109774073,1.469058116
2018/5/24 2:45,0,2.331788619,1.679440737
2018/5/24 3:00,0,2.060956001,1.430940668
2018/5/24 3:15,0,2.017051061,1.30520312
2018/5/24 3:30,0,1.819604437,1.198199868
2018/5/24 3:45,0,1.64459908,1.043709437
2018/5/24 4:00,0,2.096440196,1.373290221
2018/5/24 4:15,0,1.610159755,1.000616888
2018/5/24 4:30,0,2.02890114,1.378045956
2018/5/24 4:45,0,1.937813322,1.295618733
2018/5/24 5:00,0,1.743554314,1.113763769
2018/5/24 5:15,0,1.791838765,1.225946228
2018/5/24 5:30,0,1.88574032,1.236296614
2018/5/24 5:45,0,1.624073664,1.044166088
2018/5/24 6:00,0,1.280060192,0.729059935
2018/5/24 6:15,0,1.309560061,0.763437788
2018/5/24 6:30,0,2.426546892,1.668672919
2018/5/24 6:45,0,1.64575235,0.977609674
2018/5/24 7:00,0,3.71069177,2.969426553
2018/5/24 7:15,0.025822217,19.30860186,9.984465919
2018/5/24 7:30,0.296355551,58.41479746,18.98850218
2018/5/24 7:45,0.894066651,112.4718832,30.47023137
2018/5/24 8:00,1.342722177,186.0486247,33.92046229
2018/5/24 8:15,1.748333295,240.5497029,35.50713221
2018/5/24 8:30,2.08859992,302.0841675,44.00959015
2018/5/24 8:45,2.392255783,356.5179545,51.95291392
2018/5/24 9:00,2.738355636,423.8804626,61.28695806
2018/5/24 9:15,3.105444352,483.3306783,67.6282959
2018/5/24 9:30,3.325288693,518.0133464,65.51056417
2018/5/24 9:45,3.321566741,513.5669962,55.73362859
2018/5/24 10:00,3.775933265,592.5147705,50.12876765
2018/5/24 10:15,3.96963342,634.766805,52.09279378
2018/5/24 10:30,4.142866453,668.4938965,51.53507233
2018/5/24 10:45,4.270777543,701.1747437,51.09342575
2018/5/24 11:00,4.409788609,725.9918823,53.15473302
2018/5/24 11:15,4.529622078,752.8384603,58.27500025
2018/5/24 11:30,4.59034427,773.4944051,63.79040655
2018/5/24 11:45,4.642078082,791.5563151,68.84647369
2018/5/24 12:00,4.692122459,801.2239583,65.4322052
2018/5/24 12:15,4.756888707,806.7163696,64.17039744
2018/5/24 12:30,4.743289312,798.9781901,62.28322093
2018/5/24 12:45,4.706033389,788.9243368,60.97713979
2018/5/24 13:00,4.678988616,784.5203044,63.39536413
2018/5/24 13:15,4.637044589,775.7391968,64.69207763
2018/5/24 13:30,4.555211067,755.5886841,60.31226984
2018/5/24 13:45,4.45098877,727.2064209,56.55149078
2018/5/24 14:00,4.329833031,699.6595459,55.92280706
2018/5/24 14:15,4.209666729,664.6650798,57.86300023
2018/5/24 14:30,4.059199969,641.193278,60.61951192
2018/5/24 14:45,3.897633473,608.8888957,56.90024694
2018/5/24 15:00,3.706966559,570.3790283,58.27210236
2018/5/24 15:15,3.487077633,524.3171285,55.031943
2018/5/24 15:30,3.25495561,475.1301676,48.61997604
2018/5/24 15:45,2.994544506,426.6897888,46.4971199
2018/5/24 16:00,2.687522173,374.0736898,42.34814962
2018/5/24 16:15,2.361066739,318.4207357,40.60867055
2018/5/24 16:30,2.018355489,261.2147624,38.12879817
2018/5/24 16:45,1.648277879,202.486501,35.34216054
2018/5/24 17:00,1.251377821,144.8112157,33.58497175
2018/5/24 17:15,0.848255555,64.85085933,30.69335365
2018/5/24 17:30,0.317988897,22.35995547,21.85838953
2018/5/24 17:45,0.027599997,13.01955318,12.61591053
2018/5/24 18:00,-0.0005,6.846383889,6.410054366
2018/5/24 18:15,0,3.697121859,3.179978291
2018/5/24 18:30,0,3.236231168,2.800083081
2018/5/24 18:45,0,2.958072503,2.509217739
2018/5/24 19:00,0,3.609953324,3.042209625
2018/5/24 19:15,0,3.952712218,3.307503065
2018/5/24 19:30,0,4.073949814,3.463768323
2018/5/24 19:45,0,3.046922922,2.554073811
2018/5/24 20:00,0,2.234089216,1.691101074
2018/5/24 20:15,0,2.476554235,1.921769977
2018/5/24 20:30,0,2.048659047,1.487683535
2018/5/24 20:45,0,2.130656163,1.533123096
2018/5/24 21:00,0,1.306085487,0.857571085
2018/5/24 21:15,0,1.470914324,1.040414254
2018/5/24 21:30,0,1.89408195,1.30126214
2018/5/24 21:45,0,1.171732207,0.733406524
2018/5/24 22:00,0,1.821386536,1.286061366
2018/5/24 22:15,0,2.244630973,1.696272016
2018/5/24 22:30,0,2.132872343,1.531785409
2018/5/24 22:45,0,2.135635137,1.543914437
2018/5/24 23:00,0,2.019552509,1.39476192
2018/5/24 23:15,0,1.736885547,1.179384748
2018/5/24 23:30,0,1.929210226,1.346758524
2018/5/24 23:45,0,1.841833472,1.249994476
2018/5/25 0:00,0,1.969167391,1.367181102
2018/5/25 0:15,0,1.81345733,1.259701729
2018/5/25 0:30,0,1.953478892,1.356261968
2018/5/25 0:45,0,2.022327741,1.361389558
2018/5/25 1:00,0,1.618339181,1.04856052
2018/5/25 1:15,0,1.701972604,1.147869388
2018/5/25 1:30,0,1.668364008,1.10250322
2018/5/25 1:45,0,1.894260049,1.295781811
2018/5/25 2:00,0,1.866028786,1.243345658
2018/5/25 2:15,0,1.638913632,1.100320578
2018/5/25 2:30,0,1.662745039,1.074191272
2018/5/25 2:45,0,1.954294841,1.321136276
2018/5/25 3:00,0,1.820825537,1.192841172
2018/5/25 3:15,0,1.824674924,1.16792357
2018/5/25 3:30,0,1.716725071,1.122705181
2018/5/25 3:45,0,1.877090176,1.227370739
2018/5/25 4:00,0,1.99270308,1.337666551
2018/5/25 4:15,0,1.719262521,1.136806846
2018/5/25 4:30,0,1.757003983,1.17293032
2018/5/25 4:45,0,1.84509031,1.242786209
2018/5/25 5:00,0,1.832244515,1.194056153
2018/5/25 5:15,0,1.794586937,1.141771754
2018/5/25 5:30,0,1.696009,1.145430525
2018/5/25 5:45,0,1.729264697,1.118670384
2018/5/25 6:00,0,2.003920992,1.308209101
2018/5/25 6:15,0,1.527959148,0.966489156
2018/5/25 6:30,0,1.738681992,1.089676321
2018/5/25 6:45,0,1.925953388,1.293790658
2018/5/25 7:00,0,3.645432472,2.849120935
2018/5/25 7:15,0.023488885,17.99518395,8.354446411
2018/5/25 7:30,0.271411101,61.66287994,14.5259072
2018/5/25 7:45,0.863433361,110.5506465,17.20418994
2018/5/25 8:00,1.289277792,162.5487925,20.44136429
2018/5/25 8:15,1.6842556,226.5032654,24.53830783
2018/5/25 8:30,2.044033369,292.3918559,29.78569412
2018/5/25 8:45,2.384244442,357.1534729,34.6203982
2018/5/25 9:00,2.696844578,414.4156392,39.8989474
2018/5/25 9:15,2.995211204,466.1805522,47.6280009
2018/5/25 9:30,3.267066717,512.3724365,50.14957047
2018/5/25 9:45,3.516177813,554.3458048,49.65305583
2018/5/25 10:00,3.727300167,594.7795614,46.87348684
2018/5/25 10:15,3.92347757,636.1255697,48.26930491
2018/5/25 10:30,4.062622229,670.4671631,46.21889369
2018/5/25 10:45,4.221988996,706.4366048,48.98356247
2018/5/25 11:00,4.372521877,728.2242432,49.48838806
2018/5/25 11:15,4.455844561,753.243103,53.57191721
2018/5/25 11:30,4.538400332,774.518514,60.19697444
2018/5/25 11:45,4.55867815,790.7470703,65.18165207
2018/5/25 12:00,4.612599214,800.3650513,64.49891154
2018/5/25 12:15,4.641510963,803.5341594,61.70722834
2018/5/25 12:30,4.62863334,796.7813721,59.59344355
2018/5/25 12:45,4.615310987,785.7341512,59.63597997
2018/5/25 13:00,4.582788785,781.2649333,61.72436397
2018/5/25 13:15,4.54322211,771.7277832,62.44916916
2018/5/25 13:30,4.460977713,753.3075561,58.51203791
2018/5/25 13:45,4.378099918,725.9746094,56.69529724
2018/5/25 14:00,4.295022329,696.7199097,56.66074371
2018/5/25 14:15,4.131210804,660.2472738,53.6981163
2018/5/25 14:30,3.939066649,634.728658,54.80405172
2018/5/25 14:45,3.802733262,607.4215698,56.08014298
2018/5/25 15:00,3.624188741,565.6650594,56.39850489
2018/5/25 15:15,3.400899808,519.8748067,55.00570297
2018/5/25 15:30,3.175688902,471.3036906,47.73155594
2018/5/25 15:45,2.920255423,421.1066183,43.15640767
2018/5/25 16:00,2.629699945,372.8031616,42.52035522
2018/5/25 16:15,2.320788781,316.5099487,38.67743683
2018/5/25 16:30,1.986433347,259.8830922,36.4651235
2018/5/25 16:45,1.626044432,201.5367025,33.94128291
2018/5/25 17:00,1.243444522,143.8428548,30.84724299
2018/5/25 17:15,0.847844481,65.69476828,30.31193987
2018/5/25 17:30,0.304544439,21.44324176,20.97756132
2018/5/25 17:45,0.02322222,12.69086361,12.3385315
2018/5/25 18:00,-0.000711111,6.677319845,6.314535459
2018/5/25 18:15,0,4.248439868,3.733574787
2018/5/25 18:30,0,3.617826462,3.137041887
2018/5/25 18:45,0,3.208894888,2.772373676
2018/5/25 19:00,0,3.349869331,2.894208511
2018/5/25 19:15,0,3.063092152,2.636120319
2018/5/25 19:30,0,2.732237657,2.283020218
2018/5/25 19:45,0,2.470815182,1.971540451
2018/5/25 20:00,0,2.688091676,2.229793946
2018/5/25 20:15,0,2.478996515,1.935173591
2018/5/25 20:30,0,2.230880618,1.742694656
2018/5/25 20:45,0,1.38491416,0.908817967
2018/5/25 21:00,0,1.419003328,0.958489736
2018/5/25 21:15,0,1.26936539,0.873532554
2018/5/25 21:30,0,1.627036333,1.127693653
2018/5/25 21:45,0,1.508321484,1.024823149
2018/5/25 22:00,0,0.576726576,0.409697702
2018/5/25 22:15,0,0.444345087,0.419083903
2018/5/25 22:30,0,0.364161988,0.421349863
2018/5/25 22:45,0,1.016846379,0.70617339
2018/5/25 23:00,0,2.654425065,2.239768227
2018/5/25 23:15,0,2.948581219,2.559807062
2018/5/25 23:30,0,2.923482259,2.455759367
2018/5/25 23:45,0,1.308729331,0.954552472
2018/5/26 0:00,0,2.45122536,2.000671744
2018/5/26 0:15,0,3.403549671,2.867908398
2018/5/26 0:30,0,2.655842543,2.183934291
2018/5/26 0:45,0,3.225053311,2.692240397
2018/5/26 1:00,0,2.152951757,1.678961833
2018/5/26 1:15,0,2.504561742,1.921534936
2018/5/26 1:30,0,1.752867262,1.222349067
2018/5/26 1:45,0,1.502251148,1.025603135
2018/5/26 2:00,0,1.918762366,1.34280773
2018/5/26 2:15,0,1.8593479,1.336863597
2018/5/26 2:30,0,1.959597866,1.452480952
2018/5/26 2:45,0,1.739391367,1.249852538
2018/5/26 3:00,0,1.967812419,1.446067095
2018/5/26 3:15,0,1.464008629,0.934980333
2018/5/26 3:30,0,2.018337806,1.524248004
2018/5/26 3:45,0,2.329359054,1.771454135
2018/5/26 4:00,0,1.661385894,1.159285187
2018/5/26 4:15,0,1.48742632,0.975874583
2018/5/26 4:30,0,1.873082757,1.369039019
2018/5/26 4:45,0,1.706029654,1.120169858
2018/5/26 5:00,0,1.638672114,1.165742
2018/5/26 5:15,0,1.426192602,0.880042473
2018/5/26 5:30,0,1.220387379,0.719157199
2018/5/26 5:45,0,1.034780522,0.642389397
2018/5/26 6:00,0,2.263074279,1.661781986
2018/5/26 6:15,0,1.752428254,1.193358203
2018/5/26 6:30,0,1.64136382,1.13453414
2018/5/26 6:45,0,1.771055221,1.242688139
2018/5/26 7:00,0,3.579798063,3.025832653
2018/5/26 7:15,0.020411108,14.52714014,7.346227328
2018/5/26 7:30,0.233055552,54.23765691,12.64476872
2018/5/26 7:45,0.808011114,104.0510661,18.12207031
2018/5/26 8:00,1.215599934,154.4030355,23.15193049
2018/5/26 8:15,1.620922287,220.0742238,27.60698191
2018/5/26 8:30,1.983955503,284.5206706,31.53532282
2018/5/26 8:45,2.314811071,346.2424113,36.72698593
2018/5/26 9:00,2.617955526,401.5337321,41.32558441
2018/5/26 9:15,2.895488819,450.0275472,48.09368133
2018/5/26 9:30,3.152999878,492.9068095,47.79719162
2018/5/26 9:45,3.401144425,537.4043986,49.16166178
2018/5/26 10:00,3.593788942,575.9180705,47.63267008
2018/5/26 10:15,3.791433334,615.1374919,48.91490682
2018/5/26 10:30,3.940455675,650.2688192,48.59128825
2018/5/26 10:45,4.058044275,682.6033529,49.10030111
2018/5/26 11:00,4.15711085,703.9706014,53.4171524
2018/5/26 11:15,4.240821838,725.8281047,54.07201258
2018/5/26 11:30,4.300900141,747.742513,63.37389882
2018/5/26 11:45,4.435544968,770.3372396,73.4900767
2018/5/26 12:00,4.457966805,771.5898234,67.3331426
2018/5/26 12:15,4.530066649,783.2170817,71.08865611
2018/5/26 12:30,4.576155662,787.7460938,76.67521922
2018/5/26 12:45,4.364088853,758.1164347,97.8725815
2018/5/26 13:00,4.488833427,789.0984904,189.4243571
2018/5/26 13:15,3.846400102,688.7343547,307.4972636
2018/5/26 13:30,3.829699993,684.3245646,300.2806193
2018/5/26 13:45,3.4858555,576.4795329,268.3097839
2018/5/26 14:00,4.178233305,700.885966,209.5967357
2018/5/26 14:15,3.273200194,533.2921956,173.1211853
2018/5/26 14:30,3.489666541,552.8852539,162.1367442
2018/5/26 14:45,3.434499979,570.5256551,180.9253794
2018/5/26 15:00,3.131799936,477.2561544,212.6440735
2018/5/26 15:15,2.368322134,415.033783,269.236852
2018/5/26 15:30,2.043744405,341.7727458,253.4415843
2018/5/26 15:45,1.432411154,253.2525838,230.0708313
2018/5/26 16:00,1.362288873,229.426595,202.0652313
2018/5/26 16:15,1.136199991,188.4608561,163.5155894
2018/5/26 16:30,0.916088958,158.6587372,144.4686737
2018/5/26 16:45,0.812866688,139.685435,128.1602071
2018/5/26 17:00,0.837944409,121.3417791,99.52028656
2018/5/26 17:15,1.044433316,109.5864817,80.29716237
2018/5/26 17:30,0.446866642,54.49392573,53.41885122
2018/5/26 17:45,0.063555554,22.94260406,22.64095497
2018/5/26 18:00,0.000644444,10.51128324,10.19262727
2018/5/26 18:15,0,5.270245393,4.892066479
2018/5/26 18:30,0,4.155268828,3.669836998
2018/5/26 18:45,0,3.143041134,2.850295146
2018/5/26 19:00,0,2.497666915,2.13527302
2018/5/26 19:15,0,2.419391314,2.081925631
2018/5/26 19:30,0,1.154340069,0.858520448
2018/5/26 19:45,0,1.733080824,1.426252922
2018/5/26 20:00,0,1.596175591,1.26852568
2018/5/26 20:15,0,2.821090698,2.495520592
2018/5/26 20:30,0,2.416635354,2.064001878
2018/5/26 20:45,0,2.244654099,1.855620344
2018/5/26 21:00,0,2.360404412,1.970614632
2018/5/26 21:15,0,1.720122059,1.414203485
2018/5/26 21:30,0,1.242310127,0.857820372
2018/5/26 21:45,0,0.365529448,0.437105874
2018/5/26 22:00,0,0.328858207,0.449070781
2018/5/26 22:15,0,0.410393725,0.468948245
2018/5/26 22:30,0,2.079506636,1.77753071
2018/5/26 22:45,0,0.509716004,0.57268097
2018/5/26 23:00,0,0.522269865,0.486161222
2018/5/26 23:15,0,1.160840352,0.948304733
2018/5/26 23:30,0,0.767855446,0.567446629
2018/5/26 23:45,0,0.864201228,0.582414408
2018/5/27 0:00,0,2.156208992,1.79112649
2018/5/27 0:15,0,4.459109624,4.029361884
2018/5/27 0:30,0,4.859818459,4.341525078
2018/5/27 0:45,0,4.079879204,3.610495488
2018/5/27 1:00,0,2.660389026,2.230761051
2018/5/27 1:15,0,2.70473671,2.25395743
2018/5/27 1:30,0,2.54429539,2.098151286
2018/5/27 1:45,0,2.55467995,2.112801989
2018/5/27 2:00,0,2.27318263,1.774802208
2018/5/27 2:15,0,1.936976075,1.468078375
2018/5/27 2:30,0,1.966803113,1.509513696
2018/5/27 2:45,0,2.10390075,1.624144554
2018/5/27 3:00,0,2.190645297,1.673572699
2018/5/27 3:15,0,1.958349745,1.458529552
2018/5/27 3:30,0,2.177369913,1.653335412
2018/5/27 3:45,0,1.988105893,1.476061503
2018/5/27 4:00,0,1.664705594,1.179987908
2018/5/27 4:15,0,1.418809613,0.968238632
2018/5/27 4:30,0,1.556831002,1.081326326
2018/5/27 4:45,0,1.562278628,1.080316027
2018/5/27 5:00,0,1.866978407,1.374520302
2018/5/27 5:15,0,1.506429037,1.039040327
2018/5/27 5:30,0,0.646433016,0.415323486
2018/5/27 5:45,0,0.355368197,0.397795379
2018/5/27 6:00,0,0.370731811,0.407702257
2018/5/27 6:15,0,1.540620466,1.112284303
2018/5/27 6:30,0,1.837417126,1.385132631
2018/5/27 6:45,0,2.348594547,1.851869861
2018/5/27 7:00,0,4.882796367,4.33632493
2018/5/27 7:15,0.033377776,16.23330959,11.01952505
2018/5/27 7:30,0.210433334,56.43933106,21.12122599
2018/5/27 7:45,0.776055574,104.8216985,24.80230522
2018/5/27 8:00,1.273611109,170.9228821,44.39466477
2018/5/27 8:15,1.727344434,267.7666677,96.35697684
2018/5/27 8:30,1.688488861,242.4942932,75.04019165
2018/5/27 8:45,2.265510996,373.640625,153.8441671
2018/5/27 9:00,2.291033427,363.043101,133.6323878
2018/5/27 9:15,2.810255687,453.6680705,78.0768458
2018/5/27 9:30,3.072766702,500.6490885,85.89016978
2018/5/27 9:45,3.276599964,531.6953735,73.23714701
2018/5/27 10:00,3.526022116,574.2492879,64.73010763
2018/5/27 10:15,3.818355481,636.7657471,93.34883371
2018/5/27 10:30,3.87713329,668.4036865,123.3809229
2018/5/27 10:45,3.688122352,640.0055135,153.0243124
2018/5/27 11:00,4.119422277,708.1591593,131.6940053
2018/5/27 11:15,4.054644505,715.0948487,153.6113892
2018/5/27 11:30,4.299055417,782.9156901,177.5747884
2018/5/27 11:45,4.142400026,777.6749064,283.3352763
2018/5/27 12:00,3.770466486,721.5629476,395.033254
2018/5/27 12:15,3.770277579,706.1448568,443.0726217
2018/5/27 12:30,3.421555599,626.6504313,429.8625387
2018/5/27 12:45,3.925233126,713.3568522,405.8750203
2018/5/27 13:00,3.885155758,722.6877848,442.0630391
2018/5/27 13:15,3.440811157,667.2133179,508.1830953
2018/5/27 13:30,2.595100005,467.8118693,404.2060649
2018/5/27 13:45,2.207799991,403.5590617,315.1273702
2018/5/27 14:00,2.878000021,453.9177958,230.7259114
2018/5/27 14:15,3.315722227,522.5965475,185.8347422
2018/5/27 14:30,3.583310922,574.1912639,169.8046722
2018/5/27 14:45,3.128888846,520.3320923,178.7268626
2018/5/27 15:00,2.562333226,426.4398905,193.1321208
2018/5/27 15:15,1.665900032,281.972524,203.2729034
2018/5/27 15:30,2.074644486,354.5093078,230.9152527
2018/5/27 15:45,1.028255482,211.7842611,193.6815185
2018/5/27 16:00,0.796944479,159.9086762,155.4282023
2018/5/27 16:15,0.533744464,110.9528274,109.9734523
2018/5/27 16:30,0.29455554,66.7698288,65.30617777
2018/5/27 16:45,0.171577796,40.34466934,39.40773264
2018/5/27 17:00,0.097311115,27.48993111,27.13171005
2018/5/27 17:15,0.041566659,16.76781082,16.45892461
2018/5/27 17:30,0.029111107,15.69360797,15.40194543
2018/5/27 17:45,0.000411111,7.263566653,6.932674567
2018/5/27 18:00,0,2.960214694,2.6355323
2018/5/27 18:15,0,1.419997891,1.215164582
2018/5/27 18:30,0,1.314899961,1.022139072
2018/5/27 18:45,0,2.564125697,2.326064348
2018/5/27 19:00,0,3.250454744,2.921009223
2018/5/27 19:15,0,3.741755883,3.368329763
2018/5/27 19:30,0,3.397767385,3.041315556
2018/5/27 19:45,0,1.948238333,1.63027211
2018/5/27 20:00,0,2.621935685,2.340644837
2018/5/27 20:15,0,3.16868631,2.802848578
2018/5/27 20:30,0,2.71852541,2.335903048
2018/5/27 20:45,0,2.2548515,1.891890566
2018/5/27 21:00,0,2.121458888,1.69662265
2018/5/27 21:15,0,1.81702888,1.456205408
2018/5/27 21:30,0,1.217320978,0.855921159
2018/5/27 21:45,0,1.513922056,1.142630319
2018/5/27 22:00,0,2.000338594,1.562352379
2018/5/27 22:15,0,2.026536385,1.657058358
2018/5/27 22:30,0,1.917343497,1.506500602
2018/5/27 22:45,0,1.113139212,0.715263784
2018/5/27 23:00,0,1.649554968,1.274833441
2018/5/27 23:15,0,2.175544222,1.751031319
2018/5/27 23:30,0,1.886590242,1.413234949
2018/5/27 23:45,0,2.183181485,1.761856675
2018/5/28 0:00,0,1.902680636,1.500256578
2018/5/28 0:15,0,2.089922269,1.690310597
2018/5/28 0:30,0,1.607590676,1.135128379
2018/5/28 0:45,0,1.056746125,0.663546403
2018/5/28 1:00,0,1.152661641,0.766253392
2018/5/28 1:15,0,1.663173159,1.176784476
2018/5/28 1:30,0,1.063095689,0.660254896
2018/5/28 1:45,0,1.73394835,1.262198965
2018/5/28 2:00,0,1.426409721,1.020707349
2018/5/28 2:15,0,1.768611113,1.33812201
2018/5/28 2:30,0,1.697880109,1.301261028
2018/5/28 2:45,0,1.771973849,1.308032989
2018/5/28 3:00,0,1.495439092,1.121676286
2018/5/28 3:15,0,1.259436806,0.844274779
2018/5/28 3:30,0,1.159734607,0.746011158
2018/5/28 3:45,0,1.462880095,1.012034197
2018/5/28 4:00,0,1.484003822,1.064623018
2018/5/28 4:15,0,1.386760394,0.966959933
2018/5/28 4:30,0,1.821932355,1.339311043
2018/5/28 4:45,0,1.913974802,1.451617162
2018/5/28 5:00,0,1.63124009,1.197609047
2018/5/28 5:15,0,1.330852826,0.876621067
2018/5/28 5:30,0,0.941552202,0.628948411
2018/5/28 5:45,0,0.507861068,0.406062633
2018/5/28 6:00,0,0.728771369,0.431151728
2018/5/28 6:15,0,0.810724159,0.473719646
2018/5/28 6:30,0,1.298747718,0.899376412
2018/5/28 6:45,0,2.393708785,1.921426773
2018/5/28 7:00,0,1.470558922,1.013153076
2018/5/28 7:15,0.014033331,5.937048515,3.235150218
2018/5/28 7:30,0.116333342,23.52038161,10.2498835
2018/5/28 7:45,0.671355546,87.84546915,16.94195779
2018/5/28 8:00,1.125266671,146.1557948,24.03595479
2018/5/28 8:15,1.499588887,206.7503459,30.41826503
2018/5/28 8:30,1.875255465,274.9854075,36.27965673
2018/5/28 8:45,2.208566824,337.1532186,42.73786672
2018/5/28 9:00,2.511544546,391.4176534,46.78103256
2018/5/28 9:15,2.806088845,438.9350789,51.81206767
2018/5/28 9:30,3.051755508,480.2549235,51.84743754
2018/5/28 9:45,3.289399941,521.3641663,51.29463068
2018/5/28 10:00,3.471178134,558.9614868,50.55633291
2018/5/28 10:15,3.618188779,595.5531616,51.72711945
2018/5/28 10:30,3.798644463,634.5190837,54.7863477
2018/5/28 10:45,3.954044819,668.4443766,54.41015371
2018/5/28 11:00,4.052744865,691.4345906,57.9826266
2018/5/28 11:15,4.155800183,712.9015706,59.99989192
2018/5/28 11:30,4.227910995,734.9670206,67.66918945
2018/5/28 11:45,4.275844574,757.6662191,72.85946401
2018/5/28 12:00,4.355266253,764.7608643,69.60247803
2018/5/28 12:15,3.163233399,565.6984253,76.53825124
2018/5/28 12:30,3.301133235,515.2964427,122.5124359
2018/5/28 12:45,4.707444668,843.9386597,215.8695017
2018/5/28 13:00,1.981744488,401.0071208,247.5094045
2018/5/28 13:15,1.624377688,303.5726878,226.9971263
2018/5/28 13:30,1.038788855,199.5286611,177.0669606
2018/5/28 13:45,3.009377917,514.6960347,138.291036
2018/5/28 14:00,4.405200005,752.4404907,148.0184784
2018/5/28 14:15,2.994433284,529.0157776,120.6463648
2018/5/28 14:30,4.088077784,649.7700602,97.0842158
2018/5/28 14:45,3.744977792,601.3620809,79.02667999
2018/5/28 15:00,3.448777755,559.8623657,67.29073588
2018/5/28 15:15,3.250911077,514.6401977,64.98393504
2018/5/28 15:30,2.77429986,472.3591512,64.72470728
2018/5/28 15:45,2.823166688,422.6077576,63.00150935
2018/5/28 16:00,2.579089006,383.5533956,67.39196778
2018/5/28 16:15,2.019755483,301.5007324,68.65901693
2018/5/28 16:30,2.02162226,280.2868245,77.68137614
2018/5/28 16:45,1.705777844,230.3598836,71.65523784
2018/5/28 17:00,1.299911142,171.1254476,75.09583537
2018/5/28 17:15,0.832211157,82.17163468,55.2992274
2018/5/28 17:30,0.167677782,33.60725594,32.78227679
2018/5/28 17:45,0.024888884,16.77660561,16.47274399
2018/5/28 18:00,-0.000577778,7.831263701,7.51846234
2018/5/28 18:15,0,3.814014594,3.492857774
2018/5/28 18:30,0,2.781208038,2.510181745
2018/5/28 18:45,0,2.828530788,2.619063616
2018/5/28 19:00,0,2.548947016,2.257946173
2018/5/28 19:15,0,2.305274407,2.006805579
2018/5/28 19:30,0,2.190717538,1.868091583
2018/5/28 19:45,0,2.223165909,1.873794953
2018/5/28 20:00,0,2.011587818,1.735613942
2018/5/28 20:15,0,1.551872531,1.253961961
2018/5/28 20:30,0,1.600007494,1.266617636
2018/5/28 20:45,0,1.703713377,1.371085167
2018/5/28 21:00,0,1.781063239,1.490511259
2018/5/28 21:15,0,2.417429765,1.960472028
2018/5/28 21:30,0,2.556684335,2.222284078
2018/5/28 21:45,0,1.481023431,1.152741691
2018/5/28 22:00,0,1.241808276,0.920387228
2018/5/28 22:15,0,1.692187727,1.294000268
2018/5/28 22:30,0,2.44457078,2.009270509
2018/5/28 22:45,0,1.912210862,1.499273777
2018/5/28 23:00,0,1.366042435,1.047440906
2018/5/28 23:15,0,2.335388819,1.869792223
2018/5/28 23:30,0,2.381624699,1.929887493
2018/5/28 23:45,0,2.311575651,1.90863204
2018/5/29 0:00,0,1.876254042,1.462545276
2018/5/29 0:15,0,2.010173281,1.548262914
2018/5/29 0:30,0,2.316699028,1.846891602
2018/5/29 0:45,0,2.047887643,1.569760641
2018/5/29 1:00,0,1.676757495,1.249123494
2018/5/29 1:15,0,0.882630905,0.573438913
2018/5/29 1:30,0,1.509325127,1.074922363
2018/5/29 1:45,0,2.321016073,1.784543713
2018/5/29 2:00,0,1.929099957,1.448931972
2018/5/29 2:15,0,1.869986375,1.372487624
2018/5/29 2:30,0,0.903092365,0.570981701
2018/5/29 2:45,0,1.079253515,0.775905013
2018/5/29 3:00,0,1.656466643,1.204696655
2018/5/29 3:15,0,0.918481251,0.580600401
2018/5/29 3:30,0,1.244097273,0.904081047
2018/5/29 3:45,0,0.572389414,0.492482463
2018/5/29 4:00,0,0.775447965,0.583441079
2018/5/29 4:15,0,1.795409043,1.392939687
2018/5/29 4:30,0,1.411103288,1.023090561
2018/5/29 4:45,0,1.433030923,1.005114019
2018/5/29 5:00,0,2.164410551,1.758786599
2018/5/29 5:15,0,1.868747949,1.384832462
2018/5/29 5:30,0,2.375502626,1.876240095
2018/5/29 5:45,0,1.198262096,0.7805203
2018/5/29 6:00,0,0.832421362,0.488902639
2018/5/29 6:15,0,1.5050897,1.049780369
2018/5/29 6:30,0,1.512391826,1.095963697
2018/5/29 6:45,0,1.549171527,1.121936639
2018/5/29 7:00,0,2.449563901,1.99325486
2018/5/29 7:15,0.017144442,10.48817714,7.954285145
2018/5/29 7:30,0.165822216,46.25888062,14.75017897
2018/5/29 7:45,0.685622195,91.4487381,20.12054316
2018/5/29 8:00,1.113755544,142.8592148,25.61328824
2018/5/29 8:15,1.50213329,205.4683635,31.69725227
2018/5/29 8:30,1.871088862,267.8978526,37.0859286
2018/5/29 8:45,2.222511133,329.9728394,42.71560542
2018/5/29 9:00,2.542844454,385.6266378,47.29363632
2018/5/29 9:15,2.835155646,436.0534668,56.12613551
2018/5/29 9:30,3.119733492,476.580129,55.1203448
2018/5/29 9:45,3.374122222,519.1007487,57.25317383
2018/5/29 10:00,3.576455673,559.5264486,57.48384984
2018/5/29 10:15,3.786855618,595.9534505,57.11633301
2018/5/29 10:30,3.94323349,628.9905192,55.09037272
2018/5/29 10:45,4.103177706,665.2853801,56.99063237
2018/5/29 11:00,4.229177793,687.2358399,56.92731348
2018/5/29 11:15,4.339744409,711.986023,62.06305313
2018/5/29 11:30,4.442944527,735.8359578,73.89726512
2018/5/29 11:45,4.508022149,750.7013346,76.91620127
2018/5/29 12:00,4.55727768,761.0474243,75.33456929
2018/5/29 12:15,4.582133452,762.5792033,71.80924479
2018/5/29 12:30,4.578622182,754.4383341,67.87118276
2018/5/29 12:45,4.555988947,746.9168701,68.3738505
2018/5/29 13:00,4.532233715,742.5298055,72.32428487
2018/5/29 13:15,4.505689144,733.9289958,77.45478566
2018/5/29 13:30,4.427822113,712.4456787,71.83307902
2018/5/29 13:45,4.334800084,684.6186523,65.62645213
2018/5/29 14:00,4.213711421,659.8966471,68.14791616
2018/5/29 14:15,4.088833014,626.4848836,66.37769826
2018/5/29 14:30,3.931544701,591.6266276,65.37349446
2018/5/29 14:45,3.762711048,569.2174276,64.36305745
2018/5/29 15:00,3.573533376,534.1717936,62.94743093
2018/5/29 15:15,3.346822103,493.4303894,64.39936066
2018/5/29 15:30,3.106988827,446.2513631,58.1137174
2018/5/29 15:45,2.830711047,397.3368937,53.67341995
2018/5/29 16:00,2.530200005,347.1694132,51.32246399
2018/5/29 16:15,2.205977758,293.2094421,48.93227132
2018/5/29 16:30,1.867000023,236.4327087,43.7301712
2018/5/29 16:45,1.508300026,181.6746419,40.58643722
2018/5/29 17:00,1.123777767,126.2790655,38.06050619
2018/5/29 17:15,0.717433353,57.31221135,33.01287333
2018/5/29 17:30,0.23513334,23.49843089,22.62924894
2018/5/29 17:45,0.032188887,12.7858429,12.41342544
2018/5/29 18:00,-0.000355556,5.333464861,4.975582282
2018/5/29 18:15,0,2.219124158,1.870584488
2018/5/29 18:30,0,2.040974418,1.672854702
2018/5/29 18:45,0,2.04244101,1.61458687
2018/5/29 19:00,0,2.107629379,1.771145344
2018/5/29 19:15,0,2.390979052,1.972877463
2018/5/29 19:30,0,1.964093805,1.601580103
2018/5/29 19:45,0,1.962794264,1.573845108
2018/5/29 20:00,0,2.140675147,1.686671257
2018/5/29 20:15,0,2.30868427,1.846099059
2018/5/29 20:30,0,2.453525861,1.976568619
2018/5/29 20:45,0,2.502554019,2.00073723
2018/5/29 21:00,0,1.995206157,1.514731646
2018/5/29 21:15,0,2.058638334,1.611064712
2018/5/29 21:30,0,1.98733894,1.505508383
2018/5/29 21:45,0,2.21968015,1.772014061
2018/5/29 22:00,0,2.80167675,2.306868911
2018/5/29 22:15,0,2.386898438,1.956379414
2018/5/29 22:30,0,1.864377777,1.350318789
2018/5/29 22:45,0,1.344747464,0.843398094
2018/5/29 23:00,0,0.851248165,0.628035297
2018/5/29 23:15,0,0.452363024,0.40442122
2018/5/29 23:30,0,1.713231206,1.223213693
2018/5/29 23:45,0,2.788708846,2.299626946
2018/5/30 0:00,0,2.698393106,2.174739043
2018/5/30 0:15,0,2.083170891,1.543205977
2018/5/30 0:30,0,0.924903075,0.665163279
2018/5/30 0:45,0,0.321022024,0.39921693
2018/5/30 1:00,0,0.634557605,0.469939898
2018/5/30 1:15,0,2.129839103,1.618545095
2018/5/30 1:30,0,2.01119101,1.568819165
2018/5/30 1:45,0,1.496834199,1.046732128
2018/5/30 2:00,0,2.465937137,1.933962782
2018/5/30 2:15,0,2.620869001,2.164362272
2018/5/30 2:30,0,3.045462131,2.557543039
2018/5/30 2:45,0,2.980422099,2.463340839
2018/5/30 3:00,0,2.390118758,1.83593603
2018/5/30 3:15,0,2.269337495,1.706344406
2018/5/30 3:30,0,1.475336114,0.976144354
2018/5/30 3:45,0,1.143031994,0.677309215
2018/5/30 4:00,0,1.324071447,0.819894274
2018/5/30 4:15,0,1.020867805,0.610312273
2018/5/30 4:30,0,1.526417772,1.018634001
2018/5/30 4:45,0,1.790797313,1.287165721
2018/5/30 5:00,0,1.832181493,1.284338196
2018/5/30 5:15,0,2.516178687,1.921414137
2018/5/30 5:30,0,2.18025132,1.632063627
2018/5/30 5:45,0,2.16651837,1.581522385
2018/5/30 6:00,0,2.310247978,1.654338042
2018/5/30 6:15,0,2.330038547,1.746694326
2018/5/30 6:30,0,2.034960826,1.468625267
2018/5/30 6:45,0,2.18071568,1.556270957
2018/5/30 7:00,0,3.595073064,2.94592762
2018/5/30 7:15,0.021077772,10.69667101,8.664563019
2018/5/30 7:30,0.163355564,45.07389514,14.42751725
2018/5/30 7:45,0.688399961,90.72943623,20.28461011
2018/5/30 8:00,1.139733275,141.860817,26.30342483
2018/5/30 8:15,1.53871119,205.7627767,33.17433802
2018/5/30 8:30,1.920688868,271.4518127,41.16473262
2018/5/30 8:45,2.27943333,334.2770996,47.94692103
2018/5/30 9:00,2.617722193,392.3519287,55.21612295
2018/5/30 9:15,2.937811136,440.9890849,60.76258596
2018/5/30 9:30,3.210599979,482.1075745,58.49825923
2018/5/30 9:45,3.476910909,527.3093465,61.2086614
2018/5/30 10:00,3.701177756,566.1736247,58.49920527
2018/5/30 10:15,3.900644541,603.9099528,58.77043533
2018/5/30 10:30,4.072366873,640.2726034,58.77995809
2018/5/30 10:45,4.239033381,675.2013346,61.15182877
2018/5/30 11:00,4.361689091,693.9666952,59.69215774
2018/5/30 11:15,4.475188573,721.5935669,66.13851166
2018/5/30 11:30,4.564911366,747.4639079,77.73642985
2018/5/30 11:45,4.635433356,762.4135742,78.69923655
2018/5/30 12:00,4.654055278,770.6554362,73.63899231
2018/5/30 12:15,4.69669962,774.4564616,71.76882935
2018/5/30 12:30,,768.8660685,69.24794006
2018/5/30 12:45,,759.1046753,66.27187602
2018/5/30 13:00,,754.3379313,67.81257121
2018/5/30 13:15,4.598555406,749.1218465,75.97590383
2018/5/30 13:30,4.524010976,728.3075969,68.14371491
2018/5/30 13:45,4.460644722,700.868042,61.87260437
2018/5/30 14:00,4.338322003,674.6566976,61.27278137
2018/5/30 14:15,4.23582236,642.9019979,61.47728475
2018/5/30 14:30,4.065299829,609.2032267,62.77953084
2018/5/30 14:45,3.883355617,584.0667928,61.23721568
2018/5/30 15:00,3.695188999,551.6001383,59.18574778
2018/5/30 15:15,3.533421755,521.1779276,71.12416839
2018/5/30 15:30,3.235799869,464.5080566,55.65100606
2018/5/30 15:45,2.950889031,411.7835795,49.26968638
2018/5/30 16:00,2.646577835,359.4889323,44.57886505
2018/5/30 16:15,2.322144508,306.7483622,43.74989954
2018/5/30 16:30,1.978844444,249.1295115,39.73374303
2018/5/30 16:45,1.613577723,192.2339528,36.89689382
2018/5/30 17:00,1.22936662,131.4251735,35.94332123
2018/5/30 17:15,0.75393335,57.45963923,31.81702296
2018/5/30 17:30,0.12664443,19.24009228,18.44901562
2018/5/30 17:45,0.021122219,11.51105913,10.96936067
2018/5/30 18:00,-0.000133333,5.204427083,4.795850833
2018/5/30 18:15,0,2.664835771,2.2693278
2018/5/30 18:30,0,2.193467339,1.798002402
2018/5/30 18:45,0,2.001727382,1.59076043
2018/5/30 19:00,0,1.869097988,1.472546498
2018/5/30 19:15,0,2.177430392,1.705746134
2018/5/30 19:30,0,2.112351338,1.68227303
2018/5/30 19:45,0,2.049503605,1.584287206
2018/5/30 20:00,0,2.310969075,1.772598386
2018/5/30 20:15,0,2.580593983,2.112223983
2018/5/30 20:30,0,4.062616348,3.42052865
2018/5/30 20:45,0,4.041383346,3.326967001
2018/5/30 21:00,0,2.965868076,2.40860343
2018/5/30 21:15,0,2.986908674,2.469104529
2018/5/30 21:30,0,2.815921386,2.211050471
2018/5/30 21:45,0,1.961693923,1.419265191
2018/5/30 22:00,0,2.43119653,1.800826589
2018/5/30 22:15,0,1.901763717,1.350512862
2018/5/30 22:30,0,1.865197023,1.347835978
2018/5/30 22:45,0,1.373932084,0.858083983
2018/5/30 23:00,0,1.479669968,0.987752954
2018/5/30 23:15,0,1.449575782,0.925237278
2018/5/30 23:30,0,1.553917765,1.049077014
2018/5/30 23:45,0,1.048730651,0.594944278
2018/5/31 0:00,0,0.79385229,0.436730186
2018/5/31 0:15,0,1.843012452,1.295187215
2018/5/31 0:30,0,2.021046837,1.406365434
2018/5/31 0:45,0,1.884183566,1.337107936
2018/5/31 1:00,0,1.009277801,0.651598453
2018/5/31 1:15,0,2.251566172,1.654371858
2018/5/31 1:30,0,2.391703606,1.833246112
2018/5/31 1:45,0,1.645800372,1.079849382
2018/5/31 2:00,0,0.667418828,0.441534291
2018/5/31 2:15,0,1.587581078,1.104763846
2018/5/31 2:30,0,1.589194258,1.068892002
2018/5/31 2:45,0,2.593798717,1.994007786
2018/5/31 3:00,0,0.994777421,0.68048506
2018/5/31 3:15,0,0.543698192,0.392178247
2018/5/31 3:30,0,1.805324992,1.240502059
2018/5/31 3:45,0,2.380148053,1.838518103
2018/5/31 4:00,0,0.680811038,0.488700261
2018/5/31 4:15,0,2.571412325,2.000579397
2018/5/31 4:30,0,3.041033586,2.425736427
2018/5/31 4:45,0,1.659483989,1.058552285
2018/5/31 5:00,0,2.34403189,1.741106828
2018/5/31 5:15,0,2.306269367,1.680877924
2018/5/31 5:30,0,1.608162363,1.053476811
2018/5/31 5:45,0,1.883313139,1.275057475
2018/5/31 6:00,0,1.453366737,0.902848353
2018/5/31 6:15,0,1.935756008,1.393714706
2018/5/31 6:30,0,2.430254698,1.776626825
2018/5/31 6:45,0,2.043810169,1.361208677
2018/5/31 7:00,0,5.578332901,4.726481517
2018/5/31 7:15,0,7.772035756,6.757930198
2018/5/31 7:30,0.109644449,27.46366755,24.68537903
2018/5/31 7:45,0.209500015,46.08920161,42.59607061
2018/5/31 8:00,0.384977748,68.38071823,56.68228404
2018/5/31 8:15,0.750344475,113.5644429,83.41122437
2018/5/31 8:30,1.23684446,189.1781311,99.77087909
2018/5/31 8:45,1.837677757,269.622111,115.7296473
2018/5/31 9:00,2.066488902,339.6507314,143.3152619
2018/5/31 9:15,1.481299877,241.4985148,172.6879018
2018/5/31 9:30,2.851266623,434.1384786,194.6523081
2018/5/31 9:45,3.702744643,590.3859253,147.6657766
2018/5/31 10:00,2.513366699,424.4469401,167.7995453
2018/5/31 10:15,,280.4231059,177.3128713
2018/5/31 10:30,,689.1911214,104.3799921
2018/5/31 10:45,,756.5215861,85.2939682
2018/5/31 11:00,4.60898908,790.7948405,178.0626907
2018/5/31 11:15,4.409544309,737.7581991,163.6558405
2018/5/31 11:30,4.785900116,817.3092245,135.1927643
2018/5/31 11:45,4.043433348,705.4881795,261.2980143
2018/5/31 12:00,4.930067062,848.8771973,255.9848836
2018/5/31 12:15,4.271533251,775.3055217,252.1580353
2018/5/31 12:30,2.89422218,485.9240316,299.5137125
2018/5/31 12:45,4.800066789,788.0991822,240.7314656
2018/5/31 13:00,4.550299804,802.3214925,223.8014425
2018/5/31 13:15,2.225266735,390.3192546,271.0030823
2018/5/31 13:30,4.159377575,748.5397746,335.6280009
2018/5/31 13:45,2.734388749,489.466329,341.5259704
2018/5/31 14:00,,614.0283,319.3549499
2018/5/31 14:15,,667.3828939,190.7837219
2018/5/31 14:30,3.007500013,463.1839701,188.6338806
2018/5/31 14:45,4.048089027,620.9385172,210.032369
2018/5/31 15:00,2.936499834,493.5070597,170.2281392
2018/5/31 15:15,3.426544348,513.0551147,143.6757965
2018/5/31 15:30,3.076666593,464.0342611,104.0649516
2018/5/31 15:45,2.186400056,328.6352641,87.53912862
2018/5/31 16:00,1.416922232,214.7985229,85.47773488
2018/5/31 16:15,0.842811147,135.3012034,109.8578059
2018/5/31 16:30,0.908133328,155.2146301,135.1176503
2018/5/31 16:45,0.846477846,123.103658,93.04548899
2018/5/31 17:00,1.018655558,117.9356486,69.43852234
2018/5/31 17:15,0.981933316,78.02555848,45.20487849
2018/5/31 17:30,0.32403335,34.99169286,32.04438019
2018/5/31 17:45,0.045677774,19.35330327,18.53720379
2018/5/31 18:00,-2.22E-05,8.351001898,7.865136782
2018/5/31 18:15,0,3.380871137,2.84338204
2018/5/31 18:30,0,3.252729098,2.698388815
2018/5/31 18:45,0,2.930943171,2.411679506
2018/5/31 19:00,0,2.648227692,2.123209
2018/5/31 19:15,0,3.092184464,2.490548134
2018/5/31 19:30,0,2.493468285,1.908624927
2018/5/31 19:45,0,2.358193994,1.777240117
2018/5/31 20:00,0,2.653358539,2.089739243
2018/5/31 20:15,0,3.037743489,2.455901066
2018/5/31 20:30,0,2.804605564,2.157592853
2018/5/31 20:45,0,2.914102713,2.345977624
2018/5/31 21:00,0,2.955835342,2.396563053
2018/5/31 21:15,0,2.821643194,2.196192145
2018/5/31 21:30,0,2.888390223,2.246835947
2018/5/31 21:45,0,2.838744481,2.207627932
2018/5/31 22:00,0,1.055196444,0.607692758
2018/5/31 22:15,0,2.017592947,1.373383482
2018/5/31 22:30,0,1.80369095,1.176092525
2018/5/31 22:45,0,2.710265239,2.076581796
2018/5/31 23:00,0,1.784834902,1.149110516
2018/5/31 23:15,0,2.56423974,1.844263713
2018/5/31 23:30,0,2.17973129,1.462500175
2018/5/31 23:45,0,2.170280337,1.486914396
2018/6/1 0:00,0,1.539663474,0.958973954
2018/6/1 0:15,0,2.211892605,1.50924325
2018/6/1 0:30,0,1.824796915,1.176834743
2018/6/1 0:45,0,2.149778287,1.438230395
2018/6/1 1:00,0,2.021105131,1.315025012
2018/6/1 1:15,0,1.87885201,1.215634624
2018/6/1 1:30,0,1.717934211,1.090376556
2018/6/1 1:45,0,1.781919837,1.141246557
2018/6/1 2:00,0,2.08527263,1.378641168
2018/6/1 2:15,0,2.047522982,1.289800326
2018/6/1 2:30,0,2.302878539,1.529136698
2018/6/1 2:45,0,2.03798914,1.290734053
2018/6/1 3:00,0,1.961275021,1.260000189
2018/6/1 3:15,0,2.038561622,1.346563021
2018/6/1 3:30,0,1.398836771,0.800916135
2018/6/1 3:45,0,1.959207455,1.238767823
2018/6/1 4:00,0,1.410190026,0.830984116
2018/6/1 4:15,0,1.821460088,1.15714256
2018/6/1 4:30,0,1.764210939,1.108999252
2018/6/1 4:45,0,2.747041702,2.007825176
2018/6/1 5:00,0,2.591186364,1.78057758
2018/6/1 5:15,0,2.271781842,1.456374208
2018/6/1 5:30,0,1.747722785,1.053125302
2018/6/1 5:45,0,2.133675814,1.371741931
2018/6/1 6:00,0,2.353374084,1.510080417
2018/6/1 6:15,0,1.787734111,1.080394388
2018/6/1 6:30,0,1.899281581,1.145319422
2018/6/1 6:45,0,2.116698901,1.289809585
2018/6/1 7:00,0,2.695939064,1.877755682
2018/6/1 7:15,0.01402222,8.564977485,6.637121995
2018/6/1 7:30,0.167588886,55.39222336,10.26880837
2018/6/1 7:45,0.83181111,107.0855281,14.71016439
2018/6/1 8:00,1.32778883,164.4286601,18.67018191
2018/6/1 8:15,1.737066626,233.1794027,22.59078217
2018/6/1 8:30,2.119911035,302.1867371,27.46870359
2018/6/1 8:45,2.476566553,370.8791606,33.7087822
2018/6/1 9:00,2.793244521,431.8471171,38.44984817
2018/6/1 9:15,3.086055438,483.6394043,45.4895401
2018/6/1 9:30,3.357355436,529.3317668,44.73700968
2018/6/1 9:45,3.587433338,574.4426473,45.76052093
2018/6/1 10:00,3.835744301,620.5036825,48.64257049
2018/6/1 10:15,4.017633438,656.7959391,45.69425202
2018/6/1 10:30,4.178211212,697.3888957,47.44355138
2018/6/1 10:45,4.285522143,731.6018473,45.61276627
2018/6/1 11:00,4.425500075,752.9118449,46.58121236
2018/6/1 11:15,4.552755356,778.2263997,53.50443522
2018/6/1 11:30,4.646677653,800.5618286,63.75551732
2018/6/1 11:45,4.711711089,817.5686239,67.27609634
2018/6/1 12:00,4.734333833,821.6487834,60.85860189
2018/6/1 12:15,4.764588992,825.4599406,57.59794235
2018/6/1 12:30,4.776688576,819.7755127,58.00030009
2018/6/1 12:45,4.726677895,806.8660279,57.85149384
2018/6/1 13:00,4.700288614,802.1411947,58.4426562
2018/6/1 13:15,4.687955538,798.6181437,67.62795003
2018/6/1 13:30,4.599522114,775.1336059,57.24619421
2018/6/1 13:45,4.490510782,746.3173421,52.40663783
2018/6/1 14:00,4.381088893,719.0874227,54.50086975
2018/6/1 14:15,4.267644564,681.8742472,53.29652659
2018/6/1 14:30,4.10737737,641.0791219,52.27107366
2018/6/1 14:45,3.919077794,608.8953247,53.31894811
2018/6/1 15:00,3.746044556,582.7623494,52.5966479
2018/6/1 15:15,3.515111128,537.3878987,50.79930242
2018/6/1 15:30,3.268699964,489.8703308,46.89026133
2018/6/1 15:45,3.012511094,437.6147868,42.42234548
2018/6/1 16:00,2.728310982,384.0701904,40.94047165
2018/6/1 16:15,2.420822223,327.5222779,38.12976456
2018/6/1 16:30,2.074355563,266.6484527,34.50196329
2018/6/1 16:45,1.703766624,207.0242411,32.66035652
2018/6/1 17:00,1.310522159,130.2410177,31.48103269
2018/6/1 17:15,0.849299947,53.68142064,27.86089261
2018/6/1 17:30,0.279200007,21.65994835,19.27514267
2018/6/1 17:45,0.007377778,12.89073213,12.34823386
2018/6/1 18:00,-0.000711111,7.232237657,6.755230268
2018/6/1 18:15,0,3.745782614,3.276453177
2018/6/1 18:30,0,2.269061645,1.769701918
2018/6/1 18:45,0,3.018838723,2.562384526
2018/6/1 19:00,0,3.587773641,3.040298542
2018/6/1 19:15,0,3.889345725,3.270821889
2018/6/1 19:30,0,4.493359884,3.816587845
2018/6/1 19:45,0,3.475035588,2.887478987
2018/6/1 20:00,0,2.988178492,2.475663582
2018/6/1 20:15,0,2.673198382,2.047967394
2018/6/1 20:30,0,2.208012382,1.633532802
2018/6/1 20:45,0,2.134874979,1.509704153
2018/6/1 21:00,0,2.656517744,2.020780325
2018/6/1 21:15,0,2.102529088,1.50653545
2018/6/1 21:30,0,2.236877124,1.546238462
2018/6/1 21:45,0,1.821860155,1.225326061
2018/6/1 22:00,0,2.318549395,1.710368117
2018/6/1 22:15,0,2.018906196,1.329625765
2018/6/1 22:30,0,1.777651469,1.213776708
2018/6/1 22:45,0,2.253904978,1.589537263
2018/6/1 23:00,0,1.705464284,1.064937512
2018/6/1 23:15,0,2.222481171,1.555806796
2018/6/1 23:30,0,1.92924579,1.280184507
2018/6/1 23:45,0,2.08714962,1.436173558
2018/6/2 0:00,0,2.276593447,1.638655305
2018/6/2 0:15,0,2.250094016,1.540397883
2018/6/2 0:30,0,2.154131532,1.499079823
2018/6/2 0:45,0,2.415748755,1.638736288
2018/6/2 1:00,0,2.136038542,1.42092824
2018/6/2 1:15,0,1.674430489,1.046318829
2018/6/2 1:30,0,1.906898578,1.274873455
2018/6/2 1:45,0,1.915071646,1.260165692
2018/6/2 2:00,0,1.798143148,1.130924622
2018/6/2 2:15,0,2.194978436,1.481621941
2018/6/2 2:30,0,1.96840775,1.30392468
2018/6/2 2:45,0,1.940426747,1.24153471
2018/6/2 3:00,0,2.293270191,1.517885963
2018/6/2 3:15,0,2.01575009,1.248542746
2018/6/2 3:30,0,1.822712342,1.095837752
2018/6/2 3:45,0,1.550360203,0.942245245
2018/6/2 4:00,0,2.128957192,1.37000076
2018/6/2 4:15,0,1.962889393,1.250754595
2018/6/2 4:30,0,2.029592554,1.317864458
2018/6/2 4:45,0,1.728846272,1.097191552
2018/6/2 5:00,0,1.746779839,1.066175302
2018/6/2 5:15,0,1.984473546,1.256599108
2018/6/2 5:30,0,1.826468984,1.116431316
2018/6/2 5:45,0,1.935298602,1.232595245
2018/6/2 6:00,0,2.198983828,1.403667132
2018/6/2 6:15,0,1.967883825,1.246285876
2018/6/2 6:30,0,2.075223565,1.339094997
2018/6/2 6:45,0,1.931738575,1.19477888
2018/6/2 7:00,0,2.833292564,2.015889366
2018/6/2 7:15,0.008511109,7.195946059,5.824287415
2018/6/2 7:30,0.133622214,49.9190375,10.40448411
2018/6/2 7:45,0.761188904,100.1210124,14.94212151
2018/6/2 8:00,1.27661109,155.4549662,18.92380842
2018/6/2 8:15,1.679200053,221.5892436,22.92675336
2018/6/2 8:30,2.050533255,286.8648377,27.1061751
2018/6/2 8:45,2.388799985,352.4299927,32.24369939
2018/6/2 9:00,2.713144541,413.7843933,38.27925619
2018/6/2 9:15,3.006477833,465.6342265,44.83143997
2018/6/2 9:30,3.275455634,509.9787801,46.31695302
2018/6/2 9:45,3.5317777,552.8772786,46.96902593
2018/6/2 10:00,3.733755668,595.1008301,47.05092494
2018/6/2 10:15,3.934966882,633.1647746,47.75041453
2018/6/2 10:30,4.106878122,670.1054484,46.51146317
2018/6/2 10:45,4.24801143,705.6311238,47.75020854
2018/6/2 11:00,4.388022105,726.3061523,49.4116478
2018/6/2 11:15,4.4886446,749.2150676,53.02615102
2018/6/2 11:30,4.583077589,773.9123738,64.85047785
2018/6/2 11:45,4.641866843,787.6199951,66.06465149
2018/6/2 12:00,4.698455493,795.7572632,61.8564504
2018/6/2 12:15,4.689921856,799.5938314,61.83631134
2018/6/2 12:30,4.685166359,793.4841309,58.62038549
2018/6/2 12:45,4.644744237,783.3897502,58.09912618
2018/6/2 13:00,4.629189014,779.0169881,60.67761612
2018/6/2 13:15,4.602444013,774.3945719,69.75422414
2018/6/2 13:30,4.554922581,754.3484904,60.57236227
2018/6/2 13:45,4.452333291,724.434611,53.758255
2018/6/2 14:00,4.338422139,697.0227661,53.52488327
2018/6/2 14:15,4.202800115,665.2586059,53.85149384
2018/6/2 14:30,4.0641222,626.358724,52.86229452
2018/6/2 14:45,3.887210925,591.5055746,55.14801788
2018/6/2 15:00,3.68176659,566.7226766,53.07594554
2018/6/2 15:15,3.468700091,523.1109721,51.38827514
2018/6/2 15:30,3.23846666,475.654185,47.73240026
2018/6/2 15:45,2.977766514,427.2530111,44.25916926
2018/6/2 16:00,2.683622122,371.8191834,41.97004319
2018/6/2 16:15,2.360844453,316.325765,39.233579
2018/6/2 16:30,2.0200665,258.5593058,37.73341624
2018/6/2 16:45,1.655877749,198.3731842,33.94375738
2018/6/2 17:00,1.267077764,122.8067576,32.74807104
2018/6/2 17:15,0.802444418,51.13724772,28.34629758
2018/6/2 17:30,0.265877774,22.45513344,19.59394773
2018/6/2 17:45,0.020433329,12.26515007,11.82679558
2018/6/2 18:00,6.67E-05,6.261008263,5.806129297
2018/6/2 18:15,0,3.086969614,2.706130028
2018/6/2 18:30,0,3.098789215,2.648198366
2018/6/2 18:45,0,2.885143201,2.433932701
2018/6/2 19:00,0,2.671185652,2.221078872
2018/6/2 19:15,0,3.656252782,3.120209932
2018/6/2 19:30,0,3.756847302,3.114534855
2018/6/2 19:45,0,4.228984753,3.564718644
2018/6/2 20:00,0,3.64598004,3.005827904
2018/6/2 20:15,0,3.295439959,2.762160301
2018/6/2 20:30,0,2.383477887,1.799575925
2018/6/2 20:45,0,0.953989903,0.64237533
2018/6/2 21:00,0,2.277546724,1.765902281
2018/6/2 21:15,0,2.576256911,2.021209399
2018/6/2 21:30,0,2.654353539,2.065392852
2018/6/2 21:45,0,2.094255726,1.506462495
2018/6/2 22:00,0,2.362756014,1.722321788
2018/6/2 22:15,0,2.189044158,1.57810394
2018/6/2 22:30,0,2.011555791,1.382478794
2018/6/2 22:45,0,1.765315612,1.179856419
2018/6/2 23:00,0,2.349967003,1.746232152
2018/6/2 23:15,0,2.07818079,1.434761365
2018/6/2 23:30,0,2.455707391,1.76359113
2018/6/2 23:45,0,2.464948575,1.762556116
2018/6/3 0:00,0,2.215672096,1.579996387
2018/6/3 0:15,0,2.175141653,1.579125683
2018/6/3 0:30,0,1.866533875,1.26490593
2018/6/3 0:45,0,2.014901876,1.403703411
2018/6/3 1:00,0,2.141865015,1.478546063
2018/6/3 1:15,0,1.739388466,1.192371567
2018/6/3 1:30,0,1.729946852,1.156911612
2018/6/3 1:45,0,1.565934261,1.016262879
2018/6/3 2:00,0,2.11742568,1.491876642
2018/6/3 2:15,0,2.427880208,1.73186934
2018/6/3 2:30,0,2.056382735,1.411025961
2018/6/3 2:45,0,1.732738376,1.098472615
2018/6/3 3:00,0,2.079904795,1.39363873
2018/6/3 3:15,0,1.743306955,1.129794478
2018/6/3 3:30,0,2.143816272,1.377213915
2018/6/3 3:45,0,1.587370078,0.978581508
2018/6/3 4:00,0,1.99584202,1.347079794
2018/6/3 4:15,0,1.872985005,1.15632232
2018/6/3 4:30,0,2.081534068,1.349517902
2018/6/3 4:45,0,2.066290537,1.33381025
2018/6/3 5:00,0,1.999085705,1.253649711
2018/6/3 5:15,0,1.719367703,1.062849521
2018/6/3 5:30,0,1.956304789,1.265928507
2018/6/3 5:45,0,2.024425506,1.258721987
2018/6/3 6:00,0,1.829659621,1.12661306
2018/6/3 6:15,0,1.557056109,0.950631797
2018/6/3 6:30,0,2.091347376,1.399544597
2018/6/3 6:45,0,1.758903305,1.051506917
2018/6/3 7:00,0,3.448101203,2.675237417
2018/6/3 7:15,0.011644442,7.091096242,6.015017033
2018/6/3 7:30,0.140277782,46.73066838,10.71129577
2018/6/3 7:45,0.777455509,98.44243368,14.43293412
2018/6/3 8:00,1.272711158,154.7312063,18.81059011
2018/6/3 8:15,1.675922235,220.7696889,22.45523071
2018/6/3 8:30,2.046844403,287.0017497,26.86126137
2018/6/3 8:45,2.40371116,354.9720866,34.45640564
2018/6/3 9:00,2.720833301,414.6439921,39.09670766
2018/6/3 9:15,3.004799922,465.5083212,43.80602392
2018/6/3 9:30,3.287933349,511.6823629,46.16347758
2018/6/3 9:45,3.53459994,554.4639486,47.57232666
2018/6/3 10:00,3.76093324,595.3838501,46.95370738
2018/6/3 10:15,3.957666636,634.7534587,47.95762634
2018/6/3 10:30,4.116344452,673.3456828,47.5319608
2018/6/3 10:45,4.289322058,707.0690308,46.73461533
2018/6/3 11:00,4.422700246,730.8496908,48.33735148
2018/6/3 11:15,4.534378052,755.3163656,52.14808019
2018/6/3 11:30,4.612944126,781.4136759,64.75140381
2018/6/3 11:45,4.625166575,794.0333659,64.69981893
2018/6/3 12:00,4.701088906,802.5494792,61.52565384
2018/6/3 12:15,4.739178022,806.5097046,58.35468547
2018/6/3 12:30,4.723411242,803.4846395,60.71549861
2018/6/3 12:45,4.690966288,787.7695109,58.85425949
2018/6/3 13:00,4.666743914,780.7844645,60.29664739
2018/6/3 13:15,4.618677616,773.8771972,68.58838654
2018/6/3 13:30,4.561766466,753.8484904,59.48722203
2018/6/3 13:45,4.488299688,730.2446086,56.34908295
2018/6/3 14:00,4.400233587,701.9484049,56.54531861
2018/6/3 14:15,4.233488878,667.8730265,53.86772283
2018/6/3 14:30,4.127177715,632.5860799,53.56581243
2018/6/3 14:45,3.975622415,596.3916219,54.12251282
2018/6/3 15:00,3.758544525,575.5795898,53.41846593
2018/6/3 15:15,3.546111027,532.0336711,51.83676529
2018/6/3 15:30,3.307610989,482.8066203,46.39750926
2018/6/3 15:45,3.025988897,431.2244059,42.46087519
2018/6/3 16:00,2.730133295,380.1864421,41.93282191
2018/6/3 16:15,2.412299951,322.8613383,38.10144551
2018/6/3 16:30,2.061933239,263.4253845,35.97746785
2018/6/3 16:45,1.692933361,202.9978689,32.59416898
2018/6/3 17:00,1.299688975,126.1539205,32.56948344
2018/6/3 17:15,0.826777756,48.96645482,27.88381068
2018/6/3 17:30,0.290122246,22.38618278,18.87611453
2018/6/3 17:45,0.020811108,11.89034208,11.40331618
2018/6/3 18:00,8.89E-05,6.422630151,5.840936343
2018/6/3 18:15,0,4.027045012,3.443205277
2018/6/3 18:30,0,2.962865353,2.494772991
2018/6/3 18:45,0,2.9213322,2.444756349
2018/6/3 19:00,0,2.922474861,2.452085098
2018/6/3 19:15,0,2.285767277,1.772969047
2018/6/3 19:30,0,3.413175901,2.786431074
2018/6/3 19:45,0,4.236770312,3.519015233
2018/6/3 20:00,0,3.822393973,3.18587478
2018/6/3 20:15,0,3.91641291,3.214387814
2018/6/3 20:30,0,2.851511955,2.253251314
2018/6/3 20:45,0,2.918501139,2.319493055
2018/6/3 21:00,0,2.46928978,1.853459358
2018/6/3 21:15,0,2.238229314,1.551911791
2018/6/3 21:30,0,1.495090087,0.951555391
2018/6/3 21:45,0,1.663531939,1.092622022
2018/6/3 22:00,0,2.067690134,1.429194808
2018/6/3 22:15,0,1.383695801,0.88046964
2018/6/3 22:30,0,1.857255697,1.265043537
2018/6/3 22:45,0,2.043025573,1.507920861
2018/6/3 23:00,0,2.368218541,1.708729665
2018/6/3 23:15,0,2.303320011,1.619962374
2018/6/3 23:30,0,1.855180701,1.189324558
2018/6/3 23:45,0,2.020579934,1.353193402
2018/6/4 0:00,0,2.234607021,1.586516261
2018/6/4 0:15,0,2.566141526,1.840878645
2018/6/4 0:30,0,2.262310664,1.542798638
2018/6/4 0:45,0,1.994001706,1.349794825
2018/6/4 1:00,0,2.362524112,1.625029683
2018/6/4 1:15,0,2.227758964,1.504571239
2018/6/4 1:30,0,1.920771162,1.287915905
2018/6/4 1:45,0,1.590062499,0.967363139
2018/6/4 2:00,0,1.580622792,0.984921257
2018/6/4 2:15,0,1.739177505,1.094113628
2018/6/4 2:30,0,1.59589986,0.997379045
2018/6/4 2:45,0,1.616393526,1.037016869
2018/6/4 3:00,0,1.682647864,1.047655344
2018/6/4 3:15,0,2.020795186,1.368970116
2018/6/4 3:30,0,2.54578948,1.78939124
2018/6/4 3:45,0,1.898780584,1.241509477
2018/6/4 4:00,0,1.986519456,1.232767979
2018/6/4 4:15,0,1.984626174,1.257016063
2018/6/4 4:30,0,2.142156045,1.481590867
2018/6/4 4:45,0,1.811661561,1.121309638
2018/6/4 5:00,0,1.515785972,0.893909037
2018/6/4 5:15,0,1.911759019,1.210618019
2018/6/4 5:30,0,1.881534775,1.170087576
2018/6/4 5:45,0,2.008712292,1.255897125
2018/6/4 6:00,0,1.891034722,1.140644034
2018/6/4 6:15,0,2.091439645,1.370224237
2018/6/4 6:30,0,1.851611734,1.137048046
2018/6/4 6:45,0,1.932950377,1.178936601
2018/6/4 7:00,0,3.008971691,2.248896996
2018/6/4 7:15,0.008855554,7.492336114,6.462748845
2018/6/4 7:30,0.109444447,43.39177577,10.43208917
2018/6/4 7:45,0.72906669,97.73294067,14.19909414
2018/6/4 8:00,1.26558884,153.8285777,18.62638982
2018/6/4 8:15,1.670522213,219.9716594,22.20951271
2018/6/4 8:30,2.045744379,286.9733175,27.15258726
2018/6/4 8:45,2.3954223,353.0731303,32.30622737
2018/6/4 9:00,2.711577733,413.4641011,37.46405665
2018/6/4 9:15,3.005288839,466.1134745,44.89469528
2018/6/4 9:30,3.291744391,513.4047851,48.28776042
2018/6/4 9:45,3.55481108,554.7599081,48.18964004
2018/6/4 10:00,3.762710969,594.8380127,46.24612172
2018/6/4 10:15,3.983522097,634.6947632,48.35232671
2018/6/4 10:30,4.160311222,672.5154216,47.46608861
2018/6/4 10:45,4.325433413,708.6027018,48.68771489
2018/6/4 11:00,4.420988719,726.8546549,48.08961487
2018/6/4 11:15,4.539811293,753.1373698,53.58333206
2018/6/4 11:30,4.628599962,777.0053711,62.94632848
2018/6/4 11:45,4.720721881,796.0163574,69.10587565
2018/6/4 12:00,4.770477454,801.0489909,62.20130285
2018/6/4 12:15,4.799733003,806.9163818,62.48896154
2018/6/4 12:30,4.766410828,795.2203166,57.30679448
2018/6/4 12:45,4.765955448,788.1911824,60.5279007
2018/6/4 13:00,4.720944564,781.695048,62.86711121
2018/6/4 13:15,4.65872256,775.5255534,70.07414754
2018/6/4 13:30,4.568499883,754.7331339,60.50772603
2018/6/4 13:45,4.49504439,728.307373,56.58038457
2018/6/4 14:00,4.369599819,699.9860433,55.25761795
2018/6/4 14:15,4.241200129,664.9425456,52.45231247
2018/6/4 14:30,4.091277599,628.4568481,52.15558879
2018/6/4 14:45,3.894000053,587.9674683,51.97004191
2018/6/4 15:00,3.704100132,570.4155273,53.35652542
2018/6/4 15:15,3.516066631,527.0970866,51.58309936
2018/6/4 15:30,3.283288717,480.8237101,47.70374171
2018/6/4 15:45,3.006866773,429.6872152,42.82413483
2018/6/4 16:00,2.720133225,376.1505534,40.06813049
2018/6/4 16:15,2.400477886,320.962799,38.01329167
2018/6/4 16:30,2.049622258,260.8305206,35.89861425
2018/6/4 16:45,1.682044506,200.408783,33.11353175
2018/6/4 17:00,1.290288885,115.7201564,31.29221471
2018/6/4 17:15,0.812333286,43.1840388,26.81152089
2018/6/4 17:30,0.278677772,21.84614436,18.26331266
2018/6/4 17:45,0.013933332,11.20514425,10.73646641
2018/6/4 18:00,0,6.113728206,5.565602621
2018/6/4 18:15,0,3.225835164,2.790309747
2018/6/4 18:30,0,3.42620945,2.904105107
2018/6/4 18:45,0,3.133834998,2.653651555
2018/6/4 19:00,0,4.177373171,3.56687053
2018/6/4 19:15,0,3.970956167,3.285635392
2018/6/4 19:30,0,3.984640916,3.311213334
2018/6/4 19:45,0,3.139617522,2.585540374
2018/6/4 20:00,0,3.102476676,2.457178275
2018/6/4 20:15,0,2.059029539,1.482905984
2018/6/4 20:30,0,2.225396156,1.621718446
2018/6/4 20:45,0,2.25292925,1.649640878
2018/6/4 21:00,0,2.074360688,1.470517675
2018/6/4 21:15,0,2.109291156,1.506828984
2018/6/4 21:30,0,1.735393842,1.156183879
2018/6/4 21:45,0,1.718478719,1.185963829
2018/6/4 22:00,0,2.030442556,1.385598699
2018/6/4 22:15,0,2.175970157,1.565396349
2018/6/4 22:30,0,1.898832917,1.309489489
2018/6/4 22:45,0,2.348143657,1.665012479
2018/6/4 23:00,0,1.984988133,1.347159624
2018/6/4 23:15,0,1.942349473,1.332327247
2018/6/4 23:30,0,2.462984562,1.802678347
2018/6/4 23:45,0,2.525717259,1.873942455
2018/6/5 0:00,0,2.131311417,1.433943908
2018/6/5 0:15,0,2.22971789,1.465961893
2018/6/5 0:30,0,1.749368787,1.158077637
2018/6/5 0:45,0,1.498911937,0.905094663
2018/6/5 1:00,0,2.500606537,1.830365737
2018/6/5 1:15,0,1.565204382,0.95570308
2018/6/5 1:30,0,2.067017118,1.336454272
2018/6/5 1:45,0,1.969707926,1.247762005
2018/6/5 2:00,0,2.226416031,1.515273809
2018/6/5 2:15,0,1.873347561,1.20394365
2018/6/5 2:30,0,2.198342125,1.563288331
2018/6/5 2:45,0,2.030565182,1.316898942
2018/6/5 3:00,0,2.003082713,1.29744635
2018/6/5 3:15,0,1.720295787,1.09041508
2018/6/5 3:30,0,1.951471528,1.211536408
2018/6/5 3:45,0,1.828095277,1.114897847
2018/6/5 4:00,0,1.687247952,1.023300926
2018/6/5 4:15,0,1.265122731,0.711246093
2018/6/5 4:30,0,1.804724256,1.135301749
2018/6/5 4:45,0,2.0967592,1.356185834
2018/6/5 5:00,0,1.885452787,1.191856702
2018/6/5 5:15,0,1.831208269,1.136704127
2018/6/5 5:30,0,1.953934351,1.232194622
2018/6/5 5:45,0,1.840929945,1.099663695
2018/6/5 6:00,0,2.157586654,1.407022516
2018/6/5 6:15,0,1.640418808,0.978874862
2018/6/5 6:30,0,1.906499108,1.196127574
2018/6/5 6:45,0,2.082798322,1.315679987
2018/6/5 7:00,0,2.517910719,1.772050222
2018/6/5 7:15,0.009966664,6.989788532,6.074123065
2018/6/5 7:30,0.109844441,39.07796161,11.86999989
2018/6/5 7:45,0.697288871,93.60735576,16.75040372
2018/6/5 8:00,1.207822204,144.9787267,19.3915596
2018/6/5 8:15,1.652622183,214.8301239,28.46810531
2018/6/5 8:30,2.170433362,309.2689514,75.35612742
2018/6/5 8:45,1.889644424,277.2902425,59.31920624
2018/6/5 9:00,2.849544287,448.1884155,116.5598882
2018/6/5 9:15,1.617800037,276.6588135,214.1891225
2018/6/5 9:30,2.822211186,432.1159464,168.7092794
2018/6/5 9:45,3.094488859,488.9633179,230.12765
2018/6/5 10:00,2.692244371,452.5098063,304.2863363
2018/6/5 10:15,2.300988992,391.6457011,278.9488627
2018/6/5 10:30,3.896500031,603.0069885,118.473437
2018/6/5 10:45,4.18437767,666.8127238,62.1122818
2018/6/5 11:00,4.399710973,701.2173869,50.43246841
2018/6/5 11:15,4.502110958,729.072286,50.2551918
2018/6/5 11:30,4.587299665,753.0713501,58.2637291
2018/6/5 11:45,4.640866597,768.5668131,67.58221181
2018/6/5 12:00,4.743788878,782.2336019,73.78554535
2018/6/5 12:15,4.275399844,715.4780681,102.4923452
2018/6/5 12:30,4.283844153,689.6029867,97.32658131
2018/6/5 12:45,4.287710905,703.3586019,139.9366506
2018/6/5 13:00,4.252500137,683.4613241,158.3482157
2018/6/5 13:15,4.789122105,803.4425049,119.1546783
2018/6/5 13:30,4.018677632,670.6876831,96.07185618
2018/6/5 13:45,4.384810766,683.060669,88.38219452
2018/6/5 14:00,4.367966175,693.8152669,66.03614171
2018/6/5 14:15,4.355355422,695.1231486,98.43710329
2018/6/5 14:30,2.793833296,441.7645671,134.1781235
2018/6/5 14:45,3.776844581,566.2739462,127.6142553
2018/6/5 15:00,3.236200095,534.7430623,215.5592346
2018/6/5 15:15,2.811322053,439.7243957,206.1695048
2018/6/5 15:30,3.025611083,460.922465,184.6051025
2018/6/5 15:45,2.470077713,375.6804454,131.731514
2018/6/5 16:00,1.338366707,233.7015533,128.7392349
2018/6/5 16:15,1.133577704,187.3938497,146.8774516
2018/6/5 16:30,1.194344441,183.1490275,120.3380152
2018/6/5 16:45,1.846133351,219.8977559,73.0613149
2018/6/5 17:00,1.360500058,129.4210739,46.07370504
2018/6/5 17:15,0.786088884,36.19918505,26.87455495
2018/6/5 17:30,0.26273333,20.18443712,17.66349792
2018/6/5 17:45,0.017511108,11.38857841,10.94578457
2018/6/5 18:00,0,6.118357023,5.582172712
2018/6/5 18:15,0,4.394570668,3.775130193
2018/6/5 18:30,0,4.949449698,4.330831607
2018/6/5 18:45,0,4.3639431,3.726802508
2018/6/5 19:00,0,3.258255482,2.665002744
2018/6/5 19:15,0,3.361928384,2.679000775
2018/6/5 19:30,0,2.326352755,1.774160703
2018/6/5 19:45,0,2.253594955,1.731915911
2018/6/5 20:00,0,2.349441211,1.716203173
2018/6/5 20:15,0,2.285173853,1.725330433
2018/6/5 20:30,0,2.226662397,1.670223236
2018/6/5 20:45,0,0.977543911,0.638514777
2018/6/5 21:00,0,0.879776726,0.613644649
2018/6/5 21:15,0,1.991793235,1.458366752
2018/6/5 21:30,0,2.618602911,2.028512875
2018/6/5 21:45,0,2.094157577,1.512027939
2018/6/5 22:00,0,1.805693587,1.221725623
2018/6/5 22:15,0,0.965235392,0.600728452
2018/6/5 22:30,0,0.558193346,0.394873649
2018/6/5 22:45,0,0.58670492,0.398801923
2018/6/5 23:00,0,1.039302488,0.639352501
2018/6/5 23:15,0,1.260655204,0.759493887
2018/6/5 23:30,0,1.561781963,1.057707628
2018/6/5 23:45,0,1.739135862,1.240386923
2018/6/6 0:00,0,1.74685359,1.216930389
2018/6/6 0:15,0,2.316729307,1.755608161
2018/6/6 0:30,0,2.159385721,1.626948913
2018/6/6 0:45,0,1.264397025,0.80378441
2018/6/6 1:00,0,2.074794928,1.501147111
2018/6/6 1:15,0,2.026537259,1.490126252
2018/6/6 1:30,0,3.097969055,2.424085458
2018/6/6 1:45,0,3.25629282,2.651009639
2018/6/6 2:00,0,2.263582945,1.636405389
2018/6/6 2:15,0,1.335607469,0.835744898
2018/6/6 2:30,0,0.689382096,0.422322094
2018/6/6 2:45,0,0.416948935,0.386214396
2018/6/6 3:00,0,0.794406811,0.51044035
2018/6/6 3:15,0,2.965553125,2.33073914
2018/6/6 3:30,0,2.856562376,2.234480461
2018/6/6 3:45,0,2.209719499,1.60381647
2018/6/6 4:00,0,2.092654228,1.542902191
2018/6/6 4:15,0,2.711461862,2.020047267
2018/6/6 4:30,0,2.704253515,2.079445481
2018/6/6 4:45,0,2.098512809,1.488096674
2018/6/6 5:00,0,2.379725138,1.726057768
2018/6/6 5:15,0,2.269819737,1.567629139
2018/6/6 5:30,0,2.295105378,1.635840297
2018/6/6 5:45,0,1.856379151,1.204327862
2018/6/6 6:00,0,2.443515459,1.754731178
2018/6/6 6:15,0,1.795373837,1.201699575
2018/6/6 6:30,0,2.195113103,1.454796473
2018/6/6 6:45,0,1.739493867,1.096657236
2018/6/6 7:00,0,2.339931409,1.645856897
2018/6/6 7:15,0.006488888,6.817375978,5.816080093
2018/6/6 7:30,0.086233332,33.23481369,9.872252147
2018/6/6 7:45,0.651222219,89.63951111,13.30764516
2018/6/6 8:00,1.194099943,143.3033193,17.21723175
2018/6/6 8:15,1.586311142,206.5620982,20.76027044
2018/6/6 8:30,1.955622196,271.3415934,25.0950222
2018/6/6 8:45,2.306911071,337.1919657,31.2623965
2018/6/6 9:00,2.643355528,398.2337952,37.49147415
2018/6/6 9:15,2.953877926,449.3166911,43.3723081
2018/6/6 9:30,3.218933344,490.4284058,42.55990728
2018/6/6 9:45,3.454844395,531.4488932,43.34412003
2018/6/6 10:00,3.697422266,573.2688192,44.15415065
2018/6/6 10:15,3.897777796,609.4212036,42.7604421
2018/6/6 10:30,4.051755746,648.9085286,43.49408213
2018/6/6 10:45,4.20041132,681.987325,44.05980682
2018/6/6 11:00,4.314144293,700.9621582,42.60043589
2018/6/6 11:15,4.40485541,721.7116903,47.00415929
2018/6/6 11:30,4.481877804,745.7526042,56.53688685
2018/6/6 11:45,4.531177997,761.238973,58.49937185
2018/6/6 12:00,4.565344493,772.2137654,58.31078593
2018/6/6 12:15,4.583788713,773.7240397,52.38655599
2018/6/6 12:30,4.562389056,770.7165934,52.63501739
2018/6/6 12:45,4.534200191,760.2955322,54.41236115
2018/6/6 13:00,4.472822507,749.3572591,53.25308101
2018/6/6 13:15,4.432188829,744.9164632,62.60766093
2018/6/6 13:30,4.385711352,727.2828776,54.92411168
2018/6/6 13:45,4.308699926,704.0163167,53.84103012
2018/6/6 14:00,4.207288742,677.3979085,54.65665054
2018/6/6 14:15,3.817700068,601.0168457,71.27025604
2018/6/6 14:30,3.982921998,619.1385702,71.61874645
2018/6/6 14:45,3.712811152,561.2322998,46.76589839
2018/6/6 15:00,3.560111284,552.2717489,51.88268916
2018/6/6 15:15,3.373244365,508.7623393,50.64687347
2018/6/6 15:30,3.14145573,459.2787577,43.19745255
2018/6/6 15:45,2.866955678,411.9037069,41.94624456
2018/6/6 16:00,2.583822171,364.2172953,44.50081635
2018/6/6 16:15,2.279399951,311.8640951,43.9419047
2018/6/6 16:30,1.947822253,251.7843425,38.75589752
2018/6/6 16:45,1.595411062,192.3247477,34.92191187
2018/6/6 17:00,1.222588897,110.3802122,33.04563967
2018/6/6 17:15,0.747399986,33.68852043,26.17440541
2018/6/6 17:30,0.255199994,19.50125471,17.77843984
2018/6/6 17:45,0.010799999,10.35560862,9.897069136
2018/6/6 18:00,0,6.33569018,5.887574832
2018/6/6 18:15,0,3.959192753,3.419848522
2018/6/6 18:30,0,2.177648425,1.797176917
2018/6/6 18:45,0,1.928350329,1.516998887
2018/6/6 19:00,0,1.291864951,0.883609156
2018/6/6 19:15,0,1.354503393,0.959545493
2018/6/6 19:30,0,0.750762244,0.481368184
2018/6/6 19:45,0,1.202071706,0.81132565
2018/6/6 20:00,0,1.498358051,1.118339956
2018/6/6 20:15,0,1.506256858,1.133103351
2018/6/6 20:30,0,0.707978229,0.467330396
2018/6/6 20:45,0,1.194663783,0.775687417
2018/6/6 21:00,0,1.256828069,0.901208838
2018/6/6 21:15,0,0.919069727,0.587008605
2018/6/6 21:30,0,1.287148515,0.891492327
2018/6/6 21:45,0,1.959530513,1.513978163
2018/6/6 22:00,0,1.855955919,1.413020293
2018/6/6 22:15,0,1.319488009,0.951536
2018/6/6 22:30,0,0.713461359,0.460266908
2018/6/6 22:45,0,0.721489231,0.540789525
2018/6/6 23:00,0,2.094170372,1.641126037
2018/6/6 23:15,0,2.32645762,1.836946408
2018/6/6 23:30,0,1.796456098,1.37865456
2018/6/6 23:45,0,2.179684559,1.682408968
2018/6/7 0:00,0,1.797338327,1.406256954
2018/6/7 0:15,0,1.400546471,0.96217831
2018/6/7 0:30,0,2.279798388,1.84892722
2018/6/7 0:45,0,1.612845262,1.184835573
2018/6/7 1:00,0,1.810251832,1.359636664
2018/6/7 1:15,0,2.15503037,1.68061324
2018/6/7 1:30,0,2.361971617,1.861728589
2018/6/7 1:45,0,1.034381847,0.71297581
2018/6/7 2:00,0,1.225222826,0.887508959
2018/6/7 2:15,0,1.332817594,0.895280143
2018/6/7 2:30,0,1.3015727,0.890429934
2018/6/7 2:45,0,1.171804388,0.752341271
2018/6/7 3:00,0,1.508681695,1.083356321
2018/6/7 3:15,0,1.041703085,0.742896447
2018/6/7 3:30,0,1.596580644,1.310424566
2018/6/7 3:45,0,2.949089368,2.558946689
2018/6/7 4:00,0,1.400531769,1.023682515
2018/6/7 4:15,0,0.357203752,0.403838257
2018/6/7 4:30,0,0.330277532,0.413723638
2018/6/7 4:45,0,0.54284517,0.426898519
2018/6/7 5:00,0,0.641711414,0.432390004
2018/6/7 5:15,0,0.715812822,0.450483859
2018/6/7 5:30,0,1.014309466,0.600662331
2018/6/7 5:45,0,1.098625104,0.710709473
2018/6/7 6:00,0,1.473236243,1.049284756
2018/6/7 6:15,0,1.880868514,1.551495314
2018/6/7 6:30,0,2.990063429,2.575342497
2018/6/7 6:45,0,2.31678764,1.867618243
2018/6/7 7:00,0,2.244679769,1.77134947
2018/6/7 7:15,0.005322222,6.253446182,5.598610163
2018/6/7 7:30,0.101299991,27.01587868,20.62851238
2018/6/7 7:45,0.528333326,84.78814571,29.04344686
2018/6/7 8:00,0.481533304,60.13190587,31.85235151
2018/6/7 8:15,1.430944562,181.5110575,39.0208257
2018/6/7 8:30,1.978299976,279.7007141,50.51303355
2018/6/7 8:45,2.269355535,350.0661825,85.98833211
2018/6/7 9:00,1.996944308,280.9774679,62.00927353
2018/6/7 9:15,3.058033148,460.8049011,75.18744531
2018/6/7 9:30,2.529188871,414.4658305,144.4159749
2018/6/7 9:45,2.036755602,324.6404368,158.878128
2018/6/7 10:00,3.359022141,536.3011475,138.8754883
2018/6/7 10:15,3.00282232,517.0844523,229.0694021
2018/6/7 10:30,2.206222137,380.3705546,288.6907756
2018/6/7 10:45,2.647266547,424.5881043,270.1653646
2018/6/7 11:00,2.922411203,440.7709147,200.5667877
2018/6/7 11:15,4.41178894,717.5290527,156.1001332
2018/6/7 11:30,3.668544293,649.419515,154.4541219
2018/6/7 11:45,4.220755736,689.7595825,76.24440765
2018/6/7 12:00,4.341822148,742.4771322,55.85488891
2018/6/7 12:15,4.397522608,750.4483439,55.93462245
2018/6/7 12:30,4.419255416,746.4937134,51.75546646
2018/6/7 12:45,4.349699815,723.4947917,51.01783625
2018/6/7 13:00,4.352833112,725.1522013,51.97026316
2018/6/7 13:15,4.332610766,724.3740235,63.56534068
2018/6/7 13:30,4.164755503,693.7380575,72.05575307
2018/6/7 13:45,4.143500169,678.6698405,49.53986232
2018/6/7 14:00,4.070533276,655.4675496,50.41013591
2018/6/7 14:15,3.958277862,624.1530151,49.68052673
2018/6/7 14:30,3.795255264,587.1895345,47.66616186
2018/6/7 14:45,3.641510963,544.3444621,48.4449234
2018/6/7 15:00,3.444722176,530.0513509,49.28664398
2018/6/7 15:15,3.240922213,490.5123494,49.5899938
2018/6/7 15:30,3.010355473,444.7130636,43.9966952
2018/6/7 15:45,2.75675567,398.4946085,41.70794169
2018/6/7 16:00,2.51405557,354.2558594,44.87074152
2018/6/7 16:15,2.290344397,312.0123596,53.01264954
2018/6/7 16:30,1.437922319,217.8505656,83.28928375
2018/6/7 16:45,0.552066664,117.1538289,114.1656672
2018/6/7 17:00,0.357200017,83.32817841,82.13948313
2018/6/7 17:15,0.214788894,56.2854716,56.02254359
2018/6/7 17:30,0.113033332,34.29703013,33.87977092
2018/6/7 17:45,0.031255551,17.85772578,17.19194412
2018/6/7 18:00,0,6.534067313,6.164284706
2018/6/7 18:15,0,3.937876066,3.54546094
2018/6/7 18:30,0,2.666837772,2.330636462
2018/6/7 18:45,0,2.24987038,1.86721003
2018/6/7 19:00,0,3.277995825,2.892170747
2018/6/7 19:15,0,2.808904886,2.374250889
2018/6/7 19:30,0,2.340263724,1.880976558
2018/6/7 19:45,0,2.452092568,2.050302466
2018/6/7 20:00,0,2.316304445,1.84462293
2018/6/7 20:15,0,2.119083961,1.676583767
2018/6/7 20:30,0,1.599380334,1.19655178
2018/6/7 20:45,0,1.310457408,0.911843658
2018/6/7 21:00,0,1.954987407,1.495803774
2018/6/7 21:15,0,0.595579614,0.448045542
2018/6/7 21:30,0,1.141137282,0.781877816
2018/6/7 21:45,0,1.527482629,1.115003029
2018/6/7 22:00,0,2.409003576,1.924654484
2018/6/7 22:15,0,2.026042263,1.637773196
2018/6/7 22:30,0,2.429740986,1.958158135
2018/6/7 22:45,0,2.123961926,1.581566771
2018/6/7 23:00,0,1.878850977,1.418474793
2018/6/7 23:15,0,1.524269819,1.095573445
2018/6/7 23:30,0,1.843997916,1.420924306
2018/6/7 23:45,0,1.018449128,0.661813011
2018/6/8 0:00,0,1.470650077,1.077661733
2018/6/8 0:15,0,0.731314421,0.447399358
2018/6/8 0:30,0,0.780193289,0.461766521
2018/6/8 0:45,0,1.26891158,0.898652911
2018/6/8 1:00,0,1.140353342,0.736617367
2018/6/8 1:15,0,0.803453724,0.579819272
2018/6/8 1:30,0,0.574390501,0.459927877
2018/6/8 1:45,0,1.462463776,1.042925914
2018/6/8 2:00,0,1.402905941,1.020216683
2018/6/8 2:15,0,1.233099898,0.873467415
2018/6/8 2:30,0,0.604600668,0.443259259
2018/6/8 2:45,0,0.709994356,0.465943188
2018/6/8 3:00,0,0.389876207,0.431993326
2018/6/8 3:15,0,0.374801099,0.436687013
2018/6/8 3:30,0,0.492929409,0.449822674
2018/6/8 3:45,0,0.74055622,0.472497791
2018/6/8 4:00,0,1.309061686,0.996702532
2018/6/8 4:15,0,1.005079846,0.730077267
2018/6/8 4:30,0,0.948185623,0.699831039
2018/6/8 4:45,0,1.21966062,0.886450012
2018/6/8 5:00,0,1.111872633,0.74819845
2018/6/8 5:15,0,0.822322726,0.587288896
2018/6/8 5:30,0,1.387728274,1.041517635
2018/6/8 5:45,0,1.493279219,1.150256435
2018/6/8 6:00,0,1.693861008,1.284008424
2018/6/8 6:15,0,2.228171269,1.770031849
2018/6/8 6:30,0,1.04286919,0.801602672
2018/6/8 6:45,0,2.573165894,2.127638698
2018/6/8 7:00,0,2.837694884,2.432696978
2018/6/8 7:15,0.004855556,5.759369532,5.149099509
2018/6/8 7:30,0.078722218,28.99300575,13.34576098
2018/6/8 7:45,0.545855572,80.29553223,15.64828904
2018/6/8 8:00,1.098877748,140.5937525,30.69216346
2018/6/8 8:15,1.524822235,211.1829376,43.02796555
2018/6/8 8:30,2.209300001,332.9657593,106.4307861
2018/6/8 8:45,2.37094446,393.4467977,159.9148203
2018/6/8 9:00,2.136477828,330.5449168,105.6505076
2018/6/8 9:15,2.536266645,409.6592509,84.08992513
2018/6/8 9:30,2.943911076,453.2938538,60.81446457
2018/6/8 9:45,3.222833554,507.1567078,56.11343638
2018/6/8 10:00,3.438022137,542.7334798,48.18616358
2018/6/8 10:15,3.677666743,587.1848755,52.91416804
2018/6/8 10:30,3.717488686,636.5009155,247.5601094
2018/6/8 10:45,2.621400038,492.9830627,431.3582255
2018/6/8 11:00,2.360488812,446.7843628,423.9064942
2018/6/8 11:15,2.538155635,467.0734762,432.3563029
2018/6/8 11:30,2.62133344,488.0438537,452.6661174
2018/6/8 11:45,3.293966691,592.9632772,496.7567749
2018/6/8 12:00,3.921600262,722.0008138,324.2371368
2018/6/8 12:15,4.342411041,735.9446004,170.2150014
2018/6/8 12:30,4.451611042,796.8919474,168.356135
2018/6/8 12:45,4.175966899,723.4954427,145.8934224
2018/6/8 13:00,4.1356558,714.0053304,106.1183294
2018/6/8 13:15,3.966766755,670.7238973,122.6627172
2018/6/8 13:30,4.263288975,716.420166,72.99907685
2018/6/8 13:45,4.071544488,678.6730143,54.04778417
2018/6/8 14:00,3.78892223,665.2036133,173.0963237
2018/6/8 14:15,2.404388746,457.6736145,411.9878947
2018/6/8 14:30,2.851111173,461.0253906,324.0908305
2018/6/8 14:45,3.51474452,518.3798523,67.19244003
2018/6/8 15:00,3.431322257,526.8069458,56.34382629
2018/6/8 15:15,3.190333287,486.6931356,49.23495484
2018/6/8 15:30,2.945300102,440.8183187,45.13127136
2018/6/8 15:45,2.691755374,393.5418396,41.68836848
2018/6/8 16:00,2.426800171,345.3729146,40.60410436
2018/6/8 16:15,2.150633335,293.6677856,37.70014318
2018/6/8 16:30,1.830499967,237.4573212,34.07926559
2018/6/8 16:45,1.494166732,181.8616842,32.21470515
2018/6/8 17:00,1.13947769,102.1165301,31.74951363
2018/6/8 17:15,0.692644517,34.28434499,28.23058128
2018/6/8 17:30,0.221755539,21.44412359,20.27396139
2018/6/8 17:45,0.01793333,13.87528737,13.53841941
2018/6/8 18:00,-0.000688889,7.586092949,7.162165642
2018/6/8 18:15,0,4.461837212,4.014163653
2018/6/8 18:30,0,3.785119215,3.236845493
2018/6/8 18:45,0,3.658616464,3.209818602
2018/6/8 19:00,0,3.165058057,2.739303112
2018/6/8 19:15,0,2.097743591,1.700862448
2018/6/8 19:30,0,1.907159766,1.484808405
2018/6/8 19:45,0,1.184452017,0.848661651
2018/6/8 20:00,0,1.813160578,1.461800059
2018/6/8 20:15,0,0.733127197,0.470064978
2018/6/8 20:30,0,2.445818265,2.034094215
2018/6/8 20:45,0,2.962173462,2.586306731
2018/6/8 21:00,0,1.822849115,1.380961935
2018/6/8 21:15,0,1.251194556,0.857450664
2018/6/8 21:30,0,0.979101996,0.627167443
2018/6/8 21:45,0,1.065006256,0.654506088
2018/6/8 22:00,0,0.838822325,0.474321713
2018/6/8 22:15,0,1.136749327,0.757434944
2018/6/8 22:30,0,0.986387332,0.670279801
2018/6/8 22:45,0,2.435783307,2.051912824
2018/6/8 23:00,0,2.616615057,2.204977115
2018/6/8 23:15,0,0.899789552,0.581414749
2018/6/8 23:30,0,0.869012992,0.508439809
2018/6/8 23:45,0,2.204017122,1.741719167
2018/6/9 0:00,0,2.778998534,2.338909467
2018/6/9 0:15,0,2.480022033,2.024356921
2018/6/9 0:30,0,2.058344722,1.652250091
2018/6/9 0:45,0,1.08751752,0.742229104
2018/6/9 1:00,0,0.322356909,0.417796254
2018/6/9 1:15,0,1.208835175,1.030807972
2018/6/9 1:30,0,3.286520004,2.822941065
2018/6/9 1:45,0,2.253839294,1.807102959
2018/6/9 2:00,0,0.648219714,0.467444817
2018/6/9 2:15,0,0.439562996,0.432339341
2018/6/9 2:30,0,2.10866952,1.697732131
2018/6/9 2:45,0,0.387497832,0.449753394
2018/6/9 3:00,0,1.012412727,0.768350273
2018/6/9 3:15,0,1.63215071,1.297607402
2018/6/9 3:30,0,1.751506885,1.418749928
2018/6/9 3:45,0,0.479030202,0.445921063
2018/6/9 4:00,0,0.793772797,0.54110236
2018/6/9 4:15,0,1.818254749,1.420751055
2018/6/9 4:30,0,2.846502225,2.448842049
2018/6/9 4:45,0,3.143950383,2.65811046
2018/6/9 5:00,0,2.567647219,2.129027764
2018/6/9 5:15,0,1.591835499,1.168938319
2018/6/9 5:30,0,1.048689624,0.808665653
2018/6/9 5:45,0,1.010184119,0.758009057
2018/6/9 6:00,0,2.027650436,1.659482121
2018/6/9 6:15,0,1.560967207,1.160530289
2018/6/9 6:30,0,1.842132727,1.384003242
2018/6/9 6:45,0,0.701615065,0.613374094
2018/6/9 7:00,0,1.711389561,1.373606682
2018/6/9 7:15,0.004588889,4.702980359,4.138157288
2018/6/9 7:30,0.066444439,25.35575739,11.27335262
2018/6/9 7:45,0.512388855,75.48947525,13.84667778
2018/6/9 8:00,1.028577745,127.6488902,19.76102575
2018/6/9 8:15,1.414455573,190.1552226,26.00762113
2018/6/9 8:30,1.774933258,250.8943176,31.19511286
2018/6/9 8:45,2.110799948,312.6084391,35.11926905
2018/6/9 9:00,2.419644435,369.0125427,39.72608821
2018/6/9 9:15,2.693255583,418.3086243,46.58167394
2018/6/9 9:30,2.934544563,456.1826274,45.3144137
2018/6/9 9:45,3.164811214,498.2297872,47.1631012
2018/6/9 10:00,3.382800102,538.1737468,45.44082514
2018/6/9 10:15,3.567499796,576.2656454,46.42294057
2018/6/9 10:30,3.754988829,613.4928589,47.3833135
2018/6/9 10:45,3.89004453,644.2135213,46.96749497
2018/6/9 11:00,4.034399986,669.024414,48.85411708
2018/6/9 11:15,4.116388798,690.5713501,52.51102829
2018/6/9 11:30,4.201855342,712.5508219,60.30703354
2018/6/9 11:45,4.257199764,730.9000448,65.94954173
2018/6/9 12:00,4.277132829,738.3000692,62.72192637
2018/6/9 12:15,4.298100154,742.2885335,59.73057683
2018/6/9 12:30,4.313122909,739.2465006,57.24433517
2018/6/9 12:45,4.294233481,727.6467896,56.8540535
2018/6/9 13:00,4.244188627,722.8354085,60.45927302
2018/6/9 13:15,4.184955438,714.4568278,66.29154205
2018/6/9 13:30,4.116033395,697.7400309,61.02703349
2018/6/9 13:45,4.054210822,673.1056722,55.86371612
2018/6/9 14:00,3.955155532,646.4185384,55.4368337
2018/6/9 14:15,3.817077478,615.7703451,54.09156672
2018/6/9 14:30,3.682121992,580.573527,54.99521001
2018/6/9 14:45,3.490088542,531.9944254,53.13914108
2018/6/9 15:00,3.323988597,521.0220134,54.48462677
2018/6/9 15:15,3.139810959,485.5882568,54.45938238
2018/6/9 15:30,2.918655475,439.4187114,47.79523087
2018/6/9 15:45,2.655988932,391.1632487,42.77939733
2018/6/9 16:00,2.408522209,344.5033061,43.27524185
2018/6/9 16:15,2.117711146,292.416392,40.74011866
2018/6/9 16:30,1.797166626,235.0355733,36.55338033
2018/6/9 16:45,1.467255632,180.2293905,34.05221812
2018/6/9 17:00,1.108199974,101.1591975,33.42777125
2018/6/9 17:15,0.666399995,34.27526792,28.73729769
2018/6/9 17:30,0.223788892,21.48147774,20.34693845
2018/6/9 17:45,0.015399998,13.24274158,12.92423852
2018/6/9 18:00,0,7.640017192,7.333698591
2018/6/9 18:15,0,4.884264946,4.491940022
2018/6/9 18:30,0,2.889899016,2.639465968
2018/6/9 18:45,0,3.265683095,2.868426561
2018/6/9 19:00,0,3.120687405,2.794028362
2018/6/9 19:15,0,3.063047091,2.685604413
2018/6/9 19:30,0,2.784533898,2.415944338
2018/6/9 19:45,0,2.283855438,1.921949943
2018/6/9 20:00,0,1.491748333,1.124513249
2018/6/9 20:15,0,1.496998429,1.203651011
2018/6/9 20:30,0,1.34350578,0.984592219
2018/6/9 20:45,0,0.88983204,0.592902919
2018/6/9 21:00,0,0.656396071,0.465703607
2018/6/9 21:15,0,1.350718776,0.939359665
2018/6/9 21:30,0,1.316077947,0.890320222
2018/6/9 21:45,0,2.619884332,2.189170758
2018/6/9 22:00,0,2.406680664,2.074038029
2018/6/9 22:15,0,1.905199329,1.50202163
2018/6/9 22:30,0,0.448361506,0.439479053
2018/6/9 22:45,0,1.468273501,1.172962586
2018/6/9 23:00,0,1.804401378,1.426796059
2018/6/9 23:15,0,1.459573825,1.089751045
2018/6/9 23:30,0,0.75265946,0.588271121
2018/6/9 23:45,0,0.525014758,0.448830038
2018/6/10 0:00,0,0.372527748,0.44352443
2018/6/10 0:15,0,0.35632202,0.4529622
2018/6/10 0:30,0,0.766287068,0.607054074
2018/6/10 0:45,0,0.923633635,0.640121579
2018/6/10 1:00,0,0.965413372,0.719527294
2018/6/10 1:15,0,0.777758181,0.507040729
2018/6/10 1:30,0,1.35349234,1.036966483
2018/6/10 1:45,0,2.438821077,2.059690555
2018/6/10 2:00,0,2.362291694,2.046524882
2018/6/10 2:15,0,2.074071447,1.704557816
2018/6/10 2:30,0,1.953634143,1.603100856
2018/6/10 2:45,0,0.900213599,0.603424231
2018/6/10 3:00,0,0.485507021,0.45162937
2018/6/10 3:15,0,1.602024476,1.327783902
2018/6/10 3:30,0,2.172215204,1.891686747
2018/6/10 3:45,0,0.997517089,0.796930422
2018/6/10 4:00,0,1.980243087,1.568960389
2018/6/10 4:15,0,0.840681136,0.646886289
2018/6/10 4:30,0,1.019217253,0.66618077
2018/6/10 4:45,0,1.996241768,1.595185975
2018/6/10 5:00,0,1.690830628,1.314778626
2018/6/10 5:15,0,2.15231355,1.751991828
2018/6/10 5:30,0,1.169757764,0.81198736
2018/6/10 5:45,0,1.956207554,1.52030925
2018/6/10 6:00,0,1.38031583,1.153137684
2018/6/10 6:15,0,0.809213201,0.572928856
2018/6/10 6:30,0,0.346201251,0.442387342
2018/6/10 6:45,0,0.379329741,0.457754821
2018/6/10 7:00,0,0.972809195,0.731421183
2018/6/10 7:15,0.004311111,5.007569392,4.49181358
2018/6/10 7:30,0.059333329,24.34076436,12.05512047
2018/6/10 7:45,0.470400025,75.3676885,17.07866192
2018/6/10 8:00,1.005622188,127.3842189,23.25810941
2018/6/10 8:15,1.375588894,186.4888662,27.93790754
2018/6/10 8:30,1.721233407,244.136027,34.46187465
2018/6/10 8:45,2.027533253,301.8126119,38.62382762
2018/6/10 9:00,2.324466626,354.4711405,43.46504339
2018/6/10 9:15,2.596411149,400.2421672,46.95513153
2018/6/10 9:30,2.917011102,453.7650655,48.86533229
2018/6/10 9:45,3.130477667,492.1993815,48.78243383
2018/6/10 10:00,3.351522128,530.7362671,47.91717275
2018/6/10 10:15,3.557533423,567.2144165,49.18760935
2018/6/10 10:30,3.716533423,608.9016317,54.34621048
2018/6/10 10:45,3.871189038,638.4528809,52.94817734
2018/6/10 11:00,3.983966987,659.926595,51.25582886
2018/6/10 11:15,4.057666779,683.0791219,55.96229299
2018/6/10 11:30,4.147444407,705.503479,65.51410802
2018/6/10 11:45,4.212811152,722.9900309,70.79970296
2018/6/10 12:00,4.263821761,729.6881103,63.93985748
2018/6/10 12:15,4.296922207,735.2537435,62.3207372
2018/6/10 12:30,4.299944719,732.7392782,59.83030192
2018/6/10 12:45,4.288733641,721.7271729,58.99038315
2018/6/10 13:00,4.25655524,715.5781657,60.88980865
2018/6/10 13:15,4.183655262,710.5593669,70.62637583
2018/6/10 13:30,4.107699871,691.1207682,60.85903041
2018/6/10 13:45,4.04918925,666.7937419,56.31039047
2018/6/10 14:00,3.942600091,639.6664225,55.33532715
2018/6/10 14:15,3.803744236,609.7402547,54.43209585
2018/6/10 14:30,3.661544561,574.6987305,54.15557607
2018/6/10 14:45,3.491944631,530.55955,54.20622889
2018/6/10 15:00,3.316288789,512.7980245,51.61357117
2018/6/10 15:15,3.135577758,480.2578633,54.62577947
2018/6/10 15:30,2.909922043,435.5541687,49.87351608
2018/6/10 15:45,2.662499905,389.5323486,45.68845622
2018/6/10 16:00,2.36695536,337.1031494,45.5853335
2018/6/10 16:15,2.082444549,285.9999898,42.58689245
2018/6/10 16:30,1.79682215,235.0168965,38.32650121
2018/6/10 16:45,1.222233375,160.5919596,35.37767156
2018/6/10 17:00,0.841877798,70.03821564,33.02672259
2018/6/10 17:15,0.635500024,34.95428022,30.29618518
2018/6/10 17:30,0.218011126,27.75416184,26.45940272
2018/6/10 17:45,0.020188886,12.38540618,12.03868135
2018/6/10 18:00,-0.000600011,4.992851655,4.733141184
2018/6/10 18:15,0,3.739901384,3.420489629
2018/6/10 18:30,0,3.56203858,3.208440224
2018/6/10 18:45,0,3.118372838,2.804450671
2018/6/10 19:00,0,2.731687585,2.439238906
2018/6/10 19:15,0,1.479919871,1.194576581
2018/6/10 19:30,0,2.111695727,1.783254544
2018/6/10 19:45,0,1.397896926,1.100181619
2018/6/10 20:00,0,1.489855329,1.171294292
2018/6/10 20:15,0,1.779631933,1.438469847
2018/6/10 20:30,0,2.128578822,1.821210027
2018/6/10 20:45,0,2.944178541,2.550829808
2018/6/10 21:00,0,3.496364196,3.069118897
2018/6/10 21:15,0,2.144054611,1.780500651
2018/6/10 21:30,0,1.121569594,0.806454778
2018/6/10 21:45,0,0.780278862,0.51198557
2018/6/10 22:00,0,0.793789784,0.504125178
2018/6/10 22:15,0,0.441156477,0.466716627
2018/6/10 22:30,0,0.395487775,0.469337344
2018/6/10 22:45,0,0.388209154,0.476941844
2018/6/10 23:00,0,0.394645592,0.48800681
2018/6/10 23:15,0,1.03650562,0.700618386
2018/6/10 23:30,0,1.650253812,1.399286866
2018/6/10 23:45,0,1.168766816,0.821294089
2018/6/11 0:00,0,0.994377752,0.682861487
2018/6/11 0:15,0,0.602103631,0.500207057
2018/6/11 0:30,0,0.496126642,0.505017022
2018/6/11 0:45,0,0.58295693,0.510967672
2018/6/11 1:00,0,0.622783621,0.51008449
2018/6/11 1:15,0,1.197656472,0.981191417
2018/6/11 1:30,0,1.664483666,1.379138867
2018/6/11 1:45,0,2.165202538,1.883412004
2018/6/11 2:00,0,1.864044269,1.571975946
2018/6/11 2:15,0,0.962531547,0.691305697
2018/6/11 2:30,0,0.779331346,0.558191091
2018/6/11 2:45,0,0.948640963,0.701440036
2018/6/11 3:00,0,1.522554278,1.20255216
2018/6/11 3:15,0,0.860449712,0.802964002
2018/6/11 3:30,0,0.849993835,0.690561791
2018/6/11 3:45,0,0.9207864,0.687559068
2018/6/11 4:00,0,0.54758061,0.497480889
2018/6/11 4:15,0,0.705515683,0.553284437
2018/6/11 4:30,0,0.928594013,0.637668371
2018/6/11 4:45,0,1.904400389,1.583757718
2018/6/11 5:00,0,0.966982901,0.735546013
2018/6/11 5:15,0,1.372739891,1.042256534
2018/6/11 5:30,0,1.209380051,1.053277831
2018/6/11 5:45,0,1.082008223,0.858088036
2018/6/11 6:00,0,0.715926429,0.539632678
2018/6/11 6:15,0,1.308854024,1.012430231
2018/6/11 6:30,0,1.293359121,1.02341338
2018/6/11 6:45,0,1.1405135,0.903824786
2018/6/11 7:00,0,2.155068,1.869056781
2018/6/11 7:15,0.005033333,5.747244199,5.202887138
2018/6/11 7:30,0.1197,30.66289075,25.72314072
2018/6/11 7:45,0.309655577,64.46435801,49.68052546
2018/6/11 8:00,0.414833337,78.41632589,68.63971202
2018/6/11 8:15,0.553822209,107.5037639,105.4701996
2018/6/11 8:30,1.126288851,186.2571259,138.856013
2018/6/11 8:45,0.985755662,181.18927,152.2612508
2018/6/11 9:00,0.732133389,140.5702209,128.6090241
2018/6/11 9:15,1.046088835,178.9807739,135.604215
2018/6/11 9:30,2.441855748,392.2838745,201.0203552
2018/6/11 9:45,2.338277737,401.2799784,179.828476
2018/6/11 10:00,3.296511173,505.5823161,86.25317128
2018/6/11 10:15,3.291433414,586.6609701,146.4806976
2018/6/11 10:30,2.331777732,437.373586,349.0091044
2018/6/11 10:45,3.889666796,678.8251343,283.2441406
2018/6/11 11:00,3.800722201,705.3312785,303.699117
2018/6/11 11:15,3.466966709,637.7898763,353.3198039
2018/6/11 11:30,3.702766657,707.9330444,473.138855
2018/6/11 11:45,3.067533334,609.6941528,481.3888651
2018/6/11 12:00,4.282666683,777.8816733,478.5369975
2018/6/11 12:15,2.985900084,618.5499064,513.0694987
2018/6/11 12:30,2.352000157,464.1895853,447.998057
2018/6/11 12:45,2.553022464,447.3993937,389.6917317
2018/6/11 13:00,2.198799888,430.5558573,355.7202657
2018/6/11 13:15,2.073500037,382.6935527,351.4626465
2018/6/11 13:30,1.425999999,268.029246,263.980072
2018/6/11 13:45,1.296233297,249.2127787,246.4042358
2018/6/11 14:00,1.112533331,215.677119,213.2909393
2018/6/11 14:15,1.303533355,238.0050608,231.8828735
2018/6/11 14:30,1.285644333,256.6110484,249.6570485
2018/6/11 14:45,1.144355575,217.5588379,213.4013621
2018/6/11 15:00,1.115966678,217.068217,215.4748637
2018/6/11 15:15,1.591733376,275.9471843,247.2570699
2018/6/11 15:30,1.016222219,203.1807912,193.5438538
2018/6/11 15:45,0.82228897,155.2125753,151.2416636
2018/6/11 16:00,1.342522224,218.6717377,176.4341583
2018/6/11 16:15,0.818977733,163.3057861,141.3927562
2018/6/11 16:30,0.639855544,125.6791941,115.2314122
2018/6/11 16:45,0.314188893,74.53443019,71.83720906
2018/6/11 17:00,0.182666669,47.04843267,46.77999242
2018/6/11 17:15,0.180966666,44.70986684,43.11250178
2018/6/11 17:30,0.053277768,20.46019808,19.83763758
2018/6/11 17:45,0.011055554,11.7382617,11.3262229
2018/6/11 18:00,0,3.79460748,3.468779326
2018/6/11 18:15,0,2.060761094,1.797639926
2018/6/11 18:30,0,2.246640841,1.833584388
2018/6/11 18:45,0,1.971015771,1.663068334
2018/6/11 19:00,0,2.374032895,2.001032233
2018/6/11 19:15,0,2.098284562,1.749182502
2018/6/11 19:30,0,1.688875079,1.395850738
2018/6/11 19:45,0,1.379785617,1.108034154
2018/6/11 20:00,0,1.596844316,1.306821028
2018/6/11 20:15,0,1.441566825,1.151745638
2018/6/11 20:30,0,1.241858443,0.967420061
2018/6/11 20:45,0,1.368824919,1.000017524
2018/6/11 21:00,0,1.063780189,0.724420011
2018/6/11 21:15,0,1.50472188,1.169554393
2018/6/11 21:30,0,1.413247784,1.018567582
2018/6/11 21:45,0,1.466235836,1.167235335
2018/6/11 22:00,0,1.104025145,0.735822042
2018/6/11 22:15,0,1.194604834,0.837512096
2018/6/11 22:30,0,1.030660848,0.663716157
2018/6/11 22:45,0,1.29617238,0.92128096
2018/6/11 23:00,0,1.192791025,0.862780213
2018/6/11 23:15,0,1.279656569,0.944628596
2018/6/11 23:30,0,1.279639363,0.952672561
2018/6/11 23:45,0,1.172641993,0.806155066
2018/6/12 0:00,0,1.542983055,1.178726693
2018/6/12 0:15,0,1.549301227,1.18459328
2018/6/12 0:30,0,1.422219992,1.086732467
2018/6/12 0:45,0,1.793751955,1.435912689
2018/6/12 1:00,0,1.387491544,1.09628427
2018/6/12 1:15,0,1.193173707,0.810121675
2018/6/12 1:30,0,1.382567445,1.021686435
2018/6/12 1:45,0,1.455698053,1.083969832
2018/6/12 2:00,0,2.168582638,1.789137602
2018/6/12 2:15,0,3.242555857,2.844005664
2018/6/12 2:30,0,3.248253584,2.818752607
2018/6/12 2:45,0,2.9139479,2.476570845
2018/6/12 3:00,0,2.383203427,2.027841608
2018/6/12 3:15,0,2.273046176,1.782492399
2018/6/12 3:30,0,1.17554604,0.940436482
2018/6/12 3:45,0,0.650234858,0.512638331
2018/6/12 4:00,0,1.512049596,1.115584055
2018/6/12 4:15,0,1.824909608,1.390819709
2018/6/12 4:30,0,2.192338784,1.762123267
2018/6/12 4:45,0,0.606226941,0.416553666
2018/6/12 5:00,0,0.767068247,0.481504033
2018/6/12 5:15,0,1.992905696,1.516843875
2018/6/12 5:30,0,3.338005701,2.79496328
2018/6/12 5:45,0,3.407370885,2.905198177
2018/6/12 6:00,0,3.113725821,2.541665077
2018/6/12 6:15,0,2.812524001,2.310979923
2018/6/12 6:30,0,2.49302427,2.022608042
2018/6/12 6:45,0,1.823826194,1.362383167
2018/6/12 7:00,0,2.203048984,1.665320039
2018/6/12 7:15,0.002788889,5.817345063,5.243066072
2018/6/12 7:30,0.05431111,21.37927882,10.31424109
2018/6/12 7:45,0.431355536,69.31123098,15.49262683
2018/6/12 8:00,0.959699989,117.5260874,21.30623309
2018/6/12 8:15,1.342211048,176.3893382,27.01685333
2018/6/12 8:30,1.712955515,238.792689,33.37825266
2018/6/12 8:45,2.063500086,299.0860901,39.6718839
2018/6/12 9:00,2.391477903,355.9492594,44.86408615
2018/6/12 9:15,2.699889024,404.9641825,50.0340271
2018/6/12 9:30,2.98816673,445.3904317,49.67466354
2018/6/12 9:45,3.23240002,485.2546692,50.43526205
2018/6/12 10:00,3.440222184,524.4490967,50.65282567
2018/6/12 10:15,3.648555597,560.6639404,51.06638463
2018/6/12 10:30,3.821510951,596.8075358,51.14321264
2018/6/12 10:45,3.984022458,630.0700277,52.37681834
2018/6/12 11:00,4.10404412,652.7203166,52.0897789
2018/6/12 11:15,4.213155588,674.7829183,55.88482793
2018/6/12 11:30,4.310155074,697.7086996,64.78439331
2018/6/12 11:45,4.365222454,715.3795166,71.9679006
2018/6/12 12:00,4.41878891,722.5705973,67.49064382
2018/6/12 12:15,4.423522155,725.6216024,63.84747569
2018/6/12 12:30,4.44924434,725.9859416,61.64169185
2018/6/12 12:45,4.4074893,715.2920125,60.04138946
2018/6/12 13:00,4.383654912,710.9316203,63.82975642
2018/6/12 13:15,4.343099435,706.8246867,73.10941315
2018/6/12 13:30,4.290555477,687.8942668,61.25653585
2018/6/12 13:45,4.203210989,662.5446981,56.72797648
2018/6/12 14:00,4.092144489,634.8271688,58.83888117
2018/6/12 14:15,3.938744466,603.6307983,55.14672216
2018/6/12 14:30,3.797844172,573.0871379,57.5435969
2018/6/12 14:45,3.655477762,530.4013062,55.89717865
2018/6/12 15:00,3.462655624,512.5569559,54.94248835
2018/6/12 15:15,3.2421333,477.5641174,57.97577922
2018/6/12 15:30,3.048066696,438.0449626,52.29315058
2018/6/12 15:45,2.798155705,397.565328,52.69331741
2018/6/12 16:00,2.489410957,344.1585592,47.89414978
2018/6/12 16:15,2.171888908,287.7429097,40.62437566
2018/6/12 16:30,1.849399925,235.6919301,40.07453283
2018/6/12 16:45,1.501455585,179.469813,37.00167211
2018/6/12 17:00,1.137633323,100.1648394,33.11177063
2018/6/12 17:15,0.68143335,30.75645637,27.07107607
2018/6/12 17:30,0.14425555,18.13335323,17.16163031
2018/6/12 17:45,0.006555566,8.792655309,8.410120645
2018/6/12 18:00,0,4.083805402,3.742400169
2018/6/12 18:15,0,2.306924502,1.982888698
2018/6/12 18:30,0,2.082521319,1.766780098
2018/6/12 18:45,0,2.61253349,2.22746853
2018/6/12 19:00,0,2.639343421,2.313416481
2018/6/12 19:15,0,1.703349471,1.33997333
2018/6/12 19:30,0,1.308045069,0.974062304
2018/6/12 19:45,0,1.023344378,0.715308467
2018/6/12 20:00,0,1.365652839,0.973685483
2018/6/12 20:15,0,1.634243687,1.269805272
2018/6/12 20:30,0,2.310069005,1.906456232
2018/6/12 20:45,0,2.313200077,1.948965351
2018/6/12 21:00,0,1.870736639,1.448873321
2018/6/12 21:15,0,1.902092934,1.486450951
2018/6/12 21:30,0,2.04355224,1.568121076
2018/6/12 21:45,0,2.510753393,2.05465134
2018/6/12 22:00,0,2.949281454,2.478748878
2018/6/12 22:15,0,2.587003788,2.078828096
2018/6/12 22:30,0,2.45573767,1.960975608
2018/6/12 22:45,0,2.403470039,1.896665216
2018/6/12 23:00,0,1.934269985,1.557003657
2018/6/12 23:15,0,1.304270804,0.905844251
2018/6/12 23:30,0,1.035074334,0.645943989
2018/6/12 23:45,0,1.285841246,0.858752012
2018/6/13 0:00,0,1.063916306,0.69445617
2018/6/13 0:15,0,0.979558448,0.567126294
2018/6/13 0:30,0,1.920407454,1.467490156
2018/6/13 0:45,0,2.145815134,1.715727369
2018/6/13 1:00,0,2.161793153,1.691939592
2018/6/13 1:15,0,1.414076269,0.978983839
2018/6/13 1:30,0,2.158493559,1.596612573
2018/6/13 1:45,0,1.698605657,1.18710949
2018/6/13 2:00,0,1.594811439,1.160002967
2018/6/13 2:15,0,0.977542818,0.610211035
2018/6/13 2:30,0,1.065207561,0.727444241
2018/6/13 2:45,0,1.267522792,0.83743302
2018/6/13 3:00,0,1.594236056,1.126190066
2018/6/13 3:15,0,2.082046668,1.593331575
2018/6/13 3:30,0,2.542673985,2.07996583
2018/6/13 3:45,0,2.335670789,1.768589854
2018/6/13 4:00,0,2.337401231,1.788660566
2018/6/13 4:15,0,2.187092185,1.63879327
2018/6/13 4:30,0,2.054551045,1.481752912
2018/6/13 4:45,0,1.577000936,1.083476226
2018/6/13 5:00,0,1.201334973,0.738132437
2018/6/13 5:15,0,1.973723372,1.488470912
2018/6/13 5:30,0,2.134233753,1.588702043
2018/6/13 5:45,0,2.358132283,1.814274033
2018/6/13 6:00,0,1.784647942,1.271510403
2018/6/13 6:15,0,1.996354938,1.482218107
2018/6/13 6:30,0,1.849261006,1.351258993
2018/6/13 6:45,0,1.894330422,1.363969803
2018/6/13 7:00,0,2.064364751,1.482531707
2018/6/13 7:15,0,4.362825235,3.726404031
2018/6/13 7:30,0.05135555,20.71056175,10.97459793
2018/6/13 7:45,0.422266672,70.61409251,15.74024391
2018/6/13 8:00,1.011333346,120.5457229,21.05214628
2018/6/13 8:15,1.403255542,179.6341247,26.06748772
2018/6/13 8:30,1.73441116,236.3659058,31.83760707
2018/6/13 8:45,2.070166707,298.7490133,39.56103897
2018/6/13 9:00,2.401866674,356.9131368,45.28980255
2018/6/13 9:15,2.749077956,412.9440613,51.92542648
2018/6/13 9:30,3.011022091,453.6150309,51.98998261
2018/6/13 9:45,3.262466669,495.8239136,52.96051407
2018/6/13 10:00,3.485355536,540.3134969,54.84915288
2018/6/13 10:15,3.652622064,571.5354207,55.34228007
2018/6/13 10:30,3.877411206,612.7554728,55.52923457
2018/6/13 10:45,4.069355329,651.0098877,57.45121892
2018/6/13 11:00,4.233343919,677.0999145,59.89235687
2018/6/13 11:15,4.329577764,696.230428,61.00864919
2018/6/13 11:30,4.421044509,723.443278,74.49621073
2018/6/13 11:45,4.457278093,737.803833,77.7281901
2018/6/13 12:00,4.499122461,745.753418,74.23258718
2018/6/13 12:15,4.55241092,753.5428874,73.43575287
2018/6/13 12:30,4.546144803,749.4019572,69.39146678
2018/6/13 12:45,4.518033187,737.3255819,66.09766388
2018/6/13 13:00,4.499855836,734.0492961,70.88603211
2018/6/13 13:15,4.457577705,724.9804891,77.7115682
2018/6/13 13:30,4.372655551,704.3303833,67.50231679
2018/6/13 13:45,4.314488888,683.8543294,64.85409164
2018/6/13 14:00,4.176756064,655.2721964,63.34231313
2018/6/13 14:15,4.079855442,625.1385294,62.05323537
2018/6/13 14:30,3.893277645,588.6196696,59.66668574
2018/6/13 14:45,3.718622605,547.7473755,60.92773437
2018/6/13 15:00,3.534677823,527.130839,59.63272858
2018/6/13 15:15,3.349455754,493.949351,58.54346339
2018/6/13 15:30,3.097944418,448.3125712,55.89717611
2018/6/13 15:45,2.838222106,401.8525696,50.79499054
2018/6/13 16:00,2.538944403,350.2283427,48.15571976
2018/6/13 16:15,2.237877766,297.7503255,46.20940018
2018/6/13 16:30,1.908477823,239.834732,41.93188477
2018/6/13 16:45,1.392644366,169.3253174,41.18082937
2018/6/13 17:00,1.029833356,92.8895022,36.32638931
2018/6/13 17:15,0.475977778,33.65619278,30.21181107
2018/6/13 17:30,0.23863334,24.2800827,22.78197098
2018/6/13 17:45,0.023899993,12.08604717,11.6137495
2018/6/13 18:00,-0.001688889,5.636935234,5.156720002
2018/6/13 18:15,0,3.139115175,2.658252637
2018/6/13 18:30,0,2.691478094,2.278184573
2018/6/13 18:45,0,2.58915925,2.111611803
2018/6/13 19:00,0,2.920530399,2.444188396
2018/6/13 19:15,0,2.476023595,2.035329104
2018/6/13 19:30,0,2.883746465,2.428478718
2018/6/13 19:45,0,3.087202787,2.629855474
2018/6/13 20:00,0,3.658554157,3.033199946
2018/6/13 20:15,0,2.815467675,2.309910615
2018/6/13 20:30,0,2.593111197,2.080836892
2018/6/13 20:45,0,2.333872954,1.813487728
2018/6/13 21:00,0,2.148659428,1.59522744
2018/6/13 21:15,0,1.550244411,1.049030443
2018/6/13 21:30,0,1.57912457,1.033833683
2018/6/13 21:45,0,1.920725226,1.348026514
2018/6/13 22:00,0,1.695219278,1.145163636
2018/6/13 22:15,0,1.807533105,1.329006195
2018/6/13 22:30,0,2.002714634,1.46202755
2018/6/13 22:45,0,1.800250212,1.273334066
2018/6/13 23:00,0,1.759074092,1.199869871
2018/6/13 23:15,0,1.744126757,1.23508807
2018/6/13 23:30,0,1.909840584,1.297847231
2018/6/13 23:45,0,2.452821255,1.827348073
2018/6/14 0:00,0,2.045936505,1.505951723
2018/6/14 0:15,0,1.699479341,1.125234008
2018/6/14 0:30,0,1.350799084,0.859243919
2018/6/14 0:45,0,2.169193148,1.593096654
2018/6/14 1:00,0,2.318200071,1.724430204
2018/6/14 1:15,0,1.684530258,1.124452333
2018/6/14 1:30,0,1.423884491,0.948920051
2018/6/14 1:45,0,1.706170122,1.097526491
2018/6/14 2:00,0,1.467893501,0.986537516
2018/6/14 2:15,0,2.021373908,1.445631743
2018/6/14 2:30,0,2.043215394,1.467573007
2018/6/14 2:45,0,1.929930329,1.310328523
2018/6/14 3:00,0,2.169126988,1.52682821
2018/6/14 3:15,0,1.707258225,1.1546882
2018/6/14 3:30,0,2.07899789,1.470299919
2018/6/14 3:45,0,1.934341908,1.302464644
2018/6/14 4:00,0,2.430791457,1.727780501
2018/6/14 4:15,0,1.442076564,0.902584434
2018/6/14 4:30,0,2.01472191,1.378539721
2018/6/14 4:45,0,1.98793149,1.359253923
2018/6/14 5:00,0,2.116942128,1.408921321
2018/6/14 5:15,0,1.80814143,1.158282757
2018/6/14 5:30,0,1.641776999,1.101445556
2018/6/14 5:45,0,2.261755546,1.557998379
2018/6/14 6:00,0,1.92703716,1.297754407
2018/6/14 6:15,0,2.135936498,1.397803108
2018/6/14 6:30,0,1.55656147,0.957054694
2018/6/14 6:45,0,1.602457802,0.986128827
2018/6/14 7:00,0,1.885394017,1.229773442
2018/6/14 7:15,0.003277778,5.457123995,4.690777937
2018/6/14 7:30,0.054888885,24.97027079,15.043293
2018/6/14 7:45,0.461733321,73.32833481,27.93975385
2018/6/14 8:00,1.101500015,123.1895065,27.81822268
2018/6/14 8:15,1.505277833,196.7635854,25.74141311
2018/6/14 8:30,1.869433324,253.1688995,30.40672811
2018/6/14 8:45,2.211599986,319.2207235,36.44673157
2018/6/14 9:00,2.52858901,380.5490011,42.3876915
2018/6/14 9:15,2.814555327,431.9853617,47.09766388
2018/6/14 9:30,3.100233396,479.6845602,50.47692744
2018/6/14 9:45,3.38674442,524.1052042,53.73289363
2018/6/14 10:00,3.625888745,564.8214315,52.48661804
2018/6/14 10:15,3.827866554,602.9834391,51.48144531
2018/6/14 10:30,4.017677546,641.2799886,52.27901205
2018/6/14 10:45,4.167755445,672.0309855,51.25850296
2018/6/14 11:00,4.283444564,696.8753052,52.41758346
2018/6/14 11:15,4.387900035,718.9748942,56.13844554
2018/6/14 11:30,4.471100012,745.142456,68.97050476
2018/6/14 11:45,4.536410968,759.1150513,70.7261734
2018/6/14 12:00,4.554611206,767.2912598,67.33908081
2018/6/14 12:15,4.584933122,775.0111898,65.21251806
2018/6/14 12:30,4.62967809,771.3205159,63.13138326
2018/6/14 12:45,4.600622177,761.2451579,60.81452052
2018/6/14 13:00,4.582855384,756.484314,66.49809011
2018/6/14 13:15,4.533344746,750.8992716,77.02711487
2018/6/14 13:30,4.419633706,726.5121053,62.94600169
2018/6/14 13:45,4.327010949,702.3145548,58.35088221
2018/6/14 14:00,4.233488878,677.3693034,58.83040237
2018/6/14 14:15,4.095855713,645.8395182,58.45207341
2018/6/14 14:30,3.950633526,610.6114909,56.96303177
2018/6/14 14:45,3.791143894,565.473877,56.49624761
2018/6/14 15:00,3.630244175,546.0265096,58.04362233
2018/6/14 15:15,3.400200049,510.1886902,54.24259694
2018/6/14 15:30,3.164166609,465.2030436,52.30524063
2018/6/14 15:45,2.898789008,417.6009521,48.4349734
2018/6/14 16:00,2.619255702,364.3656311,44.56198883
2018/6/14 16:15,2.315911214,310.9268697,41.99397278
2018/6/14 16:30,1.972722252,251.9704946,37.67644628
2018/6/14 16:45,1.618155519,193.6752574,35.83595657
2018/6/14 17:00,1.23717773,109.8372002,34.48027801
2018/6/14 17:15,0.745622218,32.2972908,28.91814486
2018/6/14 17:30,0.264000009,21.10502116,19.68578657
2018/6/14 17:45,0.025088886,13.21066666,12.66953818
2018/6/14 18:00,0.000111111,7.105082035,6.528885047
2018/6/14 18:15,0,3.836888154,3.274615447
2018/6/14 18:30,0,4.49748977,3.816963116
2018/6/14 18:45,0,3.508386056,2.876751423
2018/6/14 19:00,0,2.469718496,2.028360843
2018/6/14 19:15,0,3.131223837,2.58480374
2018/6/14 19:30,0,3.01365296,2.421460907
2018/6/14 19:45,0,2.187121074,1.63690571
2018/6/14 20:00,0,1.955319087,1.444338401
2018/6/14 20:15,0,1.935107907,1.378816287
2018/6/14 20:30,0,2.043776552,1.493795753
2018/6/14 20:45,0,2.436309099,1.832009157
2018/6/14 21:00,0,2.029084762,1.488018275
2018/6/14 21:15,0,2.339295069,1.723638256
2018/6/14 21:30,0,2.090580861,1.475720167
2018/6/14 21:45,0,1.882823944,1.325324138
2018/6/14 22:00,0,1.725178957,1.240563551
2018/6/14 22:15,0,1.954293371,1.36376818
2018/6/14 22:30,0,1.717239221,1.184378187
2018/6/14 22:45,0,2.148109515,1.554703832
2018/6/14 23:00,0,2.165454626,1.523401777
2018/6/14 23:15,0,1.966923753,1.322585702
2018/6/14 23:30,0,1.852021495,1.269935886
2018/6/14 23:45,0,2.090236545,1.526742101
2018/6/15 0:00,0,2.257465204,1.619108558
2018/6/15 0:15,0,2.562094688,1.935676297
2018/6/15 0:30,0,2.226027568,1.548933466
2018/6/15 0:45,0,2.324808717,1.599669059
2018/6/15 1:00,0,2.029150923,1.376353145
2018/6/15 1:15,0,1.647011399,1.033370991
2018/6/15 1:30,0,1.699742278,1.064625581
2018/6/15 1:45,0,1.750682076,1.191847801
2018/6/15 2:00,0,1.57416606,0.995197892
2018/6/15 2:15,0,1.855095744,1.209185481
2018/6/15 2:30,0,1.908624848,1.26097546
2018/6/15 2:45,0,1.945893804,1.280201475
2018/6/15 3:00,0,1.39347291,0.795597593
2018/6/15 3:15,0,1.371001065,0.833329409
2018/6/15 3:30,0,2.04735887,1.315226317
2018/6/15 3:45,0,2.187713066,1.462174733
2018/6/15 4:00,0,1.751830975,1.112111986
2018/6/15 4:15,0,2.098226627,1.41985333
2018/6/15 4:30,0,1.807709614,1.172190467
2018/6/15 4:45,0,1.936760585,1.230423768
2018/6/15 5:00,0,1.635668795,0.991273661
2018/6/15 5:15,0,1.975666245,1.303628365
2018/6/15 5:30,0,1.537432154,0.995931904
2018/6/15 5:45,0,1.849441687,1.193667372
2018/6/15 6:00,0,1.913102746,1.162143429
2018/6/15 6:15,0,1.989516695,1.277341366
2018/6/15 6:30,0,1.703899026,1.081073284
2018/6/15 6:45,0,1.828790188,1.192883571
2018/6/15 7:00,0,2.156258663,1.464502374
2018/6/15 7:15,0.002811111,6.155890624,5.273636659
2018/6/15 7:30,0.046022216,22.84410032,9.95277818
2018/6/15 7:45,0.396555548,77.09027735,13.12936083
2018/6/15 8:00,1.103244464,130.445783,18.29388428
2018/6/15 8:15,1.507388989,191.6847585,22.9412028
2018/6/15 8:30,1.886877775,255.5756785,27.24921608
2018/6/15 8:45,2.24420015,322.3614095,32.24753952
2018/6/15 9:00,2.570411046,384.3705648,38.81738408
2018/6/15 9:15,2.877977689,435.5531515,44.17114131
2018/6/15 9:30,3.158288797,481.3573812,45.15497716
2018/6/15 9:45,3.401166757,524.4957581,46.84279633
2018/6/15 10:00,3.60256664,565.944519,45.66954167
2018/6/15 10:15,3.791166385,607.7486776,47.91003291
2018/6/15 10:30,3.953200261,644.6922811,47.16816203
2018/6/15 10:45,4.139544487,678.2939657,47.93026733
2018/6/15 11:00,4.272622267,704.4761556,50.50509389
2018/6/15 11:15,4.409711202,725.5157064,53.88194784
2018/6/15 11:30,4.484944821,749.4006144,64.04126104
2018/6/15 11:45,4.54438893,766.6925252,69.67142487
2018/6/15 12:00,4.565566857,770.7181396,63.98183695
2018/6/15 12:15,4.576588631,776.5444132,62.13374329
2018/6/15 12:30,4.603699684,775.826294,61.05267588
2018/6/15 12:45,4.573488712,765.5451457,61.44312159
2018/6/15 13:00,4.561900298,758.7045288,64.34401194
2018/6/15 13:15,4.544577917,752.0122681,72.45975494
2018/6/15 13:30,4.461644014,733.7008057,62.04828262
2018/6/15 13:45,4.387488683,706.9319458,54.68634924
2018/6/15 14:00,4.269688924,682.1126506,56.596536
2018/6/15 14:15,4.1465559,651.4441935,55.94099045
2018/6/15 14:30,4.028300126,616.1993205,56.00094096
2018/6/15 14:45,3.847922166,569.6022542,53.79606374
2018/6/15 15:00,3.64298892,547.6154785,54.53649266
2018/6/15 15:15,3.439533472,514.1071879,52.97762299
2018/6/15 15:30,3.218566577,470.7194418,49.4132398
2018/6/15 15:45,2.943488995,425.5122986,47.44347
2018/6/15 16:00,2.652244409,372.1099853,43.71057383
2018/6/15 16:15,2.344188929,314.9686178,38.30860774
2018/6/15 16:30,2.012566646,257.8423513,37.03330994
2018/6/15 16:45,1.655744433,198.0501099,34.81078847
2018/6/15 17:00,1.267444372,112.2249476,32.88359833
2018/6/15 17:15,0.767777781,31.29505539,27.74315643
2018/6/15 17:30,0.273000027,20.47426478,18.93153127
2018/6/15 17:45,0.022322219,12.58638,12.02759743
2018/6/15 18:00,6.67E-05,6.198709647,5.69515721
2018/6/15 18:15,0,3.949519555,3.308035373
2018/6/15 18:30,0,4.017460505,3.392472506
2018/6/15 18:45,0,3.953893264,3.302464803
2018/6/15 19:00,0,4.051944971,3.365636031
2018/6/15 19:15,0,3.233256499,2.711605867
2018/6/15 19:30,0,2.157749017,1.622416576
2018/6/15 19:45,0,2.536838293,1.960983872
2018/6/15 20:00,0,2.718841791,2.107339978
2018/6/15 20:15,0,1.557179213,1.005255043
2018/6/15 20:30,0,1.646390955,1.107303898
2018/6/15 20:45,0,1.8733898,1.31630226
2018/6/15 21:00,0,2.270732323,1.660092036
2018/6/15 21:15,0,1.889501691,1.308925947
2018/6/15 21:30,0,2.257713238,1.63819023
2018/6/15 21:45,0,2.580619494,1.906384309
2018/6/15 22:00,0,2.115777254,1.44713676
2018/6/15 22:15,0,2.08391726,1.47209839
2018/6/15 22:30,0,2.207950036,1.578582247
2018/6/15 22:45,0,2.10941728,1.436518232
2018/6/15 23:00,0,2.035908421,1.392839909
2018/6/15 23:15,0,2.094742815,1.419765552
2018/6/15 23:30,0,1.770318468,1.152746916
2018/6/15 23:45,0,1.909738461,1.265310168
2018/6/16 0:00,0,2.23718063,1.57882909
2018/6/16 0:15,0,2.152568142,1.466789166
2018/6/16 0:30,0,1.773184458,1.113628507
2018/6/16 0:45,0,1.843232155,1.177283525
2018/6/16 1:00,0,1.987159172,1.345188498
2018/6/16 1:15,0,2.30665199,1.56976064
2018/6/16 1:30,0,2.170365254,1.42070659
2018/6/16 1:45,0,1.84729743,1.171083788
2018/6/16 2:00,0,1.809604406,1.127310614
2018/6/16 2:15,0,1.947017232,1.232966502
2018/6/16 2:30,0,1.877003074,1.150741696
2018/6/16 2:45,0,1.825499614,1.176075419
2018/6/16 3:00,0,1.88187933,1.186582089
2018/6/16 3:15,0,2.119087418,1.401301066
2018/6/16 3:30,0,2.058759014,1.336515228
2018/6/16 3:45,0,1.752318502,1.085130254
2018/6/16 4:00,0,1.580376228,0.964018881
2018/6/16 4:15,0,1.609470804,0.959910969
2018/6/16 4:30,0,1.665260832,1.023148
2018/6/16 4:45,0,1.919940472,1.240252257
2018/6/16 5:00,0,1.720986684,1.059319238
2018/6/16 5:15,0,1.92718943,1.16816771
2018/6/16 5:30,0,1.617153446,1.000029643
2018/6/16 5:45,0,1.474112987,0.864824792
2018/6/16 6:00,0,1.598603606,0.950980047
2018/6/16 6:15,0,2.12343351,1.397145073
2018/6/16 6:30,0,1.863209844,1.135132909
2018/6/16 6:45,0,1.870606422,1.162344416
2018/6/16 7:00,0,2.391184728,1.556454658
2018/6/16 7:15,0.001455555,5.877211889,4.890914758
2018/6/16 7:30,0.0494111,22.14813201,10.3078394
2018/6/16 7:45,0.443644419,74.60872778,13.04323768
2018/6/16 8:00,1.076155524,127.1739883,18.70208232
2018/6/16 8:15,1.480855584,187.0908559,23.69028473
2018/6/16 8:30,1.847922166,249.8435517,28.38219134
2018/6/16 8:45,2.189166705,314.7840169,34.66680972
2018/6/16 9:00,2.501533429,374.940094,41.07215373
2018/6/16 9:15,2.787655592,425.7731018,45.74747213
2018/6/16 9:30,3.054622094,470.7062175,48.05849965
2018/6/16 9:45,3.314922094,512.7824911,50.23868688
2018/6/16 10:00,3.541177511,554.5030924,49.2367452
2018/6/16 10:15,3.757666906,595.132487,50.70742416
2018/6/16 10:30,3.989789089,633.1575724,52.17541631
2018/6/16 10:45,4.141411463,664.4904989,51.80493418
2018/6/16 11:00,4.272255421,688.6103109,52.2307078
2018/6/16 11:15,4.396755536,709.9983114,56.94526037
2018/6/16 11:30,4.482966582,732.7630819,67.65007909
2018/6/16 11:45,4.553988775,751.9817098,72.63852437
2018/6/16 12:00,4.634377956,759.2552694,67.14497376
2018/6/16 12:15,4.654856205,767.430542,66.16868591
2018/6/16 12:30,4.664544106,762.3662313,60.81731415
2018/6/16 12:45,4.658477624,756.2641195,62.04365794
2018/6/16 13:00,4.63505586,746.1197103,63.23801931
2018/6/16 13:15,4.542644819,741.5559693,73.41896057
2018/6/16 13:30,4.459666729,721.1647339,65.69925435
2018/6/16 13:45,4.390999476,694.3930257,56.92839813
2018/6/16 14:00,4.286722342,668.0444132,57.76433182
2018/6/16 14:15,4.16734457,635.3598836,54.22859828
2018/6/16 14:30,4.032455762,604.9978841,59.48989741
2018/6/16 14:45,3.838610967,556.8181966,55.57952754
2018/6/16 15:00,3.659800132,535.5199788,55.49524562
2018/6/16 15:15,3.425166687,504.2907511,53.69075521
2018/6/16 15:30,3.199733337,457.5161845,50.20774333
2018/6/16 15:45,2.930422306,411.686442,46.80864589
2018/6/16 16:00,2.629777749,359.4012451,44.36982346
2018/6/16 16:15,2.311755578,304.6838277,41.11770375
2018/6/16 16:30,1.980822166,248.7369131,38.05089315
2018/6/16 16:45,1.621788859,190.7894541,35.79556274
2018/6/16 17:00,1.230200012,109.8882904,33.72520828
2018/6/16 17:15,0.747011115,30.27818299,27.63684654
2018/6/16 17:30,0.266511103,20.33561516,18.81718254
2018/6/16 17:45,0.026722218,12.09184138,11.63169384
2018/6/16 18:00,-0.000511111,5.779120286,5.215917746
2018/6/16 18:15,0,3.65468804,3.095953782
2018/6/16 18:30,0,3.264995496,2.798275391
2018/6/16 18:45,0,2.520601193,2.000438968
2018/6/16 19:00,0,2.414579233,1.890172164
2018/6/16 19:15,0,2.071810723,1.550011198
2018/6/16 19:30,0,2.385735353,1.908582012
2018/6/16 19:45,0,3.223945618,2.680869579
2018/6/16 20:00,0,3.307749589,2.624195973
2018/6/16 20:15,0,2.442208608,1.853793184
2018/6/16 20:30,0,2.974456151,2.343673825
2018/6/16 20:45,0,2.834052881,2.271022479
2018/6/16 21:00,0,2.09043018,1.543946346
2018/6/16 21:15,0,1.480456273,1.01575009
2018/6/16 21:30,0,2.008165757,1.415702541
2018/6/16 21:45,0,2.151006778,1.535995483
2018/6/16 22:00,0,1.812510768,1.280409654
2018/6/16 22:15,0,1.575299104,1.039175053
2018/6/16 22:30,0,2.416433016,1.880003889
2018/6/16 22:45,0,2.002294222,1.462690393
2018/6/16 23:00,0,1.15809983,0.708152026
2018/6/16 23:15,0,1.297226747,0.81376483
2018/6/16 23:30,0,1.647946119,1.095978617
2018/6/16 23:45,0,1.790002704,1.211390455
2018/6/17 0:00,0,1.881783009,1.261236946
2018/6/17 0:15,0,2.291705688,1.621103486
2018/6/17 0:30,0,2.319835425,1.637563189
2018/6/17 0:45,0,1.808854302,1.232970277
2018/6/17 1:00,0,2.14877526,1.511125485
2018/6/17 1:15,0,2.266447465,1.574259678
2018/6/17 1:30,0,2.402679523,1.722234885
2018/6/17 1:45,0,2.015353958,1.374483387
2018/6/17 2:00,0,1.976013581,1.361837347
2018/6/17 2:15,0,1.717051029,1.147296548
2018/6/17 2:30,0,2.435751041,1.750725389
2018/6/17 2:45,0,2.134545406,1.483934482
2018/6/17 3:00,0,2.109270732,1.443574906
2018/6/17 3:15,0,1.676348011,1.062879542
2018/6/17 3:30,0,1.572105805,0.983660241
2018/6/17 3:45,0,2.13193957,1.419096112
2018/6/17 4:00,0,1.64598163,1.052902242
2018/6/17 4:15,0,1.312999229,0.836475581
2018/6/17 4:30,0,1.59153988,0.958433995
2018/6/17 4:45,0,2.012660543,1.361570041
2018/6/17 5:00,0,1.638404568,1.035728773
2018/6/17 5:15,0,1.75597167,1.095460773
2018/6/17 5:30,0,1.642843207,1.038353582
2018/6/17 5:45,0,1.72388955,1.091658791
2018/6/17 6:00,0,1.64045473,0.993558268
2018/6/17 6:15,0,1.686118007,1.015332162
2018/6/17 6:30,0,1.970163107,1.327331622
2018/6/17 6:45,0,1.214506785,0.725487192
2018/6/17 7:00,0,2.005194545,1.285379569
2018/6/17 7:15,0.002266667,5.749798298,4.914595763
2018/6/17 7:30,0.054988883,20.46724065,14.02403069
2018/6/17 7:45,0.406333347,69.25234985,28.77842903
2018/6/17 8:00,1.040044427,119.7115453,35.75480398
2018/6/17 8:15,1.476577798,185.4854177,36.8571434
2018/6/17 8:30,1.857144435,231.677592,37.75226084
2018/6/17 8:45,2.207744439,337.1615397,37.52272797
2018/6/17 9:00,2.521066666,364.054128,43.28686905
2018/6/17 9:15,2.824077845,427.2438151,50.17161814
2018/6/17 9:30,3.115611156,471.4184367,51.73915863
2018/6/17 9:45,3.379677852,516.0028076,55.46732966
2018/6/17 10:00,3.638055404,557.7840373,55.40507889
2018/6/17 10:15,3.85632213,594.2168783,56.05880102
2018/6/17 10:30,4.025066693,631.0140788,54.74256643
2018/6/17 10:45,4.197766622,665.803772,56.55998865
2018/6/17 11:00,4.356655916,691.0821533,55.39476522
2018/6/17 11:15,4.484344482,714.78184,60.03007253
2018/6/17 11:30,4.567233404,738.6356201,70.27047984
2018/6/17 11:45,4.636666616,757.0547078,75.11448415
2018/6/17 12:00,4.696677685,766.6279704,73.10001882
2018/6/17 12:15,4.719266892,770.5432943,69.09399414
2018/6/17 12:30,4.730778217,767.8141073,65.45141602
2018/6/17 12:45,4.700344086,759.7530314,65.26989492
2018/6/17 13:00,4.699377537,752.3686523,67.2075882
2018/6/17 13:15,4.646944046,749.3751017,77.65369161
2018/6/17 13:30,4.582766533,729.5464478,66.07985687
2018/6/17 13:45,4.480999788,703.1501058,58.52497864
2018/6/17 14:00,4.40077734,677.8220215,58.09026464
2018/6/17 14:15,4.276155313,648.0831095,57.5428772
2018/6/17 14:30,4.089555422,608.1498006,56.19297663
2018/6/17 14:45,3.936078071,566.3042603,55.7290713
2018/6/17 15:00,3.727644444,542.1541951,54.40981928
2018/6/17 15:15,3.523933172,514.6871948,55.54381689
2018/6/17 15:30,3.276777744,467.146993,50.56806055
2018/6/17 15:45,3.001277844,419.4462179,45.67715327
2018/6/17 16:00,2.698444287,367.0363058,43.03211975
2018/6/17 16:15,2.391233365,314.745341,40.93423716
2018/6/17 16:30,2.043644428,256.280131,37.43475088
2018/6/17 16:45,1.67497774,196.0572256,34.26185354
2018/6/17 17:00,1.285533349,112.1678988,33.04896673
2018/6/17 17:15,0.786377738,29.48512522,26.550354
2018/6/17 17:30,0.285166656,19.73454666,17.95918973
2018/6/17 17:45,0.025066664,11.50205072,10.94361973
2018/6/17 18:00,6.67E-05,5.818349521,5.180417538
2018/6/17 18:15,0,3.173694769,2.652046998
2018/6/17 18:30,0,2.16675504,1.656786084
2018/6/17 18:45,0,2.424986204,1.908788403
2018/6/17 19:00,0,2.667339961,2.120869319
2018/6/17 19:15,0,2.495614688,1.918471177
2018/6/17 19:30,0,2.216743588,1.671846827
2018/6/17 19:45,0,1.3409067,0.87230287
2018/6/17 20:00,0,2.189269145,1.596149961
2018/6/17 20:15,0,2.413095951,1.835922361
2018/6/17 20:30,0,2.499348879,1.890138547
2018/6/17 20:45,0,2.971847693,2.330810706
2018/6/17 21:00,0,3.17819198,2.548190911
2018/6/17 21:15,0,2.985032638,2.311242898
2018/6/17 21:30,0,3.310274363,2.654636939
2018/6/17 21:45,0,2.64246726,2.000101964
2018/6/17 22:00,0,2.404893955,1.738884449
2018/6/17 22:15,0,2.40422527,1.690514326
2018/6/17 22:30,0,2.316854119,1.643292824
2018/6/17 22:45,0,2.426557859,1.634694099
2018/6/17 23:00,0,2.053731243,1.387197017
2018/6/17 23:15,0,2.063753366,1.409042994
2018/6/17 23:30,0,1.42735982,0.862201333
2018/6/17 23:45,0,1.675726731,1.020854592
2018/6/18 0:00,0,1.784446836,1.162103077
2018/6/18 0:15,0,2.726180156,2.087640842
2018/6/18 0:30,0,2.190659205,1.53734529
2018/6/18 0:45,0,2.455061913,1.648305376
2018/6/18 1:00,0,2.218859196,1.503174146
2018/6/18 1:15,0,1.869600177,1.201243441
2018/6/18 1:30,0,1.370942871,0.775877198
2018/6/18 1:45,0,1.98874716,1.30917569
2018/6/18 2:00,0,1.998046279,1.326588233
2018/6/18 2:15,0,2.128050605,1.395884474
2018/6/18 2:30,0,2.11828653,1.408633669
2018/6/18 2:45,0,1.931498607,1.227145195
2018/6/18 3:00,0,2.074539503,1.307815114
2018/6/18 3:15,0,1.844847282,1.143036961
2018/6/18 3:30,0,1.83938539,1.132653316
2018/6/18 3:45,0,2.012428165,1.29481264
2018/6/18 4:00,0,1.945059975,1.198982716
2018/6/18 4:15,0,1.887428443,1.189892968
2018/6/18 4:30,0,1.94703722,1.225848158
2018/6/18 4:45,0,1.861192226,1.180703481
2018/6/18 5:00,0,2.002163728,1.244769514
2018/6/18 5:15,0,1.986036897,1.203365882
2018/6/18 5:30,0,1.963386695,1.25404795
2018/6/18 5:45,0,1.741666794,0.983038068
2018/6/18 6:00,0,2.065803886,1.306982696
2018/6/18 6:15,0,2.18548727,1.392058293
2018/6/18 6:30,0,2.088992874,1.282488108
2018/6/18 6:45,0,1.596491416,0.974804779
2018/6/18 7:00,0,2.354937951,1.566579084
2018/6/18 7:15,0.001977778,4.519523939,3.638601541
2018/6/18 7:30,0.047188883,19.95330143,13.2796038
2018/6/18 7:45,0.490833312,75.27919897,35.10023753
2018/6/18 8:00,1.159544448,132.3378855,40.69063059
2018/6/18 8:15,1.56108888,178.5741933,35.25001144
2018/6/18 8:30,1.963155627,268.4333903,35.54431407
2018/6/18 8:45,2.322588921,560.8221639,35.28657023
2018/6/18 9:00,2.660377582,457.806193,39.45866775
2018/6/18 9:15,2.970766544,443.5581868,44.95151647
2018/6/18 9:30,3.265066465,487.29658,47.33302434
2018/6/18 9:45,3.526411056,532.9248454,48.50398127
2018/6/18 10:00,3.777166685,573.9597982,49.0281779
2018/6/18 10:15,3.996111155,614.6925049,49.86898931
2018/6/18 10:30,4.183577697,651.0142619,48.895106
2018/6/18 10:45,4.343422095,683.4925537,49.30537542
2018/6/18 11:00,4.470655441,708.1897176,49.30895487
2018/6/18 11:15,4.591221968,732.3886515,52.06905238
2018/6/18 11:30,4.649622281,756.9509888,62.28094101
2018/6/18 11:45,4.729977767,772.4901937,67.31780497
2018/6/18 12:00,,786.1586507,66.44750722
2018/6/18 12:15,,788.3283081,60.15300115
2018/6/18 12:30,,787.9903971,59.77151998
2018/6/18 12:45,4.781599998,777.3798014,57.95376587
2018/6/18 13:00,4.764821688,772.8586222,62.9428711
2018/6/18 13:15,4.694544633,764.5039266,72.25177765
2018/6/18 13:30,4.625677745,746.7872925,61.89618683
2018/6/18 13:45,4.548766613,723.0696208,56.46891657
2018/6/18 14:00,4.429422219,695.7513428,53.87125778
2018/6/18 14:15,4.30373319,668.5303344,55.01546478
2018/6/18 14:30,4.178133488,630.4807739,54.54261399
2018/6/18 14:45,4.008011023,584.1300659,51.84552002
2018/6/18 15:00,3.816144625,563.3759766,53.96384048
2018/6/18 15:15,3.606044451,534.9494832,52.80089442
2018/6/18 15:30,3.359044393,482.966329,46.79525376
2018/6/18 15:45,3.091133277,438.3400981,45.21934255
2018/6/18 16:00,2.801611185,384.6295878,41.85743586
2018/6/18 16:15,2.482899904,329.7428691,39.58495204
2018/6/18 16:30,2.136888901,269.4101308,35.19447962
2018/6/18 16:45,1.766233325,207.5548604,33.29904683
2018/6/18 17:00,1.374611139,115.2842853,32.22461319
2018/6/18 17:15,0.855144421,27.29882876,25.17789841
2018/6/18 17:30,0.311800003,19.45910136,17.00199699
2018/6/18 17:45,0.025555551,11.5186793,10.98202547
2018/6/18 18:00,4.44E-05,6.611567656,6.018175761
2018/6/18 18:15,0,3.804787397,3.142708778
2018/6/18 18:30,0,3.375828505,2.745413542
2018/6/18 18:45,0,3.182084878,2.595605135
2018/6/18 19:00,0,4.312554995,3.513370673
2018/6/18 19:15,0,4.723285039,3.959892035
2018/6/18 19:30,0,2.909125805,2.194717129
2018/6/18 19:45,0,3.925247351,3.103743633
2018/6/18 20:00,0,2.430620512,1.829601486
2018/6/18 20:15,0,2.830544313,2.163943172
2018/6/18 20:30,0,1.236429751,0.767679959
2018/6/18 20:45,0,2.400911331,1.762763103
2018/6/18 21:00,0,1.862574935,1.218191703
2018/6/18 21:15,0,2.253911177,1.567875028
2018/6/18 21:30,0,2.380000989,1.659810464
2018/6/18 21:45,0,2.567797105,1.904728929
2018/6/18 22:00,0,2.260766904,1.527903596
2018/6/18 22:15,0,1.783341606,1.111518125
2018/6/18 22:30,0,2.119698842,1.360968709
2018/6/18 22:45,0,1.516202966,0.943294217
2018/6/18 23:00,0,2.689630191,1.98205169
2018/6/18 23:15,0,2.22097079,1.510103027
2018/6/18 23:30,0,1.905867378,1.189769427
2018/6/18 23:45,0,1.890575727,1.189097464
2018/6/19 0:00,0,2.386960586,1.571012219
2018/6/19 0:15,0,1.937768101,1.175022244
2018/6/19 0:30,0,2.179396391,1.362186988
2018/6/19 0:45,0,2.187108596,1.401399851
2018/6/19 1:00,0,2.254785458,1.409472783
2018/6/19 1:15,0,2.102773587,1.307783087
2018/6/19 1:30,0,2.103849888,1.245138844
2018/6/19 1:45,0,2.485176245,1.653752446
2018/6/19 2:00,0,2.308047135,1.520905336
2018/6/19 2:15,0,1.955460389,1.231260419
2018/6/19 2:30,0,1.950738112,1.203376412
2018/6/19 2:45,0,1.947948496,1.207529307
2018/6/19 3:00,0,2.185245156,1.430798252
2018/6/19 3:15,0,1.805918932,1.051155945
2018/6/19 3:30,0,1.835426847,1.123096744
2018/6/19 3:45,0,1.738878171,1.016411623
2018/6/19 4:00,0,2.215630214,1.449744543
2018/6/19 4:15,0,2.175542434,1.346108357
2018/6/19 4:30,0,2.039937894,1.207023025
2018/6/19 4:45,0,2.144564787,1.306452672
2018/6/19 5:00,0,1.774553458,1.027665953
2018/6/19 5:15,0,1.729913751,1.014860591
2018/6/19 5:30,0,1.481407742,0.813985636
2018/6/19 5:45,0,1.374370932,0.798140496
2018/6/19 6:00,0,1.867505511,1.061031302
2018/6/19 6:15,0,2.123540084,1.272488475
2018/6/19 6:30,0,1.39731584,0.770806591
2018/6/19 6:45,0,1.84564062,1.122929514
2018/6/19 7:00,0,1.041538497,0.548455497
2018/6/19 7:15,0.002577777,5.690246026,4.775715351
2018/6/19 7:30,0.066188882,24.87707933,13.91187096
2018/6/19 7:45,0.463477791,80.93679301,13.11685626
2018/6/19 8:00,1.113588889,133.0710144,17.8251187
2018/6/19 8:15,1.547711094,191.4962718,22.21127129
2018/6/19 8:30,1.935944398,259.6701864,27.84530576
2018/6/19 8:45,2.292911053,330.7553914,33.400376
2018/6/19 9:00,2.62187775,390.466451,38.10658391
2018/6/19 9:15,2.948400021,447.3512065,44.0434316
2018/6/19 9:30,3.205777645,489.4847005,45.37891006
2018/6/19 9:45,3.438689073,533.0080973,45.34768422
2018/6/19 10:00,3.66230003,574.898112,46.54829407
2018/6/19 10:15,3.864988963,615.5698242,46.6144371
2018/6/19 10:30,4.021133264,650.6968384,45.89428075
2018/6/19 10:45,4.207822323,682.7614543,45.93397649
2018/6/19 11:00,4.305322488,706.5876058,47.09684372
2018/6/19 11:15,4.376532873,727.9353028,48.86662547
2018/6/19 11:30,4.433866342,753.6610718,62.05911255
2018/6/19 11:45,4.531421979,769.4216105,67.39103444
2018/6/19 12:00,4.590033372,780.5387777,64.91471354
2018/6/19 12:15,4.632922808,783.1111653,61.61714427
2018/6/19 12:30,4.634544849,781.6301066,57.92269262
2018/6/19 12:45,4.605366866,774.1373291,60.11741257
2018/6/19 13:00,4.605655352,763.0993652,60.14889145
2018/6/19 13:15,4.539344629,758.1682129,71.24268087
2018/6/19 13:30,4.496544361,742.4606934,61.33693314
2018/6/19 13:45,4.366100153,713.3470256,50.47674306
2018/6/19 14:00,4.259900093,690.5347697,54.31153615
2018/6/19 14:15,4.141466777,658.536967,52.44099554
2018/6/19 14:30,4.023733695,619.1471558,50.9154892
2018/6/19 14:45,3.876544396,575.108846,51.47836049
2018/6/19 15:00,3.694733302,553.4256388,52.90970993
2018/6/19 15:15,3.473533313,528.4645793,53.92353439
2018/6/19 15:30,3.261366685,475.6853129,47.54336675
2018/6/19 15:45,3.000077645,422.3252055,44.13114039
2018/6/19 16:00,2.716177781,376.9241943,40.44363403
2018/6/19 16:15,2.399555604,320.224528,36.15459696
2018/6/19 16:30,2.065622091,262.7168071,34.36507161
2018/6/19 16:45,1.702888886,202.3392334,31.01104355
2018/6/19 17:00,1.320799907,118.6936811,30.63226064
2018/6/19 17:15,0.825000008,29.63552793,27.41874377
2018/6/19 17:30,0.299155543,20.19665082,18.17942333
2018/6/19 17:45,0.022000001,11.76308282,11.2540954
2018/6/19 18:00,-0.0008,7.447230339,6.955416203
2018/6/19 18:15,0,5.025793393,4.473569393
2018/6/19 18:30,0,4.132020632,3.5339969
2018/6/19 18:45,0,3.826171319,3.192396323
2018/6/19 19:00,0,3.852934042,3.133755446
2018/6/19 19:15,0,3.209650358,2.616988103
2018/6/19 19:30,0,2.679152966,2.13028264
2018/6/19 19:45,0,2.371960004,1.766275287
2018/6/19 20:00,0,1.822904388,1.329419295
2018/6/19 20:15,0,2.229864041,1.680309971
2018/6/19 20:30,0,1.568383773,1.080976089
2018/6/19 20:45,0,2.07351621,1.510532578
2018/6/19 21:00,0,2.578666687,1.992419124
2018/6/19 21:15,0,1.916618148,1.329307993
2018/6/19 21:30,0,2.66184775,1.975611687
2018/6/19 21:45,0,1.97423172,1.379851579
2018/6/19 22:00,0,1.938988407,1.356892347
2018/6/19 22:15,0,2.625844558,1.940086166
2018/6/19 22:30,0,1.423030853,0.976231724
2018/6/19 22:45,0,0.481129001,0.383981168
2018/6/19 23:00,0,1.529280504,0.969639083
2018/6/19 23:15,0,2.124901493,1.487980008
2018/6/19 23:30,0,2.104713003,1.376119852
2018/6/19 23:45,0,1.852609714,1.237653534
2018/6/20 0:00,0,2.555996021,1.935697953
2018/6/20 0:15,0,2.484020432,1.87274309
2018/6/20 0:30,0,2.388870319,1.69251585
2018/6/20 0:45,0,1.722496112,1.044391413
2018/6/20 1:00,0,2.238865574,1.511481881
2018/6/20 1:15,0,1.500487208,0.940532485
2018/6/20 1:30,0,1.887627164,1.20564266
2018/6/20 1:45,0,1.802999854,1.181988001
2018/6/20 2:00,0,2.37872227,1.687794566
2018/6/20 2:15,0,1.621530016,1.018430034
2018/6/20 2:30,0,1.70048054,1.080828845
2018/6/20 2:45,0,1.294104338,0.736833354
2018/6/20 3:00,0,1.50510331,0.872205834
2018/6/20 3:15,0,1.729740699,1.086233815
2018/6/20 3:30,0,1.986476977,1.311932007
2018/6/20 3:45,0,1.849282026,1.162969827
2018/6/20 4:00,0,1.706613739,1.082912624
2018/6/20 4:15,0,0.972358545,0.52385806
2018/6/20 4:30,0,0.924882432,0.490897675
2018/6/20 4:45,0,1.322571437,0.762442688
2018/6/20 5:00,0,0.810091754,0.461962849
2018/6/20 5:15,0,2.262579203,1.596114119
2018/6/20 5:30,0,1.543960015,0.912318885
2018/6/20 5:45,0,1.696937919,1.068688194
2018/6/20 6:00,0,1.406360666,0.834388236
2018/6/20 6:15,0,2.163933714,1.474320253
2018/6/20 6:30,0,2.497778495,1.734776417
2018/6/20 6:45,0,2.972911994,2.281906446
2018/6/20 7:00,0,3.610483806,2.852063974
2018/6/20 7:15,0,5.884468556,5.080340862
2018/6/20 7:30,0.035788884,18.08391094,9.17840735
2018/6/20 7:45,0.387555545,69.28790283,12.50562763
2018/6/20 8:00,1.050288876,123.2841365,16.6137867
2018/6/20 8:15,1.483677785,180.5014699,20.54935264
2018/6/20 8:30,1.858944456,245.3040059,24.15257517
2018/6/20 8:45,2.205411116,313.2521769,28.12375387
2018/6/20 9:00,2.529533386,376.9273783,34.64845403
2018/6/20 9:15,2.826488733,429.9216715,39.27137883
2018/6/20 9:30,3.094555378,476.6760762,41.37072372
2018/6/20 9:45,3.346700112,519.0297343,43.07620875
2018/6/20 10:00,3.576044401,562.5383301,45.03693899
2018/6/20 10:15,3.784766595,607.5340983,46.15923691
2018/6/20 10:30,3.939911206,640.8640951,43.93343989
2018/6/20 10:45,4.116233349,675.4234009,44.03479004
2018/6/20 11:00,4.245188713,702.9538778,45.12336477
2018/6/20 11:15,4.36517779,723.0135091,46.66032028
2018/6/20 11:30,4.48984464,750.3200277,58.9905777
2018/6/20 11:45,4.570267041,765.7795817,62.23926035
2018/6/20 12:00,4.64722236,777.9479777,62.92221069
2018/6/20 12:15,4.718811194,782.821696,59.60632324
2018/6/20 12:30,4.704844634,778.9789022,55.07006709
2018/6/20 12:45,4.702177684,769.6582235,55.21593857
2018/6/20 13:00,4.712866783,764.4697062,59.22424825
2018/6/20 13:15,4.671755632,758.1723429,70.55129496
2018/6/20 13:30,4.603244305,736.7317505,61.02045949
2018/6/20 13:45,4.490977287,707.6663615,54.33402888
2018/6/20 14:00,4.414566994,687.8526204,53.16308848
2018/6/20 14:15,4.287222385,655.6052043,51.62233353
2018/6/20 14:30,4.138922215,620.8653564,52.13358943
2018/6/20 14:45,3.956099987,572.766744,50.69378535
2018/6/20 15:00,3.753544331,549.5698039,52.5266304
2018/6/20 15:15,3.53378884,515.9295654,49.94429143
2018/6/20 15:30,3.233244419,464.4910278,47.67853292
2018/6/20 15:45,2.948177655,408.269633,50.70065816
2018/6/20 16:00,2.708488862,367.3285319,40.64421209
2018/6/20 16:15,2.389488856,312.5722453,39.13037745
2018/6/20 16:30,2.039155642,255.4078878,37.38227081
2018/6/20 16:45,1.671077808,196.4551188,33.8459638
2018/6/20 17:00,1.310566703,120.3102265,34.26757304
2018/6/20 17:15,0.825211108,31.4779377,29.13781039
2018/6/20 17:30,0.294033348,20.4341952,18.42903868
2018/6/20 17:45,0.030822218,11.57911619,11.09873867
2018/6/20 18:00,-0.000177778,6.064445496,5.536224127
2018/6/20 18:15,0,2.816745758,2.314904451
2018/6/20 18:30,0,2.982215961,2.529904445
2018/6/20 18:45,0,3.340748072,2.814204296
2018/6/20 19:00,0,2.859436274,2.36844039
2018/6/20 19:15,0,3.181591749,2.664426247
2018/6/20 19:30,0,4.57989041,3.867441734
2018/6/20 19:45,0,4.004897674,3.319196542
2018/6/20 20:00,0,3.81829675,3.115079959
2018/6/20 20:15,0,2.410960873,1.822785497
2018/6/20 20:30,0,2.483046849,1.825193882
2018/6/20 20:45,0,2.482578596,1.864033222
2018/6/20 21:00,0,2.107140899,1.441993793
2018/6/20 21:15,0,2.33123525,1.741234978
2018/6/20 21:30,0,2.481030941,1.798619429
2018/6/20 21:45,0,2.238682946,1.604583939
2018/6/20 22:00,0,2.222742001,1.573382616
2018/6/20 22:15,0,2.019034584,1.346859654
2018/6/20 22:30,0,1.565091531,1.018081884
2018/6/20 22:45,0,1.914956013,1.255247474
2018/6/20 23:00,0,2.100390752,1.4683429
2018/6/20 23:15,0,2.034343203,1.383580327
2018/6/20 23:30,0,1.876031001,1.275507092
2018/6/20 23:45,0,1.929869175,1.293467522
2018/6/21 0:00,0,1.799232284,1.176838438
2018/6/21 0:15,0,2.596552293,1.902847528
2018/6/21 0:30,0,1.869247397,1.211874882
2018/6/21 0:45,0,1.475416045,0.940431108
2018/6/21 1:00,0,2.338652293,1.635796945
2018/6/21 1:15,0,2.476273855,1.758666277
2018/6/21 1:30,0,2.500146786,1.736281713
2018/6/21 1:45,0,2.18984735,1.442296584
2018/6/21 2:00,0,1.942893942,1.233141462
2018/6/21 2:15,0,1.745110234,1.06029129
2018/6/21 2:30,0,1.615383705,0.960005383
2018/6/21 2:45,0,1.594921191,0.951874256
2018/6/21 3:00,0,1.913858851,1.174018284
2018/6/21 3:15,0,1.773636699,1.139808953
2018/6/21 3:30,0,1.91779081,1.234791517
2018/6/21 3:45,0,1.822855909,1.100256284
2018/6/21 4:00,0,1.551921646,0.914577464
2018/6/21 4:15,0,1.529185852,0.888185978
2018/6/21 4:30,0,1.946267525,1.235349655
2018/6/21 4:45,0,1.97367692,1.294159055
2018/6/21 5:00,0,1.123664737,0.646953444
2018/6/21 5:15,0,1.908090075,1.211045106
2018/6/21 5:30,0,1.874463042,1.205757737
2018/6/21 5:45,0,1.86953787,1.204915981
2018/6/21 6:00,0,2.039556623,1.294090907
2018/6/21 6:15,0,1.519207597,0.984070241
2018/6/21 6:30,0,2.005163987,1.277268867
2018/6/21 6:45,0,2.00785017,1.278930545
2018/6/21 7:00,0,2.385718187,1.681468328
2018/6/21 7:15,0.000433333,5.132543961,4.256674846
2018/6/21 7:30,0.035422218,17.67697048,9.550834655
2018/6/21 7:45,0.389933328,71.55246607,11.96925799
2018/6/21 8:00,1.050700069,123.7568919,16.75715414
2018/6/21 8:15,1.49029998,183.1105855,21.40670649
2018/6/21 8:30,1.867122213,248.2676544,25.30315081
2018/6/21 8:45,2.214577993,315.3073323,31.14891052
2018/6/21 9:00,2.546033303,376.9436849,37.04697291
2018/6/21 9:15,2.844322205,429.6766968,42.71019872
2018/6/21 9:30,3.133266528,475.9766744,45.15282567
2018/6/21 9:45,3.38401103,516.6735636,45.48029073
2018/6/21 10:00,3.606955607,559.1056722,46.13441467
2018/6/21 10:15,3.800211191,598.682902,44.75870514
2018/6/21 10:30,3.996733586,638.415507,46.94729106
2018/6/21 10:45,4.171188831,671.9249675,48.56157938
2018/6/21 11:00,4.337044239,695.3725586,47.6676356
2018/6/21 11:15,4.449744543,712.7985636,50.52844238
2018/6/21 11:30,4.535388947,735.3521118,57.99586996
2018/6/21 11:45,4.639422416,754.4519857,65.20619202
2018/6/21 12:00,4.678588708,764.7825724,63.15651321
2018/6/21 12:15,4.700633049,766.4495239,57.53264364
2018/6/21 12:30,4.721133709,766.2988078,55.51028061
2018/6/21 12:45,4.698822022,756.1028239,57.38007863
2018/6/21 13:00,4.705155532,744.670756,58.80543645
2018/6/21 13:15,4.651322047,742.6022746,72.30521901
2018/6/21 13:30,4.5676109,720.5536296,59.8556366
2018/6/21 13:45,4.474110921,698.1450195,53.77346039
2018/6/21 14:00,4.362044652,674.5338745,54.02096939
2018/6/21 14:15,4.236055533,645.0503133,53.49094518
2018/6/21 14:30,4.095155398,607.3832601,51.13834381
2018/6/21 14:45,3.923933188,564.0562744,50.78145345
2018/6/21 15:00,3.733844519,540.3963013,51.75956472
2018/6/21 15:15,3.508077542,511.2513631,51.36974716
2018/6/21 15:30,3.284600178,467.4851583,46.88588333
2018/6/21 15:45,2.999977827,420.3816427,42.74155935
2018/6/21 16:00,2.709266504,369.4644674,40.48656718
2018/6/21 16:15,2.39635555,314.3283793,37.15568924
2018/6/21 16:30,2.060711145,257.8388418,35.36524709
2018/6/21 16:45,1.696966728,199.6100667,32.53736878
2018/6/21 17:00,1.312899987,119.4073029,30.40004031
2018/6/21 17:15,0.826666653,28.9345595,27.01257833
2018/6/21 17:30,0.291711132,20.12315814,17.98558712
2018/6/21 17:45,0.031788886,11.89425977,11.44820531
2018/6/21 18:00,4.44E-05,6.254242103,5.709605853
2018/6/21 18:15,0,4.228973071,3.648384253
2018/6/21 18:30,0,3.340797822,2.815998395
2018/6/21 18:45,0,3.120592515,2.591868242
2018/6/21 19:00,0,3.144695282,2.633697192
2018/6/21 19:15,0,3.29300038,2.727065484
2018/6/21 19:30,0,2.145768642,1.615540107
2018/6/21 19:45,0,2.134184917,1.582587838
2018/6/21 20:00,0,3.534858942,2.881967386
2018/6/21 20:15,0,3.29941837,2.697344303
2018/6/21 20:30,0,3.090252956,2.422422648
2018/6/21 20:45,0,2.715433836,2.114235004
2018/6/21 21:00,0,2.50498112,1.895793955
2018/6/21 21:15,0,1.897649169,1.285027941
2018/6/21 21:30,0,1.707159161,1.142435948
2018/6/21 21:45,0,1.21149985,0.749578516
2018/6/21 22:00,0,2.129074653,1.528952678
2018/6/21 22:15,0,2.213753859,1.511949658
2018/6/21 22:30,0,2.208719015,1.545488238
2018/6/21 22:45,0,2.458855629,1.734806697
2018/6/21 23:00,0,2.049783587,1.390887896
2018/6/21 23:15,0,2.252110362,1.57114021
2018/6/21 23:30,0,2.119321863,1.476379514
2018/6/21 23:45,0,1.552828749,0.943161507
2018/6/22 0:00,0,2.167770068,1.456508358
2018/6/22 0:15,0,1.909527779,1.21002092
2018/6/22 0:30,0,2.139635563,1.425810456
2018/6/22 0:45,0,2.188218037,1.481496731
2018/6/22 1:00,0,2.158910155,1.469410777
2018/6/22 1:15,0,2.272209962,1.582496405
2018/6/22 1:30,0,2.030418356,1.349679788
2018/6/22 1:45,0,1.909763495,1.234377801
2018/6/22 2:00,0,1.657489975,1.026008546
2018/6/22 2:15,0,1.938155969,1.222848694
2018/6/22 2:30,0,1.433163682,0.857153654
2018/6/22 2:45,0,1.881437977,1.198275169
2018/6/22 3:00,0,1.718496283,1.109520793
2018/6/22 3:15,0,1.947262685,1.292603453
2018/6/22 3:30,0,2.093181729,1.398208856
2018/6/22 3:45,0,1.822508971,1.150121709
2018/6/22 4:00,0,2.239868085,1.52802968
2018/6/22 4:15,0,1.98633496,1.292630672
2018/6/22 4:30,0,1.755306999,1.076226513
2018/6/22 4:45,0,2.060773969,1.341751973
2018/6/22 5:00,0,1.680563331,1.015714288
2018/6/22 5:15,0,1.845345656,1.135578195
2018/6/22 5:30,0,1.676444292,1.00187246
2018/6/22 5:45,0,1.859075666,1.18543152
2018/6/22 6:00,0,2.289953272,1.521368106
2018/6/22 6:15,0,2.098179062,1.401525219
2018/6/22 6:30,0,2.052611033,1.302890698
2018/6/22 6:45,0,1.778796315,1.093114853
2018/6/22 7:00,0,2.244167566,1.500507553
2018/6/22 7:15,0.000888889,5.055249055,4.233714819
2018/6/22 7:30,0.044022217,15.88079643,10.62883425
2018/6/22 7:45,0.341299996,64.52777735,18.71833102
2018/6/22 8:00,1.078377823,131.1919962,17.50203387
2018/6/22 8:15,1.500455618,181.65684,20.83478927
2018/6/22 8:30,1.886644443,245.0583242,23.72302437
2018/6/22 8:45,2.221266587,312.1452026,28.19594002
2018/6/22 9:00,2.548988898,377.2730103,36.78052394
2018/6/22 9:15,2.857833227,430.3440755,42.8709081
2018/6/22 9:30,3.133400281,473.6290283,42.56972377
2018/6/22 9:45,3.37815539,516.7443339,44.55839539
2018/6/22 10:00,3.633811236,560.24882,45.98439789
2018/6/22 10:15,3.858044386,600.5439046,45.68347677
2018/6/22 10:30,4.06424435,641.5522665,47.8835996
2018/6/22 10:45,4.246977806,672.0164998,46.45303981
2018/6/22 11:00,4.39082257,697.3749186,46.9005038
2018/6/22 11:15,4.496411006,714.4982706,48.22579956
2018/6/22 11:30,4.590522448,739.325297,59.38096237
2018/6/22 11:45,4.668455601,757.5510254,65.13210805
2018/6/22 12:00,4.72214508,768.4734904,63.60617701
2018/6/22 12:15,4.760522048,773.700175,58.81587474
2018/6/22 12:30,4.760188739,773.0823161,54.24504471
2018/6/22 12:45,4.756077449,764.8067627,54.62506358
2018/6/22 13:00,4.716633479,757.8212484,58.80618668
2018/6/22 13:15,4.67383337,751.5759277,68.76767476
2018/6/22 13:30,4.60907793,732.403361,60.02240626
2018/6/22 13:45,4.519611199,710.6792806,52.98422114
2018/6/22 14:00,4.391644478,684.8464355,51.4141248
2018/6/22 14:15,4.273422082,655.2345581,51.88328934
2018/6/22 14:30,4.118999958,619.0005697,50.85146713
2018/6/22 14:45,3.932822466,573.6891276,48.79745992
2018/6/22 15:00,3.771188577,550.1353556,51.22924805
2018/6/22 15:15,3.549477816,521.0379944,51.0583725
2018/6/22 15:30,3.30481116,474.8998515,46.48155339
2018/6/22 15:45,3.031411091,428.9059245,43.83088049
2018/6/22 16:00,2.753911098,375.4038493,40.36048381
2018/6/22 16:15,2.437077761,320.5340983,38.39908473
2018/6/22 16:30,2.093933264,263.0404917,35.8316218
2018/6/22 16:45,1.726566792,203.5785879,32.71938706
2018/6/22 17:00,1.341311176,124.2828115,31.45922025
2018/6/22 17:15,0.854644398,30.24947611,27.81737646
2018/6/22 17:30,0.305688883,20.85190837,18.5049483
2018/6/22 17:45,0.034755553,12.45521704,11.93870068
2018/6/22 18:00,8.89E-05,6.408019543,5.861920039
2018/6/22 18:15,0,3.198774258,2.725938479
2018/6/22 18:30,0,2.966644128,2.420092026
2018/6/22 18:45,0,3.406064749,2.827228149
2018/6/22 19:00,0,3.602211157,2.960229794
2018/6/22 19:15,0,3.022771438,2.522126754
2018/6/22 19:30,0,3.255445798,2.688760996
2018/6/22 19:45,0,3.485768557,2.853570461
2018/6/22 20:00,0,2.921126365,2.277368307
2018/6/22 20:15,0,2.937914054,2.293723901
2018/6/22 20:30,0,2.782142957,2.15318497
2018/6/22 20:45,0,2.303600868,1.655226668
2018/6/22 21:00,0,2.069468021,1.455823501
2018/6/22 21:15,0,2.55687197,1.907396356
2018/6/22 21:30,0,2.144028028,1.49302578
2018/6/22 21:45,0,1.503080487,0.932793438
2018/6/22 22:00,0,1.642186204,1.051083644
2018/6/22 22:15,0,1.946921746,1.315219621
2018/6/22 22:30,0,1.569536408,1.03919814
2018/6/22 22:45,0,2.512250741,1.870384375
2018/6/22 23:00,0,1.863791506,1.254677077
2018/6/22 23:15,0,2.221327702,1.565414866
2018/6/22 23:30,0,1.645854354,1.068560004
2018/6/22 23:45,0,1.793295701,1.177818298
2018/6/23 0:00,0,1.680973609,1.105636418
2018/6/23 0:15,0,1.625933965,1.022512475
2018/6/23 0:30,0,1.664228797,1.051002463
2018/6/23 0:45,0,2.048548738,1.38653322
2018/6/23 1:00,0,2.691646815,1.986902038
2018/6/23 1:15,0,2.128486117,1.452423195
2018/6/23 1:30,0,2.01642855,1.241296808
2018/6/23 1:45,0,2.133031368,1.461167216
2018/6/23 2:00,0,2.173187971,1.407302141
2018/6/23 2:15,0,1.824558616,1.149305065
2018/6/23 2:30,0,1.826585531,1.211442113
2018/6/23 2:45,0,1.500273824,0.921869536
2018/6/23 3:00,0,1.785989841,1.107329925
2018/6/23 3:15,0,2.092879097,1.41747721
2018/6/23 3:30,0,2.444953203,1.637953083
2018/6/23 3:45,0,1.937588215,1.244004885
2018/6/23 4:00,0,1.852036079,1.129003564
2018/6/23 4:15,0,1.522577961,0.926289995
2018/6/23 4:30,0,1.510054787,0.877534191
2018/6/23 4:45,0,2.129744689,1.369481603
2018/6/23 5:00,0,2.13455681,1.359341582
2018/6/23 5:15,0,2.170131405,1.373457074
2018/6/23 5:30,0,1.825689157,1.108492096
2018/6/23 5:45,0,2.1137712,1.367342075
2018/6/23 6:00,0,1.811003248,1.079212487
2018/6/23 6:15,0,1.733786782,1.04294769
2018/6/23 6:30,0,1.922985355,1.186115821
2018/6/23 6:45,0,1.629576524,0.996061862
2018/6/23 7:00,0,2.102730314,1.32325542
2018/6/23 7:15,0.000466667,4.846847057,3.990454833
2018/6/23 7:30,0.037955552,16.98669465,9.101039568
2018/6/23 7:45,0.423333352,71.22350566,11.97724088
2018/6/23 8:00,1.055800021,123.8033778,16.85172875
2018/6/23 8:15,1.498866638,183.8245799,20.57823817
2018/6/23 8:30,1.876366695,247.9537506,24.40468025
2018/6/23 8:45,2.225466808,315.6348572,29.55526352
2018/6/23 9:00,2.546544393,376.4844564,34.22619883
2018/6/23 9:15,2.850955566,431.4548747,41.8223292
2018/6/23 9:30,3.131655375,476.3773092,42.9315389
2018/6/23 9:45,3.423655669,520.7044068,45.58102798
2018/6/23 10:00,3.663866758,561.2970581,43.91854604
2018/6/23 10:15,3.863922199,605.0033366,46.06368892
2018/6/23 10:30,4.056277513,642.5936686,45.32461167
2018/6/23 10:45,4.208000024,676.0525919,46.94465891
2018/6/23 11:00,4.343666395,700.5525106,45.86350632
2018/6/23 11:15,4.501322269,719.7806193,49.01207479
2018/6/23 11:30,4.584200223,743.0393677,57.66189067
2018/6/23 11:45,4.62343359,761.9425659,64.58996582
2018/6/23 12:00,4.706411362,768.5289306,60.2587204
2018/6/23 12:15,4.746633212,774.9145915,59.98399353
2018/6/23 12:30,4.756222089,773.7496338,56.17822266
2018/6/23 12:45,4.718755881,765.1799113,55.82262802
2018/6/23 13:00,4.724711259,755.006368,58.57134628
2018/6/23 13:15,4.662733237,752.6118367,70.00143178
2018/6/23 13:30,4.613344669,732.9520467,60.69712575
2018/6/23 13:45,4.53562212,710.3230591,54.1921285
2018/6/23 14:00,4.059088866,626.881429,68.50444921
2018/6/23 14:15,4.310566584,660.9167074,71.31672414
2018/6/23 14:30,4.155733268,646.1810506,105.2680664
2018/6/23 14:45,3.588589112,524.9211629,84.0250295
2018/6/23 15:00,3.38956666,498.4034627,90.08230337
2018/6/23 15:15,3.319388707,478.4478251,63.39307276
2018/6/23 15:30,3.37298878,479.5635681,53.68392944
2018/6/23 15:45,3.0970668,439.6679789,64.59987768
2018/6/23 16:00,2.469244321,357.0348205,92.141922
2018/6/23 16:15,2.13401107,308.4657084,105.1866633
2018/6/23 16:30,1.024044454,161.022822,86.36532084
2018/6/23 16:45,0.839566688,122.7629242,79.10873159
2018/6/23 17:00,0.596933325,91.59269969,73.36695862
2018/6/23 17:15,0.266900003,57.95523071,55.52609507
2018/6/23 17:30,0.146022223,37.6733818,35.96015803
2018/6/23 17:45,0.027877773,16.18312136,15.35616461
2018/6/23 18:00,-0.0006,5.720877012,5.148124297
2018/6/23 18:15,0,3.277765115,2.814838886
2018/6/23 18:30,0,3.968425274,3.330378215
2018/6/23 18:45,0,2.18682452,1.6994946
2018/6/23 19:00,0,2.148241997,1.606580734
2018/6/23 19:15,0,1.831600865,1.308010101
2018/6/23 19:30,0,2.024582823,1.425721844
2018/6/23 19:45,0,1.788649837,1.302837531
2018/6/23 20:00,0,2.043440223,1.536070744
2018/6/23 20:15,0,1.412069241,0.924382905
2018/6/23 20:30,0,1.592227181,1.080689112
2018/6/23 20:45,0,2.492933671,1.891953905
2018/6/23 21:00,0,2.788868189,2.29763635
2018/6/23 21:15,0,2.699361007,2.129087607
2018/6/23 21:30,0,2.966386477,2.386151394
2018/6/23 21:45,0,2.850348155,2.337649743
2018/6/23 22:00,0,2.551694949,1.882169008
2018/6/23 22:15,0,2.431988001,1.827454607
2018/6/23 22:30,0,2.059938431,1.46856153
2018/6/23 22:45,0,1.536007007,1.019060234
2018/6/23 23:00,0,1.179048816,0.723240753
2018/6/23 23:15,0,1.203562677,0.740424414
2018/6/23 23:30,0,1.322118481,0.81743147
2018/6/23 23:45,0,1.812828461,1.241750002
2018/6/24 0:00,0,1.994650722,1.412576675
2018/6/24 0:15,0,1.577494741,1.070368826
2018/6/24 0:30,0,1.946362257,1.328309616
2018/6/24 0:45,0,1.796281219,1.179238558
2018/6/24 1:00,0,1.595059713,1.036221167
2018/6/24 1:15,0,1.828921517,1.251102765
2018/6/24 1:30,0,1.612476786,1.088518143
2018/6/24 1:45,0,1.716923952,1.129751841
2018/6/24 2:00,0,1.566585263,1.089595795
2018/6/24 2:15,0,1.880557497,1.233700395
2018/6/24 2:30,0,1.865411917,1.239062111
2018/6/24 2:45,0,2.135424495,1.424375613
2018/6/24 3:00,0,2.279974381,1.631227573
2018/6/24 3:15,0,2.986382881,2.321700573
2018/6/24 3:30,0,2.754731576,2.095116377
2018/6/24 3:45,0,2.350908756,1.645739118
2018/6/24 4:00,0,1.858601848,1.248720844
2018/6/24 4:15,0,2.456586202,1.751671513
2018/6/24 4:30,0,2.367150068,1.611310164
2018/6/24 4:45,0,2.32504193,1.59716932
2018/6/24 5:00,0,2.334175428,1.619650046
2018/6/24 5:15,0,2.094423731,1.404811541
2018/6/24 5:30,0,1.673062722,1.039808988
2018/6/24 5:45,0,2.177341064,1.364261309
2018/6/24 6:00,0,2.149834951,1.425569335
2018/6/24 6:15,0,1.326406697,0.751687596
2018/6/24 6:30,0,1.383358439,0.786261936
2018/6/24 6:45,0,2.090929031,1.355272134
2018/6/24 7:00,0,2.25792853,1.529732585
2018/6/24 7:15,0,3.641192277,2.859936833
2018/6/24 7:30,0.031755552,15.38961951,8.650658767
2018/6/24 7:45,0.36851113,68.29195404,11.86737951
2018/6/24 8:00,1.015122175,121.8210271,18.2105128
2018/6/24 8:15,1.464655519,181.6262563,22.05565961
2018/6/24 8:30,1.847866654,245.5362142,27.36938477
2018/6/24 8:45,2.208788872,313.8780213,33.63553429
2018/6/24 9:00,2.549211105,373.7691752,37.96676509
2018/6/24 9:15,2.85064443,426.1316223,42.79158656
2018/6/24 9:30,3.107722282,471.347758,43.59787242
2018/6/24 9:45,3.357888857,515.1428426,46.30392964
2018/6/24 10:00,3.616811117,558.9055379,48.34558487
2018/6/24 10:15,3.854100148,600.0678914,48.43940989
2018/6/24 10:30,4.037800153,638.1788127,47.46213023
2018/6/24 10:45,4.197255453,669.4744263,46.76638667
2018/6/24 11:00,4.34550031,697.090271,49.56582896
2018/6/24 11:15,4.465299924,713.4308878,49.05893326
2018/6/24 11:30,4.571433385,738.4598185,59.629186
2018/6/24 11:45,4.6476113,756.6581625,65.29935455
2018/6/24 12:00,4.666100184,766.8437907,64.04303742
2018/6/24 12:15,4.679533005,770.5334269,59.29637273
2018/6/24 12:30,4.700333436,770.394165,57.31782659
2018/6/24 12:45,4.664399942,760.2730509,56.4927686
2018/6/24 13:00,4.633277734,755.061849,62.4485321
2018/6/24 13:15,4.623633226,746.3394572,70.24447123
2018/6/24 13:30,4.565944513,724.4375407,60.84396235
2018/6/24 13:45,4.485032876,704.4223429,55.85478974
2018/6/24 14:00,4.346711,679.5039266,53.85297139
2018/6/24 14:15,4.246510506,650.6044719,55.13047918
2018/6/24 14:30,4.100810846,612.4505615,53.32992426
2018/6/24 14:45,3.948622227,569.2970377,53.80833435
2018/6/24 15:00,3.728833516,543.4595947,53.02969233
2018/6/24 15:15,3.504477739,516.1062317,52.59548187
2018/6/24 15:30,3.274888674,470.0663961,47.997907
2018/6/24 15:45,3.012855609,423.3650208,44.59819285
2018/6/24 16:00,2.714344502,371.9146932,42.04256185
2018/6/24 16:15,8.397077719,317.2953288,39.16058986
2018/6/24 16:30,8.065466682,260.9927572,37.03778966
2018/6/24 16:45,1.702122211,202.0142517,33.99202092
2018/6/24 17:00,1.317022125,125.5283992,31.81349119
2018/6/24 17:15,0.851122181,30.32589658,28.08781179
2018/6/24 17:30,0.301522235,21.31976954,18.95583789
2018/6/24 17:45,0.042911109,12.83416462,12.28829066
2018/6/24 18:00,0.000288889,7.072836717,6.497549216
2018/6/24 18:15,0,3.705932299,3.151790857
2018/6/24 18:30,0,3.002794186,2.507645368
2018/6/24 18:45,0,3.081257184,2.540275176
2018/6/24 19:00,0,4.029706001,3.353479306
2018/6/24 19:15,0,3.470416943,2.855611007
2018/6/24 19:30,0,3.451899131,2.789996942
2018/6/24 19:45,0,3.179279566,2.547263622
2018/6/24 20:00,0,2.536578814,1.99347504
2018/6/24 20:15,0,2.359120369,1.796073278
2018/6/24 20:30,0,1.709964236,1.220047414
2018/6/24 20:45,0,1.709087134,1.19415003
2018/6/24 21:00,0,1.835771163,1.303482691
2018/6/24 21:15,0,2.127487501,1.535824935
2018/6/24 21:30,0,1.740743876,1.177371701
2018/6/24 21:45,0,1.721515775,1.189687729
2018/6/24 22:00,0,1.412415842,0.917270303
2018/6/24 22:15,0,1.847421447,1.234209219
2018/6/24 22:30,0,1.537340005,1.005297045
2018/6/24 22:45,0,1.315870703,0.861187001
2018/6/24 23:00,0,1.559583505,1.021896084
2018/6/24 23:15,0,1.551095088,1.014061352
2018/6/24 23:30,0,1.975774805,1.364337842
2018/6/24 23:45,0,2.141252756,1.557422737
2018/6/25 0:00,0,1.805564443,1.129538755
2018/6/25 0:15,0,2.444143137,1.757471283
2018/6/25 0:30,0,2.407317162,1.751193841
2018/6/25 0:45,0,1.835999211,1.229325453
2018/6/25 1:00,0,1.747666359,1.147825341
2018/6/25 1:15,0,1.683512131,1.128204385
2018/6/25 1:30,0,2.018358628,1.38647294
2018/6/25 1:45,0,2.346101642,1.67641747
2018/6/25 2:00,0,1.953481316,1.318071524
2018/6/25 2:15,0,1.39744546,0.889000297
2018/6/25 2:30,0,1.908349315,1.327443918
2018/6/25 2:45,0,2.08376193,1.367799719
2018/6/25 3:00,0,1.829763055,1.219129046
2018/6/25 3:15,0,2.196748932,1.477350791
2018/6/25 3:30,0,2.236682972,1.525356452
2018/6/25 3:45,0,2.237769127,1.540224592
2018/6/25 4:00,0,1.006865005,0.557674339
2018/6/25 4:15,0,2.43073233,1.76853629
2018/6/25 4:30,0,1.957068523,1.300930699
2018/6/25 4:45,0,1.572970072,0.947702746
2018/6/25 5:00,0,2.282499433,1.558147589
2018/6/25 5:15,0,1.94084239,1.289929469
2018/6/25 5:30,0,1.671081901,1.018366257
2018/6/25 5:45,0,1.654749036,1.029940982
2018/6/25 6:00,0,1.560959379,0.924420079
2018/6/25 6:15,0,2.045918942,1.349229137
2018/6/25 6:30,0,1.995431542,1.251278003
2018/6/25 6:45,0,1.964543144,1.244150917
2018/6/25 7:00,0,2.221439997,1.501554013
2018/6/25 7:15,0,3.130586465,2.385393143
2018/6/25 7:30,0.039266662,14.31276734,8.160950978
2018/6/25 7:45,0.336799989,63.26334508,12.41543802
2018/6/25 8:00,0.962744415,115.7786789,19.31345113
2018/6/25 8:15,1.410366615,176.547938,25.09473419
2018/6/25 8:30,1.794677695,238.5412852,30.55444463
2018/6/25 8:45,2.161322276,305.0474853,35.81695302
2018/6/25 9:00,2.494588852,364.4226888,40.70877965
2018/6/25 9:15,2.796388865,415.7704773,45.8109347
2018/6/25 9:30,3.069700082,459.5762024,48.46473821
2018/6/25 9:45,3.351933479,503.4368897,51.24409612
2018/6/25 10:00,3.585088809,543.0521037,49.59631984
2018/6/25 10:15,3.791799784,580.9265137,48.79943339
2018/6/25 10:30,3.960155726,621.4104004,51.45119476
2018/6/25 10:45,4.111633142,651.4511516,50.3717893
2018/6/25 11:00,4.253233115,676.7383016,52.35498174
2018/6/25 11:15,4.380678018,696.399292,54.10744858
2018/6/25 11:30,4.459022363,719.4310099,62.49001948
2018/6/25 11:45,4.540233294,740.9467163,71.06310018
2018/6/25 12:00,4.593122642,750.9205119,69.26158396
2018/6/25 12:15,4.615233104,755.5298055,65.16087723
2018/6/25 12:30,4.626766682,754.4234619,63.59498851
2018/6/25 12:45,4.631255468,743.9093018,61.57659404
2018/6/25 13:00,4.594500065,735.1947428,62.77359517
2018/6/25 13:15,4.562110901,731.4425659,74.78644307
2018/6/25 13:30,4.483322143,712.3563843,66.01183573
2018/6/25 13:45,4.401922385,690.2744141,58.82295482
2018/6/25 14:00,4.30974404,664.9972127,57.41786448
2018/6/25 14:15,4.159733772,636.5336304,57.96569188
2018/6/25 14:30,4.03093338,600.2939453,55.07716497
2018/6/25 14:45,3.862377802,558.8263346,54.74706904
2018/6/25 15:00,3.673911174,534.5350342,55.6710612
2018/6/25 15:15,3.477555513,504.7794393,53.32799022
2018/6/25 15:30,3.236955642,461.9236756,51.47010295
2018/6/25 15:45,2.965255579,414.1375427,46.52914175
2018/6/25 16:00,2.670544386,364.0092265,43.83049774
2018/6/25 16:15,2.35496672,311.3320211,41.68640645
2018/6/25 16:30,2.027155399,255.1243897,38.55820465
2018/6/25 16:45,1.663633307,197.44929,35.27873484
2018/6/25 17:00,1.287788828,126.2711182,32.6864001
2018/6/25 17:15,0.836433351,33.25422033,30.73608907
2018/6/25 17:30,0.299444452,24.09585571,21.34720421
2018/6/25 17:45,0.052088887,14.5461518,13.84016419
2018/6/25 18:00,7.78E-05,6.493814151,5.938027302
2018/6/25 18:15,0,3.373084863,2.848607381
2018/6/25 18:30,0,2.765200456,2.293181499
2018/6/25 18:45,0,2.621124585,2.151533365
2018/6/25 19:00,0,1.434011142,0.940736453
2018/6/25 19:15,0,1.542490005,1.095233699
2018/6/25 19:30,0,1.642619252,1.171542048
2018/6/25 19:45,0,2.179518859,1.628839016
2018/6/25 20:00,0,2.786913474,2.290504933
2018/6/25 20:15,0,1.503251513,1.061082761
2018/6/25 20:30,0,1.362521529,0.939658244
2018/6/25 20:45,0,1.516382058,1.087907712
2018/6/25 21:00,0,2.070278525,1.57156078
2018/6/25 21:15,0,2.239899238,1.737044812
2018/6/25 21:30,0,2.173540989,1.681879838
2018/6/25 21:45,0,1.466191848,1.018415074
2018/6/25 22:00,0,2.352510413,1.863244891
2018/6/25 22:15,0,3.130931695,2.597198089
2018/6/25 22:30,0,2.722658634,2.154659669
2018/6/25 22:45,0,2.505492846,1.875850876
2018/6/25 23:00,0,2.108531833,1.595148285
2018/6/25 23:15,0,1.513235609,1.014883081
2018/6/25 23:30,0,1.975934585,1.411409497
2018/6/25 23:45,0,1.592791994,1.089749575
2018/6/26 0:00,0,1.711769859,1.274388671
2018/6/26 0:15,0,1.916385333,1.35116458
2018/6/26 0:30,0,2.327157577,1.67776831
2018/6/26 0:45,0,2.455461105,1.811446707
2018/6/26 1:00,0,2.379046917,1.788048307
2018/6/26 1:15,0,1.732154926,1.177848021
2018/6/26 1:30,0,1.854042888,1.295813044
2018/6/26 1:45,0,2.280951182,1.647487124
2018/6/26 2:00,0,2.522693793,1.80270648
2018/6/26 2:15,0,1.845131835,1.276136637
2018/6/26 2:30,0,1.696914355,1.150854746
2018/6/26 2:45,0,2.244799455,1.599516749
2018/6/26 3:00,0,2.264026443,1.677725633
2018/6/26 3:15,0,1.929905693,1.275981108
2018/6/26 3:30,0,2.016500473,1.379118602
2018/6/26 3:45,0,2.195528189,1.558328191
2018/6/26 4:00,0,1.80687503,1.19428285
2018/6/26 4:15,0,1.576821447,0.991007368
2018/6/26 4:30,0,1.909423749,1.204232375
2018/6/26 4:45,0,2.316480637,1.609060804
2018/6/26 5:00,0,1.626544237,0.995997767
2018/6/26 5:15,0,1.922278285,1.209398468
2018/6/26 5:30,0,1.978243232,1.252838016
2018/6/26 5:45,0,1.57497402,0.923318903
2018/6/26 6:00,0,2.135599971,1.363211274
2018/6/26 6:15,0,2.296454747,1.509505232
2018/6/26 6:30,0,1.474176804,0.864391546
2018/6/26 6:45,0,0.632964969,0.43743523
2018/6/26 7:00,0,1.138859848,0.795243064
2018/6/26 7:15,0,4.786859115,4.011166056
2018/6/26 7:30,0.030422218,14.0845445,9.734252772
2018/6/26 7:45,0.322088887,64.51592891,14.55386162
2018/6/26 8:00,0.947133382,113.950058,19.19386673
2018/6/26 8:15,1.397799929,173.9028982,23.30883535
2018/6/26 8:30,1.787933389,238.5245819,29.39596939
2018/6/26 8:45,2.160411199,304.4752502,34.62744141
2018/6/26 9:00,2.490444422,364.8780212,40.05866242
2018/6/26 9:15,2.807977756,418.1413981,46.21020889
2018/6/26 9:30,3.109188954,463.3112081,47.41710663
2018/6/26 9:45,3.365000089,504.8468526,47.87656784
2018/6/26 10:00,3.605100075,546.5074056,47.35530726
2018/6/26 10:15,3.8242112,586.7081503,48.79106013
2018/6/26 10:30,4.007333358,626.3054199,49.62138112
2018/6/26 10:45,4.178855419,658.779541,49.88077291
2018/6/26 11:00,4.319466432,683.6463013,49.84015401
2018/6/26 11:15,4.414133548,704.039978,51.94761531
2018/6/26 11:30,4.513789336,730.5402221,64.07891592
2018/6/26 11:45,4.601877689,749.1867066,70.48491669
2018/6/26 12:00,4.650733471,760.7557373,67.51092529
2018/6/26 12:15,4.678289096,765.8693848,60.95480728
2018/6/26 12:30,4.702777863,768.6071371,60.25056839
2018/6/26 12:45,4.721455892,758.8251139,59.65147019
2018/6/26 13:00,4.691800117,749.22111,59.92938741
2018/6/26 13:15,4.650122642,748.2013346,73.18996938
2018/6/26 13:30,4.597599824,728.1501058,62.50194677
2018/6/26 13:45,4.478255431,703.7889404,55.3010203
2018/6/26 14:00,4.383922259,679.30837,54.43939718
2018/6/26 14:15,4.246788979,649.3030599,53.77337265
2018/6/26 14:30,4.110666911,613.6912028,53.58990479
2018/6/26 14:45,3.930489143,570.6261393,53.08554459
2018/6/26 15:00,3.724699894,544.4309082,52.42087301
2018/6/26 15:15,3.518100182,517.2533977,52.03719838
2018/6/26 15:30,3.292633454,472.0351969,47.38258997
2018/6/26 15:45,3.032788833,428.8562317,46.62892151
2018/6/26 16:00,2.734944423,372.813619,40.49572245
2018/6/26 16:15,2.41801103,320.4251302,40.93864314
2018/6/26 16:30,2.084588925,262.5419312,36.98576737
2018/6/26 16:45,1.722088894,204.1537018,34.22969945
2018/6/26 17:00,1.329066754,131.6966833,32.15067864
2018/6/26 17:15,0.8780333,31.40970103,28.39192963
2018/6/26 17:30,0.31057776,21.40280787,18.777469
2018/6/26 17:45,0.047644444,12.53583749,11.96365738
2018/6/26 18:00,-0.000111111,6.492641131,5.949658076
2018/6/26 18:15,0,3.685586294,3.13273565
2018/6/26 18:30,0,2.63706557,2.132037997
2018/6/26 18:45,0,2.794557969,2.323523839
2018/6/26 19:00,0,2.895901998,2.401302973
2018/6/26 19:15,0,3.084312678,2.543922424
2018/6/26 19:30,0,3.110434771,2.463500023
2018/6/26 19:45,0,3.215537786,2.606674115
2018/6/26 20:00,0,2.952504953,2.301141143
2018/6/26 20:15,0,3.337250789,2.680153847
2018/6/26 20:30,0,2.680162668,2.044652422
2018/6/26 20:45,0,2.49065876,1.87511305
2018/6/26 21:00,0,2.113176465,1.560028831
2018/6/26 21:15,0,2.22668155,1.576520403
2018/6/26 21:30,0,2.126916965,1.453102231
2018/6/26 21:45,0,1.527629574,0.984556397
2018/6/26 22:00,0,1.674849152,1.078129828
2018/6/26 22:15,0,1.518343727,0.970915377
2018/6/26 22:30,0,1.73367552,1.145510634
2018/6/26 22:45,0,1.803403974,1.19647026
2018/6/26 23:00,0,2.158996979,1.531623959
2018/6/26 23:15,0,1.1877141,0.739544511
2018/6/26 23:30,0,1.900869528,1.27902623
2018/6/26 23:45,0,1.79778254,1.228656451
2018/6/27 0:00,0,2.469655752,1.837786834
2018/6/27 0:15,0,1.944319089,1.300565481
2018/6/27 0:30,0,2.188126167,1.457510154
2018/6/27 0:45,0,2.225971222,1.494764805
2018/6/27 1:00,0,1.871574163,1.244555871
2018/6/27 1:15,0,1.198475241,0.727632831
2018/6/27 1:30,0,1.126871089,0.676723043
2018/6/27 1:45,0,2.10418125,1.419022957
2018/6/27 2:00,0,2.166592677,1.550268809
2018/6/27 2:15,0,2.28747654,1.633577466
2018/6/27 2:30,0,2.418037017,1.732854486
2018/6/27 2:45,0,2.096631885,1.367352367
2018/6/27 3:00,0,1.98730576,1.331729412
2018/6/27 3:15,0,1.524327914,0.899104972
2018/6/27 3:30,0,2.073072473,1.34826231
2018/6/27 3:45,0,2.264763355,1.519985835
2018/6/27 4:00,0,2.067075809,1.364631494
2018/6/27 4:15,0,1.67633311,1.072313468
2018/6/27 4:30,0,1.865909457,1.219991565
2018/6/27 4:45,0,2.019636949,1.290818095
2018/6/27 5:00,0,2.225750605,1.457415303
2018/6/27 5:15,0,1.692042748,1.058972955
2018/6/27 5:30,0,1.659029206,1.014811078
2018/6/27 5:45,0,1.877932866,1.191963712
2018/6/27 6:00,0,1.01655678,0.528295686
2018/6/27 6:15,0,0.776374757,0.439986596
2018/6/27 6:30,0,1.444856783,0.926048756
2018/6/27 6:45,0,2.143927216,1.40557452
2018/6/27 7:00,0,2.493519227,1.805799246
2018/6/27 7:15,-4.44E-05,5.392816385,4.55668958
2018/6/27 7:30,0.036611107,16.03774897,11.08863163
2018/6/27 7:45,0.382866631,68.28417206,24.57600466
2018/6/27 8:00,1.004188875,129.1687724,21.91837756
2018/6/27 8:15,1.470211029,196.4024556,21.54883003
2018/6/27 8:30,1.86205554,246.1944987,25.73455238
2018/6/27 8:45,2.208155473,312.5878092,31.49475352
2018/6/27 9:00,2.543288866,377.5104167,39.03682836
2018/6/27 9:15,2.844644467,428.0802409,43.10892741
2018/6/27 9:30,3.130299965,474.2345581,44.12912115
2018/6/27 9:45,3.400344451,518.4645996,46.45240784
2018/6/27 10:00,3.640144507,560.2580566,46.27646128
2018/6/27 10:15,3.866644303,600.3561605,47.02390798
2018/6/27 10:30,4.044644197,635.8271484,44.87330373
2018/6/27 10:45,4.201722145,670.9120687,47.42878342
2018/6/27 11:00,4.341300169,695.4539795,47.98444748
2018/6/27 11:15,4.426088969,711.8048706,47.32129033
2018/6/27 11:30,4.510655403,738.899231,59.46837743
2018/6/27 11:45,4.589777788,757.24882,65.35331726
2018/6/27 12:00,4.651277701,769.1860758,62.4658521
2018/6/27 12:15,4.700088819,775.0609131,58.89861044
2018/6/27 12:30,4.712211609,777.6115723,57.08988953
2018/6/27 12:45,4.69764487,767.7804158,56.61636734
2018/6/27 13:00,4.675544739,758.0853272,57.4975764
2018/6/27 13:15,4.655311267,755.3538412,70.42505137
2018/6/27 13:30,4.5681777,734.9944662,60.288709
2018/6/27 13:45,4.485666911,713.7405192,52.88427607
2018/6/27 14:00,4.398444176,686.7519125,52.72165934
2018/6/27 14:15,4.25278918,655.071289,50.40216192
2018/6/27 14:30,4.114466667,622.8924764,51.07697424
2018/6/27 14:45,3.928589185,576.3122558,49.25669225
2018/6/27 15:00,3.756955703,552.4836426,51.31939952
2018/6/27 15:15,3.52472202,521.8521627,48.46289698
2018/6/27 15:30,3.290977717,475.4994405,45.89474233
2018/6/27 15:45,3.022822142,428.9982707,42.06600698
2018/6/27 16:00,2.745722056,379.0482076,41.2944603
2018/6/27 16:15,2.423644463,322.7808431,37.04482396
2018/6/27 16:30,2.088844498,265.8797099,35.07087835
2018/6/27 16:45,1.734955589,207.3213654,33.08843231
2018/6/27 17:00,1.357855559,136.8908768,31.07229614
2018/6/27 17:15,0.912777742,31.5176843,28.47155508
2018/6/27 17:30,0.3216889,21.47748311,18.88598188
2018/6/27 17:45,0.052377777,12.60204824,12.07814089
2018/6/27 18:00,0.000111111,6.994640033,6.571019331
2018/6/27 18:15,0,3.885264158,3.34284091
2018/6/27 18:30,0,3.532859564,2.979500612
2018/6/27 18:45,0,3.471636613,2.888501485
2018/6/27 19:00,0,3.153881868,2.625835577
2018/6/27 19:15,0,3.630510966,2.978403171
2018/6/27 19:30,0,3.41045173,2.809629043
2018/6/27 19:45,0,3.220176379,2.568172812
2018/6/27 20:00,0,2.651396593,2.07465895
2018/6/27 20:15,0,2.323540131,1.724717617
2018/6/27 20:30,0,2.648373048,2.038210034
2018/6/27 20:45,0,1.640048027,1.216171245
2018/6/27 21:00,0,2.267469088,1.68667682
2018/6/27 21:15,0,2.517838716,1.928668737
2018/6/27 21:30,0,2.302666823,1.693722963
2018/6/27 21:45,0,2.480294625,1.856367151
2018/6/27 22:00,0,1.654418031,1.109625181
2018/6/27 22:15,0,2.265453577,1.637678504
2018/6/27 22:30,0,1.903494994,1.269983967
2018/6/27 22:45,0,1.713044803,1.133632839
2018/6/27 23:00,0,1.983255863,1.339784264
2018/6/27 23:15,0,1.99460419,1.403120081
2018/6/27 23:30,0,2.62612025,1.987690131
2018/6/27 23:45,0,2.318425218,1.590878685
2018/6/28 0:00,0,1.757614215,1.106231908
2018/6/28 0:15,0,1.847565849,1.21105506
2018/6/28 0:30,0,1.835968614,1.190915108
2018/6/28 0:45,0,2.354109684,1.620880167
2018/6/28 1:00,0,2.463003715,1.668895841
2018/6/28 1:15,0,2.06987226,1.318811377
2018/6/28 1:30,0,2.006071567,1.295567274
2018/6/28 1:45,0,2.114642859,1.422543605
2018/6/28 2:00,0,2.004356742,1.333013932
2018/6/28 2:15,0,1.502185166,0.951353222
2018/6/28 2:30,0,1.190289716,0.700243741
2018/6/28 2:45,0,2.333426635,1.552123785
2018/6/28 3:00,0,2.112026691,1.43819352
2018/6/28 3:15,0,1.676917394,1.058129708
2018/6/28 3:30,0,2.033367673,1.250170231
2018/6/28 3:45,0,1.944984595,1.241511504
2018/6/28 4:00,0,2.307513158,1.508491913
2018/6/28 4:15,0,1.613405228,1.03577733
2018/6/28 4:30,0,1.933587273,1.211343646
2018/6/28 4:45,0,1.952664296,1.232661883
2018/6/28 5:00,0,1.841460665,1.125204166
2018/6/28 5:15,0,1.949228128,1.243746201
2018/6/28 5:30,0,1.939734221,1.225072305
2018/6/28 5:45,0,2.094373544,1.302760601
2018/6/28 6:00,0,2.128825784,1.397366682
2018/6/28 6:15,0,2.301413099,1.529285789
2018/6/28 6:30,0,1.826887647,1.077638983
2018/6/28 6:45,0,1.957784295,1.187543035
2018/6/28 7:00,0,1.732215683,1.037306666
2018/6/28 7:15,0,3.505243222,2.656408668
2018/6/28 7:30,0.035411104,16.15244961,10.24610615
2018/6/28 7:45,0.330644476,73.52043279,15.48892371
2018/6/28 8:00,1.068933268,127.01651,17.33618164
2018/6/28 8:15,1.499644438,185.7662658,21.15165011
2018/6/28 8:30,1.888733308,250.9151459,25.54033788
2018/6/28 8:45,2.227288882,316.8499349,29.45119158
2018/6/28 9:00,2.54447786,378.7792155,33.8906606
2018/6/28 9:15,2.841644605,434.5546265,40.41756693
2018/6/28 9:30,3.124322255,483.3915304,45.03136825
2018/6/28 9:45,3.376388788,524.8571269,44.92476146
2018/6/28 10:00,3.612755776,568.0133463,45.52777608
2018/6/28 10:15,3.853833357,610.6150716,48.52711487
2018/6/28 10:30,4.03805542,648.0277303,46.06366857
2018/6/28 10:45,4.178822041,680.6739705,44.84197998
2018/6/28 11:00,4.31403319,707.6235759,46.49260966
2018/6/28 11:15,4.424477736,726.1463623,48.23655065
2018/6/28 11:30,4.480799834,750.7234294,56.98702367
2018/6/28 11:45,4.537089189,771.1434936,64.6798083
2018/6/28 12:00,4.592510542,782.7688192,63.19450124
2018/6/28 12:15,4.622077783,785.9168294,57.99559402
2018/6/28 12:30,4.619966666,784.1586304,55.28584035
2018/6/28 12:45,4.562255859,771.2488403,52.53755442
2018/6/28 13:00,4.525477568,762.8260905,55.93246714
2018/6/28 13:15,4.463334083,755.6257935,67.36956024
2018/6/28 13:30,4.393400351,739.4233195,60.62655639
2018/6/28 13:45,4.313877583,714.3835042,53.21357473
2018/6/28 14:00,4.259666284,690.2021688,55.01637904
2018/6/28 14:15,4.138155619,655.9482829,48.99326706
2018/6/28 14:30,3.978788853,624.0435995,51.71823756
2018/6/28 14:45,3.816122452,581.3134969,53.06908162
2018/6/28 15:00,3.647655646,554.6211955,51.72768656
2018/6/28 15:15,3.461822033,526.2227071,49.79447174
2018/6/28 15:30,3.214644114,480.4465433,47.68883514
2018/6/28 15:45,2.965277751,432.0890605,43.68026098
2018/6/28 16:00,2.683700085,380.4836222,41.0606308
2018/6/28 16:15,2.386333307,325.5131836,39.24967957
2018/6/28 16:30,2.072811047,269.3971405,36.93503443
2018/6/28 16:45,1.726477822,210.244812,34.67166519
2018/6/28 17:00,1.345344424,139.61424,31.68255297
2018/6/28 17:15,0.910044412,32.8596681,29.75573476
2018/6/28 17:30,0.320377787,22.61515745,19.83967908
2018/6/28 17:45,0.054899998,13.5881745,13.14894199
2018/6/28 18:00,-0.000711111,8.372370561,7.820516109
2018/6/28 18:15,0,5.521369298,5.049108664
2018/6/28 18:30,0,4.803722858,4.134653409
2018/6/28 18:45,0,3.908924897,3.307933569
2018/6/28 19:00,0,3.032025576,2.494345903
2018/6/28 19:15,0,3.279491663,2.692542155
2018/6/28 19:30,0,2.851438602,2.281273246
2018/6/28 19:45,0,2.468987385,1.883419117
2018/6/28 20:00,0,2.369573593,1.735565782
2018/6/28 20:15,0,2.251625935,1.727737268
2018/6/28 20:30,0,2.197394013,1.600985249
2018/6/28 20:45,0,2.1079398,1.463551005
2018/6/28 21:00,0,1.974287232,1.384423017
2018/6/28 21:15,0,1.612573028,1.106990258
2018/6/28 21:30,0,1.882617633,1.328473846
2018/6/28 21:45,0,2.437826633,1.785654704
2018/6/28 22:00,0,2.156052828,1.578148126
2018/6/28 22:15,0,1.740821918,1.184922337
2018/6/28 22:30,0,2.035332759,1.435831984
2018/6/28 22:45,0,2.384211461,1.693373442
2018/6/28 23:00,0,1.955639561,1.344405174
2018/6/28 23:15,0,2.215801,1.606228233
2018/6/28 23:30,0,1.806224068,1.203121861
2018/6/28 23:45,0,1.848186056,1.231900533
2018/6/29 0:00,0,1.876865943,1.235497594
2018/6/29 0:15,0,1.982471466,1.345666845
2018/6/29 0:30,0,1.926222801,1.234180133
2018/6/29 0:45,0,1.580485026,0.972367207
2018/6/29 1:00,0,1.942408244,1.259933074
2018/6/29 1:15,0,1.846512278,1.214078982
2018/6/29 1:30,0,1.838158488,1.207027276
2018/6/29 1:45,0,1.742840091,1.122804304
2018/6/29 2:00,0,2.030497034,1.356677254
2018/6/29 2:15,0,1.572134276,0.989461392
2018/6/29 2:30,0,1.819893996,1.153847078
2018/6/29 2:45,0,1.810926914,1.178340793
2018/6/29 3:00,0,2.108700315,1.375358423
2018/6/29 3:15,0,1.92911454,1.228400151
2018/6/29 3:30,0,1.822614392,1.227647781
2018/6/29 3:45,0,1.644085527,1.069422761
2018/6/29 4:00,0,2.09311525,1.37870717
2018/6/29 4:15,0,2.363140583,1.64850533
2018/6/29 4:30,0,1.623148799,1.040318966
2018/6/29 4:45,0,1.311918974,0.785212279
2018/6/29 5:00,0,1.421358148,0.867828866
2018/6/29 5:15,0,1.3136518,0.758276949
2018/6/29 5:30,0,1.784664869,1.157483896
2018/6/29 5:45,0,1.956937949,1.321626306
2018/6/29 6:00,0,2.075295845,1.328873912
2018/6/29 6:15,0,1.951586962,1.249858022
2018/6/29 6:30,0,1.803406676,1.157452285
2018/6/29 6:45,0,1.858317375,1.198858936
2018/6/29 7:00,0,2.25704515,1.535467744
2018/6/29 7:15,0.000322222,4.839747031,4.034525712
2018/6/29 7:30,0.043055551,17.4304107,10.70037619
2018/6/29 7:45,0.128733339,39.85219764,14.05659072
2018/6/29 8:00,0.684500029,75.55568822,20.58101082
2018/6/29 8:15,1.211011052,147.9525299,23.36498388
2018/6/29 8:30,1.835377693,242.1013692,26.08980688
2018/6/29 8:45,2.17647783,307.8698629,29.36880175
2018/6/29 9:00,2.492299954,370.1020203,34.56210327
2018/6/29 9:15,2.785833359,424.6757202,40.88955434
2018/6/29 9:30,3.053477844,470.7811991,43.24330012
2018/6/29 9:45,3.295811097,511.9216003,43.69684219
2018/6/29 10:00,3.508211295,555.7217611,42.82735698
2018/6/29 10:15,3.708588839,598.3574422,45.45369466
2018/6/29 10:30,3.862900178,638.1806844,45.74810155
2018/6/29 10:45,4.029977878,674.4040527,45.1931572
2018/6/29 11:00,4.16791137,704.2122599,47.89238612
2018/6/29 11:15,4.293777625,726.6733806,50.32204946
2018/6/29 11:30,4.421488603,755.0809936,59.1292305
2018/6/29 11:45,4.456610997,771.0244141,64.71006775
2018/6/29 12:00,4.48625501,784.1517945,64.27530543
2018/6/29 12:15,4.54361105,790.049113,63.39500809
2018/6/29 12:30,4.580611388,789.6780192,59.32620748
2018/6/29 12:45,4.548299789,778.948527,59.30140813
2018/6/29 13:00,4.544010957,767.6358236,61.72771708
2018/6/29 13:15,4.556033452,771.2568359,79.58222707
2018/6/29 13:30,4.356500149,743.0218913,72.09849548
2018/6/29 13:45,4.376277765,725.9472656,60.94652939
2018/6/29 14:00,4.278233528,700.4641927,64.49265671
2018/6/29 14:15,4.192500273,675.552124,67.92501322
2018/6/29 14:30,4.101110776,644.6433716,72.02551269
2018/6/29 14:45,3.998011589,608.5342204,80.12197113
2018/6/29 15:00,3.894900163,613.3469442,121.2816417
2018/6/29 15:15,3.436577638,534.1704712,78.13125865
2018/6/29 15:30,3.306777716,493.1069031,68.83904775
2018/6/29 15:45,2.979622046,434.0948181,67.17300924
2018/6/29 16:00,2.889933189,415.866099,80.11710103
2018/6/29 16:15,2.490077893,359.8657023,91.42100779
2018/6/29 16:30,2.076422135,286.7367147,90.24967194
2018/6/29 16:45,1.846933365,239.1909892,71.91669719
2018/6/29 17:00,1.390344461,166.969457,63.06406657
2018/6/29 17:15,0.780855556,53.76051076,48.26791382
2018/6/29 17:30,0.215955565,32.2255586,28.65685208
2018/6/29 17:45,0.024155551,15.15233167,14.61075369
2018/6/29 18:00,-0.001488889,7.097724438,6.652712027
2018/6/29 18:15,0,4.668723901,4.005084435
2018/6/29 18:30,0,3.936905066,3.245696704
2018/6/29 18:45,0,3.404020945,2.885923942
2018/6/29 19:00,0,3.359488964,2.800302426
2018/6/29 19:15,0,2.755747716,2.308550914
2018/6/29 19:30,0,2.924975316,2.389374177
2018/6/29 19:45,0,2.468275388,1.960077246
2018/6/29 20:00,0,2.245328586,1.739605983
2018/6/29 20:15,0,2.161729177,1.621133844
2018/6/29 20:30,0,2.21828417,1.604093551
2018/6/29 20:45,0,0.833174358,0.605632603
2018/6/29 21:00,0,1.631351272,1.088831027
2018/6/29 21:15,0,2.078473051,1.503936291
2018/6/29 21:30,0,1.279529452,0.822282036
2018/6/29 21:45,0,1.241134147,0.787298799
2018/6/29 22:00,0,2.306362192,1.708365719
2018/6/29 22:15,0,2.732192198,2.112129847
2018/6/29 22:30,0,1.949894706,1.358956655
2018/6/29 22:45,0,1.913624843,1.283336957
2018/6/29 23:00,0,2.371079206,1.701089263
2018/6/29 23:15,0,1.957316876,1.351863702
2018/6/29 23:30,0,2.355585098,1.633005699
2018/6/29 23:45,0,1.133930822,0.664830506
2018/6/30 0:00,0,1.484836499,0.91529878
2018/6/30 0:15,0,1.613039851,1.048446973
2018/6/30 0:30,0,1.830199083,1.196112474
2018/6/30 0:45,0,1.682152867,1.144233644
2018/6/30 1:00,0,1.645365159,1.077542543
2018/6/30 1:15,0,2.189830144,1.531098008
2018/6/30 1:30,0,1.525560379,0.993783295
2018/6/30 1:45,0,1.745330691,1.174732645
2018/6/30 2:00,0,1.435397744,0.923527658
2018/6/30 2:15,0,1.533721964,0.975041866
2018/6/30 2:30,0,1.889943361,1.301820636
2018/6/30 2:45,0,2.547319174,1.950305025
2018/6/30 3:00,0,2.981769005,2.307767789
2018/6/30 3:15,0,2.470750491,1.701009274
2018/6/30 3:30,0,2.417708476,1.673479279
2018/6/30 3:45,0,2.46029822,1.740739504
2018/6/30 4:00,0,1.876392484,1.218878229
2018/6/30 4:15,0,1.832631826,1.160227815
2018/6/30 4:30,0,1.942933877,1.263412515
2018/6/30 4:45,0,1.392018636,0.833448012
2018/6/30 5:00,0,1.073456049,0.598383099
2018/6/30 5:15,0,1.472298066,0.881410738
2018/6/30 5:30,0,0.899936994,0.49262626
2018/6/30 5:45,0,0.937686364,0.485714237
2018/6/30 6:00,0,1.415172776,0.831667602
2018/6/30 6:15,0,1.690523068,1.105835935
2018/6/30 6:30,0,1.484248519,0.920978566
2018/6/30 6:45,0,1.834921996,1.221209049
2018/6/30 7:00,0,1.971395731,1.302471121
2018/6/30 7:15,0,4.808510621,4.096829573
2018/6/30 7:30,0.013222223,10.48707946,9.135108629
2018/6/30 7:45,0.342300003,68.37344742,32.41115252
2018/6/30 8:00,0.448255539,66.06687419,44.64107386
2018/6/30 8:15,0.831866682,126.7361247,86.63240813
2018/6/30 8:30,1.260888894,181.0088908,113.4870402
2018/6/30 8:45,1.818077723,265.0386454,152.2846527
2018/6/30 9:00,2.217555682,351.2033997,165.4935913
2018/6/30 9:15,1.222744465,197.6469015,129.1051203
2018/6/30 9:30,1.793477833,238.2339935,84.0675761
2018/6/30 9:45,3.200077613,468.6272176,60.48047256
2018/6/30 10:00,3.698889017,554.9617716,55.17139435
2018/6/30 10:15,3.86295557,590.574117,53.18709056
2018/6/30 10:30,3.936177731,618.6429037,58.25606664
2018/6/30 10:45,3.937844833,613.6294555,64.1842041
2018/6/30 11:00,4.185699781,663.3660889,63.53121439
2018/6/30 11:15,4.327188968,691.4401449,75.71079
2018/6/30 11:30,4.178666909,684.6654867,106.8687617
2018/6/30 11:45,4.310144583,704.0892741,122.3906174
2018/6/30 12:00,4.309211413,707.6312663,137.1514435
2018/6/30 12:15,4.581411044,752.425883,101.9258143
2018/6/30 12:30,4.60448885,754.3268433,85.93335724
2018/6/30 12:45,4.641289075,740.5670166,67.9507103
2018/6/30 13:00,4.620210965,739.7695109,62.84788005
2018/6/30 13:15,4.616866271,738.0117594,76.21760813
2018/6/30 13:30,4.523344835,721.1476644,71.23109945
2018/6/30 13:45,4.435188929,696.322998,62.04266866
2018/6/30 14:00,4.332388878,666.0532837,55.44527435
2018/6/30 14:15,4.203588804,636.3482259,54.84108734
2018/6/30 14:30,4.048977693,601.750061,53.55092239
2018/6/30 14:45,3.895622492,558.641805,52.1851832
2018/6/30 15:00,3.687511126,534.5675659,52.5210317
2018/6/30 15:15,3.500100056,508.6740112,52.32904562
2018/6/30 15:30,3.257977962,462.5207316,46.92100398
2018/6/30 15:45,2.992222309,419.3518982,45.68730545
2018/6/30 16:00,2.716266632,368.0736288,41.80954107
2018/6/30 16:15,2.402211189,314.5852966,38.48207347
2018/6/30 16:30,2.059211095,259.8268127,36.76857885
2018/6/30 16:45,1.698544423,202.3876546,33.81727091
2018/6/30 17:00,1.320077777,136.2668965,30.92680868
2018/6/30 17:15,0.90208892,32.83619054,28.15234438
2018/6/30 17:30,0.311555554,22.5106074,19.2900664
2018/6/30 17:45,0.062155552,12.58356508,12.05491289
2018/6/30 18:00,3.33E-05,6.517189503,5.982148329
2018/6/30 18:15,0,3.065175454,2.609611114
2018/6/30 18:30,0,2.791721265,2.343070268
2018/6/30 18:45,0,2.63508598,2.184274276
2018/6/30 19:00,0,3.142609596,2.647479058
2018/6/30 19:15,0,2.700127919,2.192783992
2018/6/30 19:30,0,3.551882903,2.972755035
2018/6/30 19:45,0,3.822547913,3.195560932
2018/6/30 20:00,0,3.87616992,3.113158385
2018/6/30 20:15,0,3.41026632,2.753227631
2018/6/30 20:30,0,2.588626862,2.022631606
2018/6/30 20:45,0,2.156029741,1.536937197
2018/6/30 21:00,0,1.70224599,1.161168416
2018/6/30 21:15,0,2.261923313,1.609598875
2018/6/30 21:30,0,2.03619957,1.438845952
2018/6/30 21:45,0,1.417266905,0.900843233
2018/6/30 22:00,0,2.316693226,1.641906063
2018/6/30 22:15,0,2.376737595,1.668958466
2018/6/30 22:30,0,2.533572435,1.878476183
2018/6/30 22:45,0,2.231361389,1.536223729
2018/6/30 23:00,0,1.985467076,1.330060323
2018/6/30 23:15,0,2.320336501,1.668198387
2018/6/30 23:30,0,2.238381386,1.468854785
2018/6/30 23:45,0,1.829709411,1.237516324
2018/7/1 0:00,,1.969281713,1.275801142
2018/7/1 0:15,,1.900856296,1.251120368
2018/7/1 0:30,,1.81419913,1.19301327
2018/7/1 0:45,,1.791753491,1.160365423
2018/7/1 1:00,,1.855045994,1.181647023
2018/7/1 1:15,,1.837133606,1.160622239
2018/7/1 1:30,,1.338699222,0.814372102
2018/7/1 1:45,,1.921864311,1.243924618
2018/7/1 2:00,,1.833606482,1.170903087
2018/7/1 2:15,,1.826525807,1.145528475
2018/7/1 2:30,,2.084864418,1.383551995
2018/7/1 2:45,,2.278481364,1.594919046
2018/7/1 3:00,,2.08466355,1.349140207
2018/7/1 3:15,,1.37867554,0.810197969
2018/7/1 3:30,,1.77577273,1.125473499
2018/7/1 3:45,,2.212848902,1.50437967
2018/7/1 4:00,,1.888288975,1.200072706
2018/7/1 4:15,,1.669370135,0.994580905
2018/7/1 4:30,,1.827152968,1.166253686
2018/7/1 4:45,,1.934721311,1.23560973
2018/7/1 5:00,,1.905855576,1.208065549
2018/7/1 5:15,,1.902400494,1.202510357
2018/7/1 5:30,,2.345869541,1.558314324
2018/7/1 5:45,,1.873028636,1.186077754
2018/7/1 6:00,,2.036989649,1.292393327
2018/7/1 6:15,,1.66327993,0.988326113
2018/7/1 6:30,,2.153089364,1.379360358
2018/7/1 6:45,,2.055474242,1.299390594
2018/7/1 7:00,,2.214540521,1.496330102
2018/7/1 7:15,,4.432564259,3.643800497
2018/7/1 7:30,,15.22782405,10.003733
2018/7/1 7:45,,69.73214467,19.52340762
2018/7/1 8:00,,120.4191945,17.82243156
2018/7/1 8:15,,176.2221375,21.05732664
2018/7/1 8:30,,240.7795308,25.78334109
2018/7/1 8:45,,304.540741,31.22895368
2018/7/1 9:00,,369.0509949,40.08060582
2018/7/1 9:15,,420.1186422,45.21829096
2018/7/1 9:30,,463.4856059,46.49784342
2018/7/1 9:45,,505.7375387,48.18325297
2018/7/1 10:00,,546.3622233,47.49335607
2018/7/1 10:15,,584.5371501,48.14912288
2018/7/1 10:30,,623.0630493,48.20997492
2018/7/1 10:45,,655.2681885,47.55302938
2018/7/1 11:00,,681.0048625,48.40698242
2018/7/1 11:15,,702.0232747,50.28548431
2018/7/1 11:30,,728.5533854,60.96735255
2018/7/1 11:45,,750.2377929,67.8772227
2018/7/1 12:00,,759.5668132,65.56108348
2018/7/1 12:15,,767.0467936,62.81331508
2018/7/1 12:30,,766.2008464,60.55707423
2018/7/1 12:45,,753.9579264,59.04307429
2018/7/1 13:00,,747.7080892,60.98024114
2018/7/1 13:15,,744.4026082,71.91427866
2018/7/1 13:30,,726.5655518,65.51236343
2018/7/1 13:45,,701.959432,55.05324046
2018/7/1 14:00,,676.9100952,54.73579788
2018/7/1 14:15,,647.8713175,54.18841426
2018/7/1 14:30,,616.1769816,56.96115875
2018/7/1 14:45,,537.7737223,67.83390299
2018/7/1 15:00,,460.6437988,66.00396601
2018/7/1 15:15,,521.8338318,56.42302958
2018/7/1 15:30,,473.6173604,49.24536896
2018/7/1 15:45,,428.1978149,45.84044775
2018/7/1 16:00,,377.576355,42.9719607
2018/7/1 16:15,,323.7528585,39.52256902
2018/7/1 16:30,,267.6376394,36.64121246
2018/7/1 16:45,,210.2514649,34.57992935
2018/7/1 17:00,,144.7054952,31.31474495
2018/7/1 17:15,,36.0933946,29.93445396
2018/7/1 17:30,,24.24271139,20.61042722
2018/7/1 17:45,,13.29895338,12.77250513
2018/7/1 18:00,,7.609333356,7.107495785
2018/7/1 18:15,,4.309735855,3.764582078
2018/7/1 18:30,,4.04709657,3.330133835
2018/7/1 18:45,,4.417663574,3.716830174
2018/7/1 19:00,,4.20630153,3.471423388
2018/7/1 19:15,,3.116952499,2.550223708
2018/7/1 19:30,,2.884268204,2.306253274
2018/7/1 19:45,,2.623998364,2.099382361
2018/7/1 20:00,,2.872912327,2.279211044
2018/7/1 20:15,,2.460242907,1.81810236
2018/7/1 20:30,,2.420030117,1.738747915
2018/7/1 20:45,,1.851882935,1.264954845
2018/7/1 21:00,,1.749802987,1.190192739
2018/7/1 21:15,,2.06499664,1.494063695
2018/7/1 21:30,,2.769935846,2.125370065
2018/7/1 21:45,,2.359354893,1.684834599
2018/7/1 22:00,,2.217355331,1.542318463
2018/7/1 22:15,,1.803174217,1.215091109
2018/7/1 22:30,,1.96490554,1.324453076
2018/7/1 22:45,,2.282840014,1.569616993
2018/7/1 23:00,,2.208325863,1.544486006
2018/7/1 23:15,,2.086348494,1.383230686
2018/7/1 23:30,,2.04711473,1.400950432
2018/7/1 23:45,,2.190893889,1.480113506
2018/7/2 0:00,,1.938493888,1.311805447
2018/7/2 0:15,,2.37766997,1.65581886
2018/7/2 0:30,,2.124974172,1.432344079
2018/7/2 0:45,,2.224070788,1.523246765
2018/7/2 1:00,,2.082749009,1.324005564
2018/7/2 1:15,,1.937015652,1.281025609
2018/7/2 1:30,,2.03602608,1.353404006
2018/7/2 1:45,,1.874618213,1.224885265
2018/7/2 2:00,,1.555522998,0.946322242
2018/7/2 2:15,,0.868982374,0.46999082
2018/7/2 2:30,,1.965423226,1.234925767
2018/7/2 2:45,,2.260352214,1.492807547
2018/7/2 3:00,,2.311424732,1.469678442
2018/7/2 3:15,,2.327745835,1.528905511
2018/7/2 3:30,,2.179887812,1.419253151
2018/7/2 3:45,,2.177086194,1.41979297
2018/7/2 4:00,,2.201638778,1.423911373
2018/7/2 4:15,,1.765248656,1.028246522
2018/7/2 4:30,,2.120084445,1.32719624
2018/7/2 4:45,,1.377899527,0.795060654
2018/7/2 5:00,,1.711326838,1.040733159
2018/7/2 5:15,,2.041635712,1.313668291
2018/7/2 5:30,,1.684431196,1.016865412
2018/7/2 5:45,,2.01696221,1.270542939
2018/7/2 6:00,,1.80970188,1.110082904
2018/7/2 6:15,,1.935668945,1.186538458
2018/7/2 6:30,,2.243007183,1.457160791
2018/7/2 6:45,,1.927403172,1.212498108
2018/7/2 7:00,,2.219956159,1.479767164
2018/7/2 7:15,,4.259165049,3.42321229
2018/7/2 7:30,,15.49132697,10.87508281
2018/7/2 7:45,,67.97186406,26.82660166
2018/7/2 8:00,,117.8993073,30.38048744
2018/7/2 8:15,,192.6003266,23.7929554
2018/7/2 8:30,,262.8463898,22.86891429
2018/7/2 8:45,,320.9901021,28.38314374
2018/7/2 9:00,,385.6919963,33.87360573
2018/7/2 9:15,,443.5955709,41.78296916
2018/7/2 9:30,,490.1570536,44.56841405
2018/7/2 9:45,,533.3486735,44.68393326
2018/7/2 10:00,,574.5249837,43.97084681
2018/7/2 10:15,,614.1086833,44.25083669
2018/7/2 10:30,,657.0720825,46.8941892
2018/7/2 10:45,,689.7421671,44.84980392
2018/7/2 11:00,,717.0197754,47.6181984
2018/7/2 11:15,,735.2476603,47.46241252
2018/7/2 11:30,,765.883016,60.03690338
2018/7/2 11:45,,784.661499,67.93539938
2018/7/2 12:00,,794.894694,65.45497131
2018/7/2 12:15,,801.0170898,60.73964818
2018/7/2 12:30,,799.1708374,56.47988637
2018/7/2 12:45,,788.3672485,55.05181249
2018/7/2 13:00,,777.1522827,55.05172221
2018/7/2 13:15,,774.4928589,67.30509694
2018/7/2 13:30,,760.5374145,63.82828903
2018/7/2 13:45,,732.2465006,52.46352132
2018/7/2 14:00,,704.2467041,50.92804464
2018/7/2 14:15,,677.8405965,53.60000483
2018/7/2 14:30,,641.681783,52.60497411
2018/7/2 14:45,,598.9794922,52.51690038
2018/7/2 15:00,,570.8894857,52.03770447
2018/7/2 15:15,,540.0803833,48.9228452
2018/7/2 15:30,,493.0119019,46.83325704
2018/7/2 15:45,,447.2318217,44.67376328
2018/7/2 16:00,,392.7946065,40.31793976
2018/7/2 16:15,,337.5855306,38.91108322
2018/7/2 16:30,,280.5322977,37.49594498
2018/7/2 16:45,,219.5109609,33.79185867
2018/7/2 17:00,,151.2548243,31.14750671
2018/7/2 17:15,,37.86123403,29.49003156
2018/7/2 17:30,,24.18605741,20.29157448
2018/7/2 17:45,,14.02020741,13.55953884
2018/7/2 18:00,,8.289867719,7.810851256
2018/7/2 18:15,,5.978956223,5.529517492
2018/7/2 18:30,,4.577001889,4.002717733
2018/7/2 18:45,,4.565394402,3.903991699
2018/7/2 19:00,,3.588737567,3.001332601
2018/7/2 19:15,,3.791231791,3.186436494
2018/7/2 19:30,,2.736744324,2.172980189
2018/7/2 19:45,,2.362305403,1.81261766
2018/7/2 20:00,,1.822497726,1.302953283
2018/7/2 20:15,,2.407866558,1.81675148
2018/7/2 20:30,,2.771401564,2.236023347
2018/7/2 20:45,,2.822057883,2.24285682
2018/7/2 21:00,,2.260380586,1.688917398
2018/7/2 21:15,,1.982751727,1.428195119
2018/7/2 21:30,,1.576320012,0.981463651
2018/7/2 21:45,,2.10185357,1.478087584
2018/7/2 22:00,,2.338367224,1.662401756
2018/7/2 22:15,,2.111625632,1.52137363
2018/7/2 22:30,,1.182959735,0.708941827
2018/7/2 22:45,,2.035372774,1.413536986
2018/7/2 23:00,,2.230521083,1.550424337
2018/7/2 23:15,,1.885384758,1.310017486
2018/7/2 23:30,,1.909433921,1.28559204
2018/7/2 23:45,,2.308850924,1.617697239
2018/7/3 0:00,,2.127102733,1.455134352
2018/7/3 0:15,,2.201012214,1.520253221
2018/7/3 0:30,,2.628272375,1.929491957
2018/7/3 0:45,,1.948227405,1.290462692
2018/7/3 1:00,,1.839386344,1.202485164
2018/7/3 1:15,,1.966523806,1.309789459
2018/7/3 1:30,,2.488466819,1.740217805
2018/7/3 1:45,,2.02785341,1.329598188
2018/7/3 2:00,,1.932658394,1.230619669
2018/7/3 2:15,,2.015271187,1.281373024
2018/7/3 2:30,,2.06090192,1.296239972
2018/7/3 2:45,,1.657477697,1.030704856
2018/7/3 3:00,,1.506350636,0.912163536
2018/7/3 3:15,,1.394773722,0.815280934
2018/7/3 3:30,,1.957651098,1.325406134
2018/7/3 3:45,,2.434052388,1.652679086
2018/7/3 4:00,,2.240855058,1.563796242
2018/7/3 4:15,,1.649276137,0.991644184
2018/7/3 4:30,,1.764758189,1.077839275
2018/7/3 4:45,,1.493201256,0.928107699
2018/7/3 5:00,,1.730778734,1.125470439
2018/7/3 5:15,,2.125239849,1.447283586
2018/7/3 5:30,,2.282817523,1.515152017
2018/7/3 5:45,,2.404676199,1.670869231
2018/7/3 6:00,,2.095540047,1.352547248
2018/7/3 6:15,,1.332235972,0.728748381
2018/7/3 6:30,,1.949081023,1.214825193
2018/7/3 6:45,,2.367388884,1.570767959
2018/7/3 7:00,,2.302286466,1.538144191
2018/7/3 7:15,,4.415720542,3.610295057
2018/7/3 7:30,,14.92099063,8.685006142
2018/7/3 7:45,,69.71632004,11.13899994
2018/7/3 8:00,,122.7633057,14.96590837
2018/7/3 8:15,,186.4231059,19.05470212
2018/7/3 8:30,,254.2546438,24.6268959
2018/7/3 8:45,,318.6019389,28.27316984
2018/7/3 9:00,,381.6097615,34.23531469
2018/7/3 9:15,,436.3664551,39.62989171
2018/7/3 9:30,,482.149648,41.6242981
2018/7/3 9:45,,528.3723348,43.9819603
2018/7/3 10:00,,568.4348144,42.49308396
2018/7/3 10:15,,610.2453003,43.47828674
2018/7/3 10:30,,650.3812052,44.06619136
2018/7/3 10:45,,687.2073364,44.89197413
2018/7/3 11:00,,709.4132283,44.12189356
2018/7/3 11:15,,728.4439901,45.17791239
2018/7/3 11:30,,755.6940104,56.21629715
2018/7/3 11:45,,774.6372884,62.64984512
2018/7/3 12:00,,785.6322632,62.33960597
2018/7/3 12:15,,788.4855957,56.39342117
2018/7/3 12:30,,791.164978,57.38828405
2018/7/3 12:45,,777.7275797,53.76213582
2018/7/3 13:00,,772.5176392,58.47982152
2018/7/3 13:15,,766.8014527,67.05046463
2018/7/3 13:30,,750.3185831,63.26161194
2018/7/3 13:45,,725.1922201,54.01633581
2018/7/3 14:00,,698.2416382,51.76846568
2018/7/3 14:15,,667.3830363,50.15376027
2018/7/3 14:30,,635.1429443,52.59130605
2018/7/3 14:45,,589.2475382,50.50073624
2018/7/3 15:00,,566.1030884,54.278759
2018/7/3 15:15,,532.0269979,48.95649211
2018/7/3 15:30,,489.2655029,49.78058497
2018/7/3 15:45,,441.2429301,45.49544652
2018/7/3 16:00,,388.0254822,40.595843
2018/7/3 16:15,,334.1988729,39.17755
2018/7/3 16:30,,276.819163,35.8965505
2018/7/3 16:45,,218.3259735,33.27104759
2018/7/3 17:00,,151.2602565,31.39869118
2018/7/3 17:15,,41.53749212,30.96734556
2018/7/3 17:30,,24.51445707,20.94806036
2018/7/3 17:45,,14.23232111,13.82516162
2018/7/3 18:00,,8.718048255,8.249862671
2018/7/3 18:15,,4.536707878,4.152768135
2018/7/3 18:30,,4.638272921,4.033809185
2018/7/3 18:45,,4.612791856,4.056022962
2018/7/3 19:00,,4.217929125,3.668504079
2018/7/3 19:15,,3.94668444,3.316943407
2018/7/3 19:30,,1.720309893,1.249980867
2018/7/3 19:45,,2.649454434,2.125741085
2018/7/3 20:00,,2.34935236,1.790188591
2018/7/3 20:15,,2.906116724,2.40986379
2018/7/3 20:30,,3.163135687,2.636705558
2018/7/3 20:45,,2.47854201,1.941009164
2018/7/3 21:00,,2.618134419,2.069997033
2018/7/3 21:15,,2.851884524,2.299870531
2018/7/3 21:30,,2.372514248,1.77687943
2018/7/3 21:45,,2.334822098,1.663687348
2018/7/3 22:00,,1.933538834,1.342478752
2018/7/3 22:15,,2.669019381,2.049048861
2018/7/3 22:30,,2.38091588,1.770846566
2018/7/3 22:45,,2.097437382,1.417719126
2018/7/3 23:00,,1.585764965,1.004381597
2018/7/3 23:15,,0.68096288,0.455322306
2018/7/3 23:30,,1.108596742,0.641826828
2018/7/3 23:45,,2.518057903,1.908820788
,,,
,,,
,,,
,,,
,,,
,,,
,,,
,,,
,,,
,,,
,,,
,,,
,,,
,,,
,,,
,,,
,,,
,,,
,,,
,,,
,,,
,,,
,,,
,,,
,,,
,,,
,,,
,,,
,,,
,,,
,,,
,,,
,,,
,,,
,,,
,,,
,,,
,,,
,,,
,,,
,,,
,,,
,,,
,,,
,,,
,,,
,,,
,,,
,,,
,,,
,,,
,,,
,,,
,,,
,,,
,,,
,,,
,,,
,,,
,,,
,,,
,,,
,,,
,,,
,,,
,,,
,,,
,,,
,,,
,,,
,,,
,,,
,,,
,,,
,,,
,,,
,,,
,,,
,,,
,,,
,,,
,,,
,,,
,,,
,,,
,,,
,,,
,,,
,,,
,,,
,,,
,,,
,,,
,,,
,,,
,,,
,,,
,,,
,,,
,,,
,,,
,,,
,,,
,,,
,,,
,,,
,,,
,,,
,,,
,,,
,,,
,,,
,,,
,,,
,,,
,,,
,,,
,,,
,,,
,,,
,,,
,,,
,,,
,,,
,,,
,,,
,,,
,,,
,,,
,,,
,,,
,,,
,,,
,,,
,,,
,,,
,,,
,,,
,,,
,,,
,,,
,,,
,,,
,,,
,,,
,,,
,,,
,,,
,,,
,,,
,,,
,,,
,,,
,,,
,,,
,,,
,,,
,,,
,,,
,,,
,,,
,,,
,,,
,,,
,,,
,,,
,,,
,,,
,,,
,,,
,,,
,,,
,,,
,,,
,,,
,,,
,,,
,,,
,,,
,,,
,,,
,,,
,,,
,,,
,,,
,,,
,,,
,,,
,,,
,,,
,,,
,,,
,,,
,,,
,,,
,,,
,,,
,,,
,,,
,,,
,,,
,,,
,,,
,,,
,,,
,,,
,,,
,,,
,,,
,,,
,,,
,,,
,,,
,,,
,,,
,,,
,,,
,,,
,,,
,,,
,,,
,,,
,,,
,,,
,,,
,,,
,,,
,,,
,,,
,,,
,,,
,,,
,,,
,,,
,,,
,,,
,,,
,,,
,,,
,,,
,,,
,,,
,,,
,,,
,,,
,,,
,,,
,,,
,,,
,,,
,,,
,,,
,,,
,,,
,,,
,,,
,,,
,,,
,,,
,,,
,,,
,,,
,,,
,,,
,,,
,,,
,,,
,,,
,,,
,,,
,,,
,,,
,,,
,,,
,,,
,,,
,,,
,,,
,,,
,,,
,,,
,,,
,,,
,,,
,,,
,,,
,,,
,,,
,,,
,,,
,,,
,,,
,,,
,,,
,,,
,,,
,,,
,,,
,,,
,,,
,,,
,,,
,,,
,,,
,,,
,,,
,,,
,,,
,,,
,,,
,,,
,,,
,,,
,,,
,,,
,,,
,,,
,,,
,,,
,,,
,,,
,,,
,,,
,,,
,,,
,,,
,,,
,,,
,,,
,,,
,,,
,,,
,,,
,,,
,,,
,,,
,,,
,,,
,,,
,,,
,,,
,,,
,,,
,,,
,,,
,,,
,,,
,,,
,,,
,,,
,,,
,,,
,,,
,,,
,,,
,,,
,,,
,,,
,,,
,,,
,,,
,,,
,,,
,,,
,,,
,,,
,,,
,,,
,,,
,,,
,,,
,,,
,,,
,,,
,,,
,,,
,,,
,,,
,,,
,,,
,,,
,,,
,,,
,,,
,,,
,,,
,,,
,,,
,,,
,,,
,,,
,,,
,,,
,,,
,,,
,,,
,,,
,,,
,,,
,,,
,,,
,,,
,,,
,,,
,,,
,,,
,,,
,,,
,,,
,,,
,,,
,,,
,,,
,,,
,,,
,,,
,,,
,,,
,,,
,,,
,,,
,,,
,,,
,,,
,,,
,,,
,,,
,,,
,,,
,,,
,,,
,,,
,,,
,,,
,,,
,,,
,,,
,,,
,,,
,,,
,,,
,,,
,,,
,,,
,,,
,,,
,,,
,,,
,,,
,,,
,,,
,,,
,,,
,,,
,,,
,,,
,,,
,,,
,,,
,,,
,,,
,,,
,,,
,,,
,,,
,,,
,,,
,,,
,,,
,,,
,,,
,,,
,,,
,,,
,,,
,,,
,,,
,,,
,,,
,,,
,,,
,,,
,,,
,,,
,,,
,,,
,,,
,,,
,,,
,,,
,,,
,,,
,,,
,,,
,,,
,,,
,,,
,,,
,,,
,,,
,,,
,,,
,,,
,,,
,,,
,,,
,,,
,,,
,,,
,,,
,,,
,,,
,,,
,,,
,,,
,,,
,,,
,,,
,,,
,,,
,,,
,,,
,,,
,,,
,,,
,,,
,,,
,,,
,,,
,,,
,,,
,,,
,,,
,,,
,,,
,,,
,,,
,,,
,,,
,,,
,,,
,,,
,,,
,,,
,,,
,,,
,,,
,,,
,,,
,,,
,,,
,,,
,,,
,,,
,,,
,,,
,,,
,,,
,,,
,,,
,,,
,,,
,,,
,,,
,,,
,,,
,,,
,,,
,,,
,,,
,,,
,,,
,,,
,,,
,,,
,,,
,,,
,,,
,,,
,,,
,,,
,,,
,,,
,,,
,,,
,,,
,,,
,,,
,,,
,,,
,,,
,,,
,,,
,,,
,,,
,,,
,,,
,,,
,,,
,,,
,,,
,,,
,,,
,,,
,,,
,,,
,,,
,,,
,,,
,,,
,,,
,,,
,,,
,,,
,,,
,,,
,,,
,,,
,,,
,,,
,,,
,,,
,,,
,,,
,,,
,,,
,,,
,,,
,,,
,,,
,,,
,,,
,,,
,,,
,,,
,,,
,,,
,,,
,,,
,,,
,,,
,,,
,,,
,,,
,,,
,,,
,,,
,,,
,,,
,,,
,,,
,,,
,,,
,,,
,,,
,,,
,,,
,,,
,,,
,,,
,,,
,,,
,,,
,,,
,,,
,,,
,,,
,,,
,,,
,,,
,,,
,,,
,,,
,,,
,,,
,,,
,,,
,,,
,,,
,,,
,,,
,,,
,,,
,,,
,,,
,,,
,,,
,,,
,,,
,,,
,,,
,,,
,,,
,,,
,,,
,,,
,,,
,,,
,,,
,,,
,,,
,,,
,,,
,,,
,,,
,,,
,,,
,,,
,,,
,,,
,,,
,,,
,,,
,,,
,,,
,,,
,,,
,,,
,,,
,,,
,,,
,,,
,,,
,,,
,,,
,,,
,,,
,,,
,,,
,,,
,,,
,,,
,,,
,,,
,,,
,,,
,,,
,,,
,,,
,,,
,,,
,,,
,,,
,,,
,,,
,,,
,,,
,,,
,,,
,,,
,,,
,,,
,,,
,,,
,,,
,,,
,,,
,,,
,,,
,,,
,,,
,,,
,,,
,,,
,,,
,,,
,,,
,,,
,,,
,,,
,,,
,,,
,,,
,,,
,,,
,,,
,,,
,,,
,,,
,,,
,,,
,,,
,,,
,,,
,,,
,,,
,,,
,,,
,,,
,,,
,,,
,,,
,,,
,,,
,,,
,,,
,,,
,,,
,,,
,,,
,,,
,,,
,,,
,,,
,,,
,,,
,,,
,,,
,,,
,,,
,,,
,,,
,,,
,,,
,,,
,,,
,,,
,,,
,,,
,,,
,,,
,,,
,,,
,,,
,,,
,,,
,,,
,,,
,,,
,,,
,,,
,,,
,,,
,,,
,,,
,,,
,,,
,,,
,,,
,,,
,,,
,,,
,,,
,,,
,,,
,,,
,,,
,,,
,,,
,,,
,,,
,,,
,,,
,,,
,,,
,,,
,,,
,,,
,,,
,,,
,,,
,,,
,,,
,,,
,,,
,,,
,,,
,,,
,,,
,,,
,,,
,,,
,,,
,,,
,,,
,,,
,,,
,,,
,,,
,,,
,,,
,,,
,,,
,,,
,,,
,,,
,,,
,,,
,,,
,,,
,,,
,,,
,,,
,,,
,,,
,,,
,,,
,,,
,,,
,,,
,,,
,,,
,,,
,,,
,,,
,,,
,,,
,,,
,,,
,,,
,,,
,,,
,,,
,,,
,,,
,,,
,,,
,,,
,,,
,,,
,,,
,,,
,,,
,,,
,,,
,,,
,,,
,,,
,,,
,,,
,,,
,,,
,,,
,,,
,,,
,,,
,,,
,,,
,,,
,,,
,,,
,,,
,,,
,,,
,,,
,,,
,,,
,,,
,,,
,,,
,,,
,,,
,,,
,,,
,,,
,,,
,,,
,,,
,,,
,,,
,,,
,,,
,,,
,,,
,,,
,,,
,,,
,,,
,,,
,,,
,,,
,,,
,,,
,,,
,,,
,,,
,,,
,,,
,,,
,,,
,,,
,,,
,,,
,,,
,,,
,,,
,,,
,,,
,,,
,,,
,,,
,,,
,,,
,,,
,,,
,,,
,,,
,,,
,,,
,,,
,,,
,,,
,,,
,,,
,,,
,,,
,,,
,,,
,,,
,,,
,,,
,,,
,,,
,,,
,,,
,,,
,,,
,,,
,,,
,,,
,,,
,,,
,,,
,,,
,,,
,,,
,,,
,,,
,,,
,,,
,,,
,,,
,,,
,,,
,,,
,,,
,,,
,,,
,,,
,,,
,,,
,,,
,,,
,,,
,,,
,,,
,,,
,,,
,,,
,,,
,,,
,,,
,,,
,,,
,,,
,,,
,,,
,,,
,,,
,,,
,,,
,,,
,,,
,,,
,,,
,,,
,,,
,,,
,,,
,,,
,,,
,,,
,,,
,,,
,,,
,,,
,,,
,,,
,,,
,,,
,,,
,,,
,,,
,,,
,,,
,,,
,,,
,,,
,,,
,,,
,,,
,,,
,,,
,,,
,,,
,,,
,,,
,,,
,,,
,,,
,,,
,,,
,,,
,,,
,,,
,,,
,,,
,,,
,,,
,,,
,,,
,,,
,,,
,,,
,,,
,,,
,,,
,,,
,,,
,,,
,,,
,,,
,,,
,,,
,,,
,,,
,,,
,,,
,,,
,,,
,,,
,,,
,,,
,,,
,,,
,,,
,,,
,,,
,,,
,,,
,,,
,,,
,,,
,,,
,,,
,,,
,,,
,,,
,,,
,,,
,,,
,,,
,,,
,,,
,,,
,,,
,,,
,,,
,,,
,,,
,,,
,,,
,,,
,,,
,,,
,,,
,,,
,,,
,,,
,,,
,,,
,,,
,,,
,,,
,,,
,,,
,,,
,,,
,,,
,,,
,,,
,,,
,,,
,,,
,,,
,,,
,,,
,,,
,,,
,,,
,,,
,,,
,,,
,,,
,,,
,,,
,,,
,,,
,,,
,,,
,,,
,,,
,,,
,,,
,,,
,,,
,,,
,,,
,,,
,,,
,,,
,,,
,,,
,,,
,,,
,,,
,,,
,,,
,,,
,,,
,,,
,,,
,,,
,,,
,,,
,,,
,,,
,,,
,,,
,,,
,,,
,,,
,,,
,,,
,,,
,,,
,,,
,,,
,,,
,,,
,,,
,,,
,,,
,,,
,,,
,,,
,,,
,,,
,,,
,,,
,,,
,,,
,,,
,,,
,,,
,,,
,,,
,,,
,,,
,,,
,,,
,,,
,,,
,,,
,,,
,,,
,,,
,,,
,,,
,,,
,,,
,,,
,,,
,,,
,,,
,,,
,,,
,,,
,,,
,,,
,,,
,,,
,,,
,,,
,,,
,,,
,,,
,,,
,,,
,,,
,,,
,,,
,,,
,,,
,,,
,,,
,,,
,,,
,,,
,,,
,,,
,,,
,,,
,,,
,,,
,,,
,,,
,,,
,,,
,,,
,,,
,,,
,,,
,,,
,,,
,,,
,,,
,,,
,,,
,,,
,,,
,,,
,,,
,,,
,,,
,,,
,,,
,,,
,,,
,,,
,,,
,,,
,,,
,,,
,,,
,,,
,,,
,,,
,,,
,,,
,,,
,,,
,,,
,,,
,,,
,,,
,,,
,,,
,,,
,,,
,,,
,,,
,,,
,,,
,,,
,,,
,,,
,,,
,,,
,,,
,,,
,,,
,,,
,,,
,,,
,,,
,,,
,,,
,,,
,,,
,,,
,,,
,,,
,,,
,,,
,,,
,,,
,,,
,,,
,,,
,,,
,,,
,,,
,,,
,,,
,,,
,,,
,,,
,,,
,,,
,,,
,,,
,,,
,,,
,,,
,,,
,,,
,,,
,,,
,,,
,,,
,,,
,,,
,,,
,,,
,,,
,,,
,,,
,,,
,,,
,,,
,,,
,,,
,,,
,,,
,,,
,,,
,,,
,,,
,,,
,,,
,,,
,,,
,,,
,,,
,,,
,,,
,,,
,,,
,,,
,,,
,,,
,,,
,,,
,,,
,,,
,,,
,,,
,,,
,,,
,,,
,,,
,,,
,,,
,,,
,,,
,,,
,,,
,,,
,,,
,,,
,,,
,,,
,,,
,,,
,,,
,,,
,,,
,,,
,,,
,,,
,,,
,,,
,,,
,,,
,,,
,,,
,,,
,,,
,,,
,,,
,,,
,,,
,,,
,,,
,,,
,,,
,,,
,,,
,,,
,,,
,,,
,,,
,,,
,,,
,,,
,,,
,,,
,,,
,,,
,,,
,,,
,,,
,,,
,,,
,,,
,,,
,,,
,,,
,,,
,,,
,,,
,,,
,,,
,,,
,,,
,,,
,,,
,,,
,,,
,,,
,,,
,,,
,,,
,,,
,,,
,,,
,,,
,,,
,,,
,,,
,,,
,,,
,,,
,,,
,,,
,,,
,,,
,,,
,,,
,,,
,,,
,,,
,,,
,,,
,,,
,,,
,,,
,,,
,,,
,,,
,,,
,,,
,,,
,,,
,,,
,,,
,,,
,,,
,,,
,,,
,,,
,,,
,,,
,,,
,,,
,,,
,,,
,,,
,,,
,,,
,,,
,,,
,,,
,,,
,,,
,,,
,,,
,,,
,,,
,,,
,,,
,,,
,,,
,,,
,,,
,,,
,,,
,,,
,,,
,,,
,,,
,,,
,,,
,,,
,,,
,,,
,,,
,,,
,,,
,,,
,,,
,,,
,,,
,,,
,,,
,,,
,,,
,,,
,,,
,,,
,,,
,,,
,,,
,,,
,,,
,,,
,,,
,,,
,,,
,,,
,,,
,,,
,,,
,,,
,,,
,,,
,,,
,,,
,,,
,,,
,,,
,,,
,,,
,,,
,,,
,,,
,,,
,,,
,,,
,,,
,,,
,,,
,,,
,,,
,,,
,,,
,,,
,,,
,,,
,,,
,,,
,,,
,,,
,,,
,,,
,,,
,,,
,,,
,,,
,,,
,,,
,,,
,,,
,,,
,,,
,,,
,,,
,,,
,,,
,,,
,,,
,,,
,,,
,,,
,,,
,,,
,,,
,,,
,,,
,,,
,,,
,,,
,,,
,,,
,,,
,,,
,,,
,,,
,,,
,,,
,,,
,,,
,,,
,,,
,,,
,,,
,,,
,,,
,,,
,,,
,,,
,,,
,,,
,,,
,,,
,,,
,,,
,,,
,,,
,,,
,,,
,,,
,,,
,,,
,,,
,,,
,,,
,,,
,,,
,,,
,,,
,,,
,,,
,,,
,,,
,,,
,,,
,,,
,,,
,,,
,,,
,,,
,,,
,,,
,,,
,,,
,,,
,,,
,,,
,,,
,,,
,,,
,,,
,,,
,,,
,,,
,,,
,,,
,,,
,,,
,,,
,,,
,,,
,,,
,,,
,,,
,,,
,,,
,,,
,,,
,,,
,,,
,,,
,,,
,,,
,,,
,,,
,,,
,,,
,,,
,,,
,,,
,,,
,,,
,,,
,,,
,,,
,,,
,,,
,,,
,,,
,,,
,,,
,,,
,,,
,,,
,,,
,,,
,,,
,,,
,,,
,,,
,,,
,,,
,,,
,,,
,,,
,,,
,,,
,,,
,,,
,,,
,,,
,,,
,,,
,,,
,,,
,,,
,,,
,,,
,,,
,,,
,,,
,,,
,,,
,,,
,,,
,,,
,,,
,,,
,,,
,,,
,,,
,,,
,,,
,,,
,,,
,,,
,,,
,,,
,,,
,,,
,,,
,,,
,,,
,,,
,,,
,,,
,,,
,,,
,,,
,,,
,,,
,,,
,,,
,,,
,,,
,,,
,,,
,,,
,,,
,,,
,,,
,,,
,,,
,,,
,,,
,,,
,,,
,,,
,,,
,,,
,,,
,,,
,,,
,,,
,,,
,,,
,,,
,,,
,,,
,,,
,,,
,,,
,,,
,,,
,,,
,,,
,,,
,,,
,,,
,,,
,,,
,,,
,,,
,,,
,,,
,,,
,,,
,,,
,,,
,,,
,,,
,,,
,,,
,,,
,,,
,,,
,,,
,,,
,,,
,,,
,,,
,,,
,,,
,,,
,,,
,,,
,,,
,,,
,,,
,,,
,,,
,,,
,,,
,,,
,,,
,,,
,,,
,,,
,,,
,,,
,,,
,,,
,,,
,,,
,,,
,,,
,,,
,,,
,,,
,,,
,,,
,,,
,,,
,,,
,,,
,,,
,,,
,,,
,,,
,,,
,,,
,,,
,,,
,,,
,,,
,,,
,,,
,,,
,,,
,,,
,,,
,,,
,,,
,,,
,,,
,,,
,,,
,,,
,,,
,,,
,,,
,,,
,,,
,,,
,,,
,,,
,,,
,,,
,,,
,,,
,,,
,,,
,,,
,,,
,,,
,,,
,,,
,,,
,,,
,,,
,,,
,,,
,,,
,,,
,,,
,,,
,,,
,,,
,,,
,,,
,,,
,,,
,,,
,,,
,,,
,,,
,,,
,,,
,,,
,,,
,,,
,,,
,,,
,,,
,,,
,,,
,,,
,,,
,,,
,,,
,,,
,,,
,,,
,,,
,,,
,,,
,,,
,,,
,,,
,,,
,,,
,,,
,,,
,,,
,,,
,,,
,,,
,,,
,,,
,,,
,,,
,,,
,,,
,,,
,,,
,,,
,,,
,,,
,,,
,,,
,,,
,,,
,,,
,,,
,,,
,,,
,,,
,,,
,,,
,,,
,,,
,,,
,,,
,,,
,,,
,,,
,,,
,,,
,,,
,,,
,,,
,,,
,,,
,,,
,,,
,,,
,,,
,,,
,,,
,,,
,,,
,,,
,,,
,,,
,,,
,,,
,,,
,,,
,,,
,,,
,,,
,,,
,,,
,,,
,,,
,,,
,,,
,,,
,,,
,,,
,,,
,,,
,,,
,,,
,,,
,,,
,,,
,,,
,,,
,,,
,,,
,,,
,,,
,,,
,,,
,,,
,,,
,,,
,,,
,,,
,,,
,,,
,,,
,,,
,,,
,,,
,,,
,,,
,,,
,,,
,,,
,,,
,,,
,,,
,,,
,,,
,,,
,,,
,,,
,,,
,,,
,,,
,,,
,,,
,,,
,,,
,,,
,,,
,,,
,,,
,,,
,,,
,,,
,,,
,,,
,,,
,,,
,,,
,,,
,,,
,,,
,,,
,,,
,,,
,,,
,,,
,,,
,,,
,,,
,,,
,,,
,,,
,,,
,,,
,,,
,,,
,,,
,,,
,,,
,,,
,,,
,,,
,,,
,,,
,,,
,,,
,,,
,,,
,,,
,,,
,,,
,,,
,,,
,,,
,,,
,,,
,,,
,,,
,,,
,,,
,,,
,,,
,,,
,,,
,,,
,,,
,,,
,,,
,,,
,,,
,,,
,,,
,,,
,,,
,,,
,,,
,,,
,,,
,,,
,,,
,,,
,,,
,,,
,,,
,,,
,,,
,,,
,,,
,,,
,,,
,,,
,,,
,,,
,,,
,,,
,,,
,,,
,,,
,,,
,,,
,,,
,,,
,,,
,,,
,,,
,,,
,,,
,,,
,,,
,,,
,,,
,,,
,,,
,,,
,,,
,,,
,,,
,,,
,,,
,,,
,,,
,,,
,,,
,,,
,,,
,,,
,,,
,,,
,,,
,,,
,,,
,,,
,,,
,,,
,,,
,,,
,,,
,,,
,,,
,,,
,,,
,,,
,,,
,,,
,,,
,,,
,,,
,,,
,,,
,,,
,,,
,,,
,,,
,,,
,,,
,,,
,,,
,,,
,,,
,,,
,,,
,,,
,,,
,,,
,,,
,,,
,,,
,,,
,,,
,,,
,,,
,,,
,,,
,,,
,,,
,,,
,,,
,,,
,,,
,,,
,,,
,,,
,,,
,,,
,,,
,,,
,,,
,,,
,,,
,,,
,,,
,,,
,,,
,,,
,,,
,,,
,,,
,,,
,,,
,,,
,,,
,,,
,,,
,,,
,,,
,,,
,,,
,,,
,,,
,,,
,,,
,,,
,,,
,,,
,,,
,,,
,,,
,,,
,,,
,,,
,,,
,,,
,,,
,,,
,,,
,,,
,,,
,,,
,,,
,,,
,,,
,,,
,,,
,,,
,,,
,,,
,,,
,,,
,,,
,,,
,,,
,,,
,,,
,,,
,,,
,,,
,,,
,,,
,,,
,,,
,,,
,,,
,,,
,,,
,,,
,,,
,,,
,,,
,,,
,,,
,,,
,,,
,,,
,,,
,,,
,,,
,,,
,,,
,,,
,,,
,,,
,,,
,,,
,,,
,,,
,,,
,,,
,,,
,,,
,,,
,,,
,,,
,,,
,,,
,,,
,,,
,,,
,,,
,,,
,,,
,,,
,,,
,,,
,,,
,,,
,,,
,,,
,,,
,,,
,,,
,,,
,,,
,,,
,,,
,,,
,,,
,,,
,,,
,,,
,,,
,,,
,,,
,,,
,,,
,,,
,,,
,,,
,,,
,,,
,,,
,,,
,,,
,,,
,,,
,,,
,,,
,,,
,,,
,,,
,,,
,,,
,,,
,,,
,,,
,,,
,,,
,,,
,,,
,,,
,,,
,,,
,,,
,,,
,,,
,,,
,,,
,,,
,,,
,,,
,,,
,,,
,,,
,,,
,,,
,,,
,,,
,,,
,,,
,,,
,,,
,,,
,,,
,,,
,,,
,,,
,,,
,,,
,,,
,,,
,,,
,,,
,,,
,,,
,,,
,,,
,,,
,,,
,,,
,,,
,,,
,,,
,,,
,,,
,,,
,,,
,,,
,,,
,,,
,,,
,,,
,,,
,,,
,,,
,,,
,,,
,,,
,,,
,,,
,,,
,,,
,,,
,,,
,,,
,,,
,,,
,,,
,,,
,,,
,,,
,,,
,,,
,,,
,,,
,,,
,,,
,,,
,,,
,,,
,,,
,,,
,,,
,,,
,,,
,,,
,,,
,,,
,,,
,,,
,,,
,,,
,,,
,,,
,,,
,,,
,,,
,,,
,,,
,,,
,,,
,,,
,,,
,,,
,,,
,,,
,,,
,,,
,,,
,,,
,,,
,,,
,,,
,,,
,,,
,,,
,,,
,,,
,,,
,,,
,,,
,,,
,,,
,,,
,,,
,,,
,,,
,,,
,,,
,,,
,,,
,,,
,,,
,,,
,,,
,,,
,,,
,,,
,,,
,,,
,,,
,,,
,,,
,,,
,,,
,,,
,,,
,,,
,,,
,,,
,,,
,,,
,,,
,,,
,,,
,,,
,,,
,,,
,,,
,,,
,,,
,,,
,,,
,,,
,,,
,,,
,,,
,,,
,,,
,,,
,,,
,,,
,,,
,,,
,,,
,,,
,,,
,,,
,,,
,,,
,,,
,,,
,,,
,,,
,,,
,,,
,,,
,,,
,,,
,,,
,,,
,,,
,,,
,,,
,,,
,,,
,,,
,,,
,,,
,,,
,,,
,,,
,,,
,,,
,,,
,,,
,,,
,,,
,,,
,,,
,,,
,,,
,,,
,,,
,,,
,,,
,,,
,,,
,,,
,,,
,,,
,,,
,,,
,,,
,,,
,,,
,,,
,,,
,,,
,,,
,,,
,,,
,,,
,,,
,,,
,,,
,,,
,,,
,,,
,,,
,,,
,,,
,,,
,,,
,,,
,,,
,,,
,,,
,,,
,,,
,,,
,,,
,,,
,,,
,,,
,,,
,,,
,,,
,,,
,,,
,,,
,,,
,,,
,,,
,,,
,,,
,,,
,,,
,,,
,,,
,,,
,,,
,,,
,,,
,,,
,,,
,,,
,,,
,,,
,,,
,,,
,,,
,,,
,,,
,,,
,,,
,,,
,,,
,,,
,,,
,,,
,,,
,,,
,,,
,,,
,,,
,,,
,,,
,,,
,,,
,,,
,,,
,,,
,,,
,,,
,,,
,,,
,,,
,,,
,,,
,,,
,,,
,,,
,,,
,,,
,,,
,,,
,,,
,,,
,,,
,,,
,,,
,,,
,,,
,,,
,,,
,,,
,,,
,,,
,,,
,,,
,,,
,,,
,,,
,,,
,,,
,,,
,,,
,,,
,,,
,,,
,,,
,,,
,,,
,,,
,,,
,,,
,,,
,,,
,,,
,,,
,,,
,,,
,,,
,,,
,,,
,,,
,,,
,,,
,,,
,,,
,,,
,,,
,,,
,,,
,,,
,,,
,,,
,,,
,,,
,,,
,,,
,,,
,,,
,,,
,,,
,,,
,,,
,,,
,,,
,,,
,,,
,,,
,,,
,,,
,,,
,,,
,,,
,,,
,,,
,,,
,,,
,,,
,,,
,,,
,,,
,,,
,,,
,,,
,,,
,,,
,,,
,,,
,,,
,,,
,,,
,,,
,,,
,,,
,,,
,,,
,,,
,,,
,,,
,,,
,,,
,,,
,,,
,,,
,,,
,,,
,,,
,,,
,,,
,,,
,,,
,,,
,,,
,,,
,,,
,,,
,,,
,,,
,,,
,,,
,,,
,,,
,,,
,,,
,,,
,,,
,,,
,,,
,,,
,,,
,,,
,,,
,,,
,,,
,,,
,,,
,,,
,,,
,,,
,,,
,,,
,,,
,,,
,,,
,,,
,,,
,,,
,,,
,,,
,,,
,,,
,,,
,,,
,,,
,,,
,,,
,,,
,,,
,,,
,,,
,,,
,,,
,,,
,,,
,,,
,,,
,,,
,,,
,,,
,,,
,,,
,,,
,,,
,,,
,,,
,,,
,,,
,,,
,,,
,,,
,,,
,,,
,,,
,,,
,,,
,,,
,,,
,,,
,,,
,,,
,,,
,,,
,,,
,,,
,,,
,,,
,,,
,,,
,,,
,,,
,,,
,,,
,,,
,,,
,,,
,,,
,,,
,,,
,,,
,,,
,,,
,,,
,,,
,,,
,,,
,,,
,,,
,,,
,,,
,,,
,,,
,,,
,,,
,,,
,,,
,,,
,,,
,,,
,,,
,,,
,,,
,,,
,,,
,,,
,,,
,,,
,,,
,,,
,,,
,,,
,,,
,,,
,,,
,,,
,,,
,,,
,,,
,,,
,,,
,,,
,,,
,,,
,,,
,,,
,,,
,,,
,,,
,,,
,,,
,,,
,,,
,,,
,,,
,,,
,,,
,,,
,,,
,,,
,,,
,,,
,,,
,,,
,,,
,,,
,,,
,,,
,,,
,,,
,,,
,,,
,,,
,,,
,,,
,,,
,,,
,,,
,,,
,,,
,,,
,,,
,,,
,,,
,,,
,,,
,,,
,,,
,,,
,,,
,,,
,,,
,,,
,,,
,,,
,,,
,,,
,,,
,,,
,,,
,,,
,,,
,,,
,,,
,,,
,,,
,,,
,,,
,,,
,,,
,,,
,,,
,,,
,,,
,,,
,,,
,,,
,,,
,,,
,,,
,,,
,,,
,,,
,,,
,,,
,,,
,,,
,,,
,,,
,,,
,,,
,,,
,,,
,,,
,,,
,,,
,,,
,,,
,,,
,,,
,,,
,,,
,,,
,,,
,,,
,,,
,,,
,,,
,,,
,,,
,,,
,,,
,,,
,,,
,,,
,,,
,,,
,,,
,,,
,,,
,,,
,,,
,,,
,,,
,,,
,,,
,,,
,,,
,,,
,,,
,,,
,,,
,,,
,,,
,,,
,,,
,,,
,,,
,,,
,,,
,,,
,,,
,,,
,,,
,,,
,,,
,,,
,,,
,,,
,,,
,,,
,,,
,,,
,,,
,,,
,,,
,,,
,,,
,,,
,,,
,,,
,,,
,,,
,,,
,,,
,,,
,,,
,,,
,,,
,,,
,,,
,,,
,,,
,,,
,,,
,,,
,,,
,,,
,,,
,,,
,,,
,,,
,,,
,,,
,,,
,,,
,,,
,,,
,,,
,,,
,,,
,,,
,,,
,,,
,,,
,,,
,,,
,,,
,,,
,,,
,,,
,,,
,,,
,,,
,,,
,,,
,,,
,,,
,,,
,,,
,,,
,,,
,,,
,,,
,,,
,,,
,,,
,,,
,,,
,,,
,,,
,,,
,,,
,,,
,,,
,,,
,,,
,,,
,,,
,,,
,,,
,,,
,,,
,,,
,,,
,,,
,,,
,,,
,,,
,,,
,,,
,,,
,,,
,,,
,,,
,,,
,,,
,,,
,,,
,,,
,,,
,,,
,,,
,,,
,,,
,,,
,,,
,,,
,,,
,,,
,,,
,,,
,,,
,,,
,,,
,,,
,,,
,,,
,,,
,,,
,,,
,,,
,,,
,,,
,,,
,,,
,,,
,,,
,,,
,,,
,,,
,,,
,,,
,,,
,,,
,,,
,,,
,,,
,,,
,,,
,,,
,,,
,,,
,,,
,,,
,,,
,,,
,,,
,,,
,,,
,,,
,,,
,,,
,,,
,,,
,,,
,,,
,,,
,,,
,,,
,,,
,,,
,,,
,,,
,,,
,,,
,,,
,,,
,,,
,,,
,,,
,,,
,,,
,,,
,,,
,,,
,,,
,,,
,,,
,,,
,,,
,,,
,,,
,,,
,,,
,,,
,,,
,,,
,,,
,,,
,,,
,,,
,,,
,,,
,,,
,,,
,,,
,,,
,,,
,,,
,,,
,,,
,,,
,,,
,,,
,,,
,,,
,,,
,,,
,,,
,,,
,,,
,,,
,,,
,,,
,,,
,,,
,,,
,,,
,,,
,,,
,,,
,,,
,,,
,,,
,,,
,,,
,,,
,,,
,,,
,,,
,,,
,,,
,,,
,,,
,,,
,,,
,,,
,,,
,,,
,,,
,,,
,,,
,,,
,,,
,,,
,,,
,,,
,,,
,,,
,,,
,,,
,,,
,,,
,,,
,,,
,,,
,,,
,,,
,,,
,,,
,,,
,,,
,,,
,,,
,,,
,,,
,,,
,,,
,,,
,,,
,,,
,,,
,,,
,,,
,,,
,,,
,,,
,,,
,,,
,,,
,,,
,,,
,,,
,,,
,,,
,,,
,,,
,,,
,,,
,,,
,,,
,,,
,,,
,,,
,,,
,,,
,,,
,,,
,,,
,,,
,,,
,,,
,,,
,,,
,,,
,,,
,,,
,,,
,,,
,,,
,,,
,,,
,,,
,,,
,,,
,,,
,,,
,,,
,,,
,,,
,,,
,,,
,,,
,,,
,,,
,,,
,,,
,,,
,,,
,,,
,,,
,,,
,,,
,,,
,,,
,,,
,,,
,,,
,,,
,,,
,,,
,,,
,,,
,,,
,,,
,,,
,,,
,,,
,,,
,,,
,,,
,,,
,,,
,,,
,,,
,,,
,,,
,,,
,,,
,,,
,,,
,,,
,,,
,,,
,,,
,,,
,,,
,,,
,,,
,,,
,,,
,,,
,,,
,,,
,,,
,,,
,,,
,,,
,,,
,,,
,,,
,,,
,,,
,,,
,,,
,,,
,,,
,,,
,,,
,,,
,,,
,,,
,,,
,,,
,,,
,,,
,,,
,,,
,,,
,,,
,,,
,,,
,,,
,,,
,,,
,,,
,,,
,,,
,,,
,,,
,,,
,,,
,,,
,,,
,,,
,,,
,,,
,,,
,,,
,,,
,,,
,,,
,,,
,,,
,,,
,,,
,,,
,,,
,,,
,,,
,,,
,,,
,,,
,,,
,,,
,,,
,,,
,,,
,,,
,,,
,,,
,,,
,,,
,,,
,,,
,,,
,,,
,,,
,,,
,,,
,,,
,,,
,,,
,,,
,,,
,,,
,,,
,,,
,,,
,,,
,,,
,,,
,,,
,,,
,,,
,,,
,,,
,,,
,,,
,,,
,,,
,,,
,,,
,,,
,,,
,,,
,,,
,,,
,,,
,,,
,,,
,,,
,,,
,,,
,,,
,,,
,,,
,,,
,,,
,,,
,,,
,,,
,,,
,,,
,,,
,,,
,,,
,,,
,,,
,,,
,,,
,,,
,,,
,,,
,,,
,,,
,,,
,,,
,,,
,,,
,,,
,,,
,,,
,,,
,,,
,,,
,,,
,,,
,,,
,,,
,,,
,,,
,,,
,,,
,,,
,,,
,,,
,,,
,,,
,,,
,,,
,,,
,,,
,,,
,,,
,,,
,,,
,,,
,,,
,,,
,,,
,,,
,,,
,,,
,,,
,,,
,,,
,,,
,,,
,,,
,,,
,,,
,,,
,,,
,,,
,,,
,,,
,,,
,,,
,,,
,,,
,,,
,,,
,,,
,,,
,,,
,,,
,,,
,,,
,,,
,,,
,,,
,,,
,,,
,,,
,,,
,,,
,,,
,,,
,,,
,,,
,,,
,,,
,,,
,,,
,,,
,,,
,,,
,,,
,,,
,,,
,,,
,,,
,,,
,,,
,,,
,,,
,,,
,,,
,,,
,,,
,,,
,,,
,,,
,,,
,,,
,,,
,,,
,,,
,,,
,,,
,,,
,,,
,,,
,,,
,,,
,,,
,,,
,,,
,,,
,,,
,,,
,,,
,,,
,,,
,,,
,,,
,,,
,,,
,,,
,,,
,,,
,,,
,,,
,,,
,,,
,,,
,,,
,,,
,,,
,,,
,,,
,,,
,,,
,,,
,,,
,,,
,,,
,,,
,,,
,,,
,,,
,,,
,,,
,,,
,,,
,,,
,,,
,,,
,,,
,,,
,,,
,,,
,,,
,,,
,,,
,,,
,,,
,,,
,,,
,,,
,,,
,,,
,,,
,,,
,,,
,,,
,,,
,,,
,,,
,,,
,,,
,,,
,,,
,,,
,,,
,,,
,,,
,,,
,,,
,,,
,,,
,,,
,,,
,,,
,,,
,,,
,,,
,,,
,,,
,,,
,,,
,,,
,,,
,,,
,,,
,,,
,,,
,,,
,,,
,,,
,,,
,,,
,,,
,,,
,,,
,,,
,,,
,,,
,,,
,,,
,,,
,,,
,,,
,,,
,,,
,,,
,,,
,,,
,,,
,,,
,,,
,,,
,,,
,,,
,,,
,,,
,,,
,,,
,,,
,,,
,,,
,,,
,,,
,,,
,,,
,,,
,,,
,,,
,,,
,,,
,,,
,,,
,,,
,,,
,,,
,,,
,,,
,,,
,,,
,,,
,,,
,,,
,,,
,,,
,,,
,,,
,,,
,,,
,,,
,,,
,,,
,,,
,,,
,,,
,,,
,,,
,,,
,,,
,,,
,,,
,,,
,,,
,,,
,,,
,,,
,,,
,,,
,,,
,,,
,,,
,,,
,,,
,,,
,,,
,,,
,,,
,,,
,,,
,,,
,,,
,,,
,,,
,,,
,,,
,,,
,,,
,,,
,,,
,,,
,,,
,,,
,,,
,,,
,,,
,,,
,,,
,,,
,,,
,,,
,,,
,,,
,,,
,,,
,,,
,,,
,,,
,,,
,,,
,,,
,,,
,,,
,,,
,,,
,,,
,,,
,,,
,,,
,,,
,,,
,,,
,,,
,,,
,,,
,,,
,,,
,,,
,,,
,,,
,,,
,,,
,,,
,,,
,,,
,,,
,,,
,,,
,,,
,,,
,,,
,,,
,,,
,,,
,,,
,,,
,,,
,,,
,,,
,,,
,,,
,,,
,,,
,,,
,,,
,,,
,,,
,,,
,,,
,,,
,,,
,,,
,,,
,,,
,,,
,,,
,,,
,,,
,,,
,,,
,,,
,,,
,,,
,,,
,,,
,,,
,,,
,,,
,,,
,,,
,,,
,,,
,,,
,,,
,,,
,,,
,,,
,,,
,,,
,,,
,,,
,,,
,,,
,,,
,,,
,,,
,,,
,,,
,,,
,,,
,,,
,,,
,,,
,,,
,,,
,,,
,,,
,,,
,,,
,,,
,,,
,,,
,,,
,,,
,,,
,,,
,,,
,,,
,,,
,,,
,,,
,,,
,,,
,,,
,,,
,,,
,,,
,,,
,,,
,,,
,,,
,,,
,,,
,,,
,,,
,,,
,,,
,,,
,,,
,,,
,,,
,,,
,,,
,,,
,,,
,,,
,,,
,,,
,,,
,,,
,,,
,,,
,,,
,,,
,,,
,,,
,,,
,,,
,,,
,,,
,,,
,,,
,,,
,,,
,,,
,,,
,,,
,,,
,,,
,,,
,,,
,,,
,,,
,,,
,,,
,,,
,,,
,,,
,,,
,,,
,,,
,,,
,,,
,,,
,,,
,,,
,,,
,,,
,,,
,,,
,,,
,,,
,,,
,,,
,,,
,,,
,,,
,,,
,,,
,,,
,,,
,,,
,,,
,,,
,,,
,,,
,,,
,,,
,,,
,,,
,,,
,,,
,,,
,,,
,,,
,,,
,,,
,,,
,,,
,,,
,,,
,,,
,,,
,,,
,,,
,,,
,,,
,,,
,,,
,,,
,,,
,,,
,,,
,,,
,,,
,,,
,,,
,,,
,,,
,,,
,,,
,,,
,,,
,,,
,,,
,,,
,,,
,,,
,,,
,,,
,,,
,,,
,,,
,,,
,,,
,,,
,,,
,,,
,,,
,,,
,,,
,,,
,,,
,,,
,,,
,,,
,,,
,,,
,,,
,,,
,,,
,,,
,,,
,,,
,,,
,,,
,,,
,,,
,,,
,,,
,,,
,,,
,,,
,,,
,,,
,,,
,,,
,,,
,,,
,,,
,,,
,,,
,,,
,,,
,,,
,,,
,,,
,,,
,,,
,,,
,,,
,,,
,,,
,,,
,,,
,,,
,,,
,,,
,,,
,,,
,,,
,,,
,,,
,,,
,,,
,,,
,,,
,,,
,,,
,,,
,,,
,,,
,,,
,,,
,,,
,,,
,,,
,,,
,,,
,,,
,,,
,,,
,,,
,,,
,,,
,,,
,,,
,,,
,,,
,,,
,,,
,,,
,,,
,,,
,,,
,,,
,,,
,,,
,,,
,,,
,,,
,,,
,,,
,,,
,,,
,,,
,,,
,,,
,,,
,,,
,,,
,,,
,,,
,,,
,,,
,,,
,,,
,,,
,,,
,,,
,,,
,,,
,,,
,,,
,,,
,,,
,,,
,,,
,,,
,,,
,,,
,,,
,,,
,,,
,,,
,,,
,,,
,,,
,,,
,,,
,,,
,,,
,,,
,,,
,,,
,,,
,,,
,,,
,,,
,,,
,,,
,,,
,,,
,,,
,,,
,,,
,,,
,,,
,,,
,,,
,,,
,,,
,,,
,,,
,,,
,,,
,,,
,,,
,,,
,,,
,,,
,,,
,,,
,,,
,,,
,,,
,,,
,,,
,,,
,,,
,,,
,,,
,,,
,,,
,,,
,,,
,,,
,,,
,,,
,,,
,,,
,,,
,,,
,,,
,,,
,,,
,,,
,,,
,,,
,,,
,,,
,,,
,,,
,,,
,,,
,,,
,,,
,,,
,,,
,,,
,,,
,,,
,,,
,,,
,,,
,,,
,,,
,,,
,,,
,,,
,,,
,,,
,,,
,,,
,,,
,,,
,,,
,,,
,,,
,,,
,,,
,,,
,,,
,,,
,,,
,,,
,,,
,,,
,,,
,,,
,,,
,,,
,,,
,,,
,,,
,,,
,,,
,,,
,,,
,,,
,,,
,,,
,,,
,,,
,,,
,,,
,,,
,,,
,,,
,,,
,,,
,,,
,,,
,,,
,,,
,,,
,,,
,,,
,,,
,,,
,,,
,,,
,,,
,,,
,,,
,,,
,,,
,,,
,,,
,,,
,,,
,,,
,,,
,,,
,,,
,,,
,,,
,,,
,,,
,,,
,,,
,,,
,,,
,,,
,,,
,,,
,,,
,,,
,,,
,,,
,,,
,,,
,,,
,,,
,,,
,,,
,,,
,,,
,,,
,,,
,,,
,,,
,,,
,,,
,,,
,,,
,,,
,,,
,,,
,,,
,,,
,,,
,,,
,,,
,,,
,,,
,,,
,,,
,,,
,,,
,,,
,,,
,,,
,,,
,,,
,,,
,,,
,,,
,,,
,,,
,,,
,,,
,,,
,,,
,,,
,,,
,,,
,,,
,,,
,,,
,,,
,,,
,,,
,,,
,,,
,,,
,,,
,,,
,,,
,,,
,,,
,,,
,,,
,,,
,,,
,,,
,,,
,,,
,,,
,,,
,,,
,,,
,,,
,,,
,,,
,,,
,,,
,,,
,,,
,,,
,,,
,,,
,,,
,,,
,,,
,,,
,,,
,,,
,,,
,,,
,,,
,,,
,,,
,,,
,,,
,,,
,,,
,,,
,,,
,,,
,,,
,,,
,,,
,,,
,,,
,,,
,,,
,,,
,,,
,,,
,,,
,,,
,,,
,,,
,,,
,,,
,,,
,,,
,,,
,,,
,,,
,,,
,,,
,,,
,,,
,,,
,,,
,,,
,,,
,,,
,,,
,,,
,,,
,,,
,,,
,,,
,,,
,,,
,,,
,,,
,,,
,,,
,,,
,,,
,,,
,,,
,,,
,,,
,,,
,,,
,,,
,,,
,,,
,,,
,,,
,,,
,,,
,,,
,,,
,,,
,,,
,,,
,,,
,,,
,,,
,,,
,,,
,,,
,,,
,,,
,,,
,,,
,,,
,,,
,,,
,,,
,,,
,,,
,,,
,,,
,,,
,,,
,,,
,,,
,,,
,,,
,,,
,,,
,,,
,,,
,,,
,,,
,,,
,,,
,,,
,,,
,,,
,,,
,,,
,,,
,,,
,,,
,,,
,,,
,,,
,,,
,,,
,,,
,,,
,,,
,,,
,,,
,,,
,,,
,,,
,,,
,,,
,,,
,,,
,,,
,,,
,,,
,,,
,,,
,,,
,,,
,,,
,,,
,,,
,,,
,,,
,,,
,,,
,,,
,,,
,,,
,,,
,,,
,,,
,,,
,,,
,,,
,,,
,,,
,,,
,,,
,,,
,,,
,,,
,,,
,,,
,,,
,,,
,,,
,,,
,,,
,,,
,,,
,,,
,,,
,,,
,,,
,,,
,,,
,,,
,,,
,,,
,,,
,,,
,,,
,,,
,,,
,,,
,,,
,,,
,,,
,,,
,,,
,,,
,,,
,,,
,,,
,,,
,,,
,,,
,,,
,,,
,,,
,,,
,,,
,,,
,,,
,,,
,,,
,,,
,,,
,,,
,,,
,,,
,,,
,,,
,,,
,,,
,,,
,,,
,,,
,,,
,,,
,,,
,,,
,,,
,,,
,,,
,,,
,,,
,,,
,,,
,,,
,,,
,,,
,,,
,,,
,,,
,,,
,,,
,,,
,,,
,,,
,,,
,,,
,,,
,,,
,,,
,,,
,,,
,,,
,,,
,,,
,,,
,,,
,,,
,,,
,,,
,,,
,,,
,,,
,,,
,,,
,,,
,,,
,,,
,,,
,,,
,,,
,,,
,,,
,,,
,,,
,,,
,,,
,,,
,,,
,,,
,,,
,,,
,,,
,,,
,,,
,,,
,,,
,,,
,,,
,,,
,,,
,,,
,,,
,,,
,,,
,,,
,,,
,,,
,,,
,,,
,,,
,,,
,,,
,,,
,,,
,,,
,,,
,,,
,,,
,,,
,,,
,,,
,,,
,,,
,,,
,,,
,,,
,,,
,,,
,,,
,,,
,,,
,,,
,,,
,,,
,,,
,,,
,,,
,,,
,,,
,,,
,,,
,,,
,,,
,,,
,,,
,,,
,,,
,,,
,,,
,,,
,,,
,,,
,,,
,,,
,,,
,,,
,,,
,,,
,,,
,,,
,,,
,,,
,,,
,,,
,,,
,,,
,,,
,,,
,,,
,,,
,,,
,,,
,,,
,,,
,,,
,,,
,,,
,,,
,,,
,,,
,,,
,,,
,,,
,,,
,,,
,,,
,,,
,,,
,,,
,,,
,,,
,,,
,,,
,,,
,,,
,,,
,,,
,,,
,,,
,,,
,,,
,,,
,,,
,,,
,,,
,,,
,,,
,,,
,,,
,,,
,,,
,,,
,,,
,,,
,,,
,,,
,,,
,,,
,,,
,,,
,,,
,,,
,,,
,,,
,,,
,,,
,,,
,,,
,,,
,,,
,,,
,,,
,,,
,,,
,,,
,,,
,,,
,,,
,,,
,,,
,,,
,,,
,,,
,,,
,,,
,,,
,,,
,,,
,,,
,,,
,,,
,,,
,,,
,,,
,,,
,,,
,,,
,,,
,,,
,,,
,,,
,,,
,,,
,,,
,,,
,,,
,,,
,,,
,,,
,,,
,,,
,,,
,,,
,,,
,,,
,,,
,,,
,,,
,,,
,,,
,,,
,,,
,,,
,,,
,,,
,,,
,,,
,,,
,,,
,,,
,,,
,,,
,,,
,,,
,,,
,,,
,,,
,,,
,,,
,,,
,,,
,,,
,,,
,,,
,,,
,,,
,,,
,,,
,,,
,,,
,,,
,,,
,,,
,,,
,,,
,,,
,,,
,,,
,,,
,,,
,,,
,,,
,,,
,,,
,,,
,,,
,,,
,,,
,,,
,,,
,,,
,,,
,,,
,,,
,,,
,,,
,,,
,,,
,,,
,,,
,,,
,,,
,,,
,,,
,,,
,,,
,,,
,,,
,,,
,,,
,,,
,,,
,,,
,,,
,,,
,,,
,,,
,,,
,,,
,,,
,,,
,,,
,,,
,,,
,,,
,,,
,,,
,,,
,,,
,,,
,,,
,,,
,,,
,,,
,,,
,,,
,,,
,,,
,,,
,,,
,,,
,,,
,,,
,,,
,,,
,,,
,,,
,,,
,,,
,,,
,,,
,,,
,,,
,,,
,,,
,,,
,,,
,,,
,,,
,,,
,,,
,,,
,,,
,,,
,,,
,,,
,,,
,,,
,,,
,,,
,,,
,,,
,,,
,,,
,,,
,,,
,,,
,,,
,,,
,,,
,,,
,,,
,,,
,,,
,,,
,,,
,,,
,,,
,,,
,,,
,,,
,,,
,,,
,,,
,,,
,,,
,,,
,,,
,,,
,,,
,,,
,,,
,,,
,,,
,,,
,,,
,,,
,,,
,,,
,,,
,,,
,,,
,,,
,,,
,,,
,,,
,,,
,,,
,,,
,,,
,,,
,,,
,,,
,,,
,,,
,,,
,,,
,,,
,,,
,,,
,,,
,,,
,,,
,,,
,,,
,,,
,,,
,,,
,,,
,,,
,,,
,,,
,,,
,,,
,,,
,,,
,,,
,,,
,,,
,,,
,,,
,,,
,,,
,,,
,,,
,,,
,,,
,,,
,,,
,,,
,,,
,,,
,,,
,,,
,,,
,,,
,,,
,,,
,,,
,,,
,,,
,,,
,,,
,,,
,,,
,,,
,,,
,,,
,,,
,,,
,,,
,,,
,,,
,,,
,,,
,,,
,,,
,,,
,,,
,,,
,,,
,,,
,,,
,,,
,,,
,,,
,,,
,,,
,,,
,,,
,,,
,,,
,,,
,,,
,,,
,,,
,,,
,,,
,,,
,,,
,,,
,,,
,,,
,,,
,,,
,,,
,,,
,,,
,,,
,,,
,,,
,,,
,,,
,,,
,,,
,,,
,,,
,,,
,,,
,,,
,,,
,,,
,,,
,,,
,,,
,,,
,,,
,,,
,,,
,,,
,,,
,,,
,,,
,,,
,,,
,,,
,,,
,,,
,,,
,,,
,,,
,,,
,,,
,,,
,,,
,,,
,,,
,,,
,,,
,,,
,,,
,,,
,,,
,,,
,,,
,,,
,,,
,,,
,,,
,,,
,,,
,,,
,,,
,,,
,,,
,,,
,,,
,,,
,,,
,,,
,,,
,,,
,,,
,,,
,,,
,,,
,,,
,,,
,,,
,,,
,,,
,,,
,,,
,,,
,,,
,,,
,,,
,,,
,,,
,,,
,,,
,,,
,,,
,,,
,,,
,,,
,,,
,,,
,,,
,,,
,,,
,,,
,,,
,,,
,,,
,,,
,,,
,,,
,,,
,,,
,,,
,,,
,,,
,,,
,,,
,,,
,,,
,,,
,,,
,,,
,,,
,,,
,,,
,,,
,,,
,,,
,,,
,,,
,,,
,,,
,,,
,,,
,,,
,,,
,,,
,,,
,,,
,,,
,,,
,,,
,,,
,,,
,,,
,,,
,,,
,,,
,,,
,,,
,,,
,,,
,,,
,,,
,,,
,,,
,,,
,,,
,,,
,,,
,,,
,,,
,,,
,,,
,,,
,,,
,,,
,,,
,,,
,,,
,,,
,,,
,,,
,,,
,,,
,,,
,,,
,,,
,,,
,,,
,,,
,,,
,,,
,,,
,,,
,,,
,,,
,,,
,,,
,,,
,,,
,,,
,,,
,,,
,,,
,,,
,,,
,,,
,,,
,,,
,,,
,,,
,,,
,,,
,,,
,,,
,,,
,,,
,,,
,,,
,,,
,,,
,,,
,,,
,,,
,,,
,,,
,,,
,,,
,,,
,,,
,,,
,,,
,,,
,,,
,,,
,,,
,,,
,,,
,,,
,,,
,,,
,,,
,,,
,,,
,,,
,,,
,,,
,,,
,,,
,,,
,,,
,,,
,,,
,,,
,,,
,,,
,,,
,,,
,,,
,,,
,,,
,,,
,,,
,,,
,,,
,,,
,,,
,,,
,,,
,,,
,,,
,,,
,,,
,,,
,,,
,,,
,,,
,,,
,,,
,,,
,,,
,,,
,,,
,,,
,,,
,,,
,,,
,,,
,,,
,,,
,,,
,,,
,,,
,,,
,,,
,,,
,,,
,,,
,,,
,,,
,,,
,,,
,,,
,,,
,,,
,,,
,,,
,,,
,,,
,,,
,,,
,,,
,,,
,,,
,,,
,,,
,,,
,,,
,,,
,,,
,,,
,,,
,,,
,,,
,,,
,,,
,,,
,,,
,,,
,,,
,,,
,,,
,,,
,,,
,,,
,,,
,,,
,,,
,,,
,,,
,,,
,,,
,,,
,,,
,,,
,,,
,,,
,,,
,,,
,,,
,,,
,,,
,,,
,,,
,,,
,,,
,,,
,,,
,,,
,,,
,,,
,,,
,,,
,,,
,,,
,,,
,,,
,,,
,,,
,,,
,,,
,,,
,,,
,,,
,,,
,,,
,,,
,,,
,,,
,,,
,,,
,,,
,,,
,,,
,,,
,,,
,,,
,,,
,,,
,,,
,,,
,,,
,,,
,,,
,,,
,,,
,,,
,,,
,,,
,,,
,,,
,,,
,,,
,,,
,,,
,,,
,,,
,,,
,,,
,,,
,,,
,,,
,,,
,,,
,,,
,,,
,,,
,,,
,,,
,,,
,,,
,,,
,,,
,,,
,,,
,,,
,,,
,,,
,,,
,,,
,,,
,,,
,,,
,,,
,,,
,,,
,,,
,,,
,,,
,,,
,,,
,,,
,,,
,,,
,,,
,,,
,,,
,,,
,,,
,,,
,,,
,,,
,,,
,,,
,,,
,,,
,,,
,,,
,,,
,,,
,,,
,,,
,,,
,,,
,,,
,,,
,,,
,,,
,,,
,,,
,,,
,,,
,,,
,,,
,,,
,,,
,,,
,,,
,,,
,,,
,,,
,,,
,,,
,,,
,,,
,,,
,,,
,,,
,,,
,,,
,,,
,,,
,,,
,,,
,,,
,,,
,,,
,,,
,,,
,,,
,,,
,,,
,,,
,,,
,,,
,,,
,,,
,,,
,,,
,,,
,,,
,,,
,,,
,,,
,,,
,,,
,,,
,,,
,,,
,,,
,,,
,,,
,,,
,,,
,,,
,,,
,,,
,,,
,,,
,,,
,,,
,,,
,,,
,,,
,,,
,,,
,,,
,,,
,,,
,,,
,,,
,,,
,,,
,,,
,,,
,,,
,,,
,,,
,,,
,,,
,,,
,,,
,,,
,,,
,,,
,,,
,,,
,,,
,,,
,,,
,,,
,,,
,,,
,,,
,,,
,,,
,,,
,,,
,,,
,,,
,,,
,,,
,,,
,,,
,,,
,,,
,,,
,,,
,,,
,,,
,,,
,,,
,,,
,,,
,,,
,,,
,,,
,,,
,,,
,,,
,,,
,,,
,,,
,,,
,,,
